picked,ID,agencyName,agencyType,state,recent_population,zeroCount,dnrCount,reportCount,2010q1,2010q2,2010q3,2010q4,2011q1,2011q2,2011q3,2011q4,2012q1,2012q2,2012q3,2012q4,2013q1,2013q2,2013q3,2013q4,2014q1,2014q2,2014q3,2014q4,2015q1,2015q2,2015q3,2015q4,2016q1,2016q2,2016q3,2016q4
,1,Seven Springs,Cities,PENNSYLVANIA,99,4,24,0,0,0,0,0,DNR,DNR,DNR,DNR,DNR,DNR,DNR,DNR,DNR,DNR,DNR,DNR,DNR,DNR,DNR,DNR,DNR,DNR,DNR,DNR,DNR,DNR,DNR,DNR
,2,Pawleys Island,Cities,South Carolina,108,4,24,0,DNR,DNR,DNR,DNR,DNR,DNR,DNR,DNR,DNR,DNR,DNR,DNR,DNR,DNR,DNR,DNR,DNR,DNR,DNR,DNR,DNR,DNR,DNR,DNR,0,0,0,0
,3,West Sullivan,Cities,Missouri,119,3,25,0,DNR,DNR,DNR,DNR,DNR,DNR,DNR,DNR,DNR,DNR,DNR,DNR,DNR,DNR,DNR,DNR,DNR,DNR,DNR,DNR,DNR,0,0,0,DNR,DNR,DNR,DNR
,4,Myrtlewood,Cities,ALABAMA,129,4,24,0,0,0,0,0,DNR,DNR,DNR,DNR,DNR,DNR,DNR,DNR,DNR,DNR,DNR,DNR,DNR,DNR,DNR,DNR,DNR,DNR,DNR,DNR,DNR,DNR,DNR,DNR
,5,Put-in-Bay,Cities,Ohio,136,3,25,0,DNR,DNR,DNR,DNR,DNR,DNR,DNR,DNR,DNR,DNR,DNR,DNR,DNR,DNR,DNR,DNR,DNR,DNR,DNR,DNR,DNR,DNR,DNR,DNR,DNR,0,0,0
,6,Cuney,Cities,Texas,141,4,24,0,DNR,DNR,DNR,DNR,DNR,DNR,DNR,DNR,DNR,DNR,DNR,DNR,DNR,DNR,DNR,DNR,DNR,DNR,DNR,DNR,DNR,DNR,DNR,DNR,0,0,0,0
,7,Belmore,Cities,Ohio,142,3,25,0,DNR,DNR,DNR,DNR,DNR,DNR,DNR,DNR,DNR,DNR,0,DNR,0,0,DNR,DNR,DNR,DNR,DNR,DNR,DNR,DNR,DNR,DNR,DNR,DNR,DNR,DNR
,8,Homestown,Cities,MISSOURI,164,4,24,0,0,0,0,0,DNR,DNR,DNR,DNR,DNR,DNR,DNR,DNR,DNR,DNR,DNR,DNR,DNR,DNR,DNR,DNR,DNR,DNR,DNR,DNR,DNR,DNR,DNR,DNR
1,9,Gilboa,Cities,OHIO,183,3,25,0,DNR,0,DNR,DNR,DNR,DNR,DNR,0,DNR,DNR,DNR,0,DNR,DNR,DNR,DNR,DNR,DNR,DNR,DNR,DNR,DNR,DNR,DNR,DNR,DNR,DNR,DNR
,10,Index,Cities,Washington,198,4,24,0,DNR,DNR,DNR,DNR,DNR,DNR,DNR,DNR,DNR,DNR,DNR,DNR,DNR,DNR,DNR,DNR,DNR,DNR,DNR,DNR,DNR,DNR,DNR,DNR,0,0,0,0
,11,Coffee City,Cities,TEXAS,208,4,24,0,0,0,0,0,DNR,DNR,DNR,DNR,DNR,DNR,DNR,DNR,DNR,DNR,DNR,DNR,DNR,DNR,DNR,DNR,DNR,DNR,DNR,DNR,DNR,DNR,DNR,DNR
,12,Donnellson,Cities,Illinois,211,4,24,0,DNR,DNR,DNR,DNR,0,0,0,0,DNR,DNR,DNR,DNR,DNR,DNR,DNR,DNR,DNR,DNR,DNR,DNR,DNR,DNR,DNR,DNR,DNR,DNR,DNR,DNR
,13,Caney City,Cities,Texas,218,4,24,0,DNR,DNR,DNR,DNR,DNR,DNR,DNR,DNR,DNR,DNR,DNR,DNR,DNR,DNR,DNR,DNR,DNR,DNR,DNR,DNR,DNR,DNR,DNR,DNR,0,0,0,0
,14,Harvel,Cities,Illinois,224,4,24,0,DNR,DNR,DNR,DNR,0,0,0,0,DNR,DNR,DNR,DNR,DNR,DNR,DNR,DNR,DNR,DNR,DNR,DNR,DNR,DNR,DNR,DNR,DNR,DNR,DNR,DNR
,15,Curryville,Cities,Missouri,228,2,26,0,DNR,DNR,DNR,DNR,DNR,DNR,DNR,DNR,DNR,DNR,DNR,DNR,DNR,DNR,DNR,DNR,DNR,DNR,DNR,DNR,DNR,DNR,0,0,DNR,DNR,DNR,DNR
,16,Berkey,Cities,Ohio,237,2,26,0,DNR,DNR,DNR,DNR,0,DNR,DNR,0,DNR,DNR,DNR,DNR,DNR,DNR,DNR,DNR,DNR,DNR,DNR,DNR,DNR,DNR,DNR,DNR,DNR,DNR,DNR,DNR
,17,Gantt,Cities,ALABAMA,239,4,24,0,0,0,0,0,DNR,DNR,DNR,DNR,DNR,DNR,DNR,DNR,DNR,DNR,DNR,DNR,DNR,DNR,DNR,DNR,DNR,DNR,DNR,DNR,DNR,DNR,DNR,DNR
1,18,Sweet Water,Cities,Alabama,248,4,24,0,DNR,DNR,DNR,DNR,DNR,DNR,DNR,DNR,DNR,DNR,DNR,DNR,0,0,0,0,DNR,DNR,DNR,DNR,DNR,DNR,DNR,DNR,DNR,DNR,DNR,DNR
,19,"Foster Township, Schuylkill",Cities,Pennsylvania,250,3,25,0,DNR,DNR,DNR,DNR,DNR,DNR,DNR,DNR,0,0,0,DNR,DNR,DNR,DNR,DNR,DNR,DNR,DNR,DNR,DNR,DNR,DNR,DNR,DNR,DNR,DNR,DNR
,20,Theodosia,Cities,MISSOURI,251,4,24,0,0,0,0,0,DNR,DNR,DNR,DNR,DNR,DNR,DNR,DNR,DNR,DNR,DNR,DNR,DNR,DNR,DNR,DNR,DNR,DNR,DNR,DNR,DNR,DNR,DNR,DNR
,21,"Foster Township, Schuylkill County",Cities,Pennsylvania,253,7,21,0,DNR,DNR,DNR,DNR,DNR,DNR,DNR,DNR,DNR,DNR,DNR,DNR,0,0,0,0,DNR,DNR,DNR,DNR,0,0,0,DNR,DNR,DNR,DNR,DNR
,22,Big Cabin,Cities,Oklahoma,261,4,24,0,DNR,DNR,DNR,DNR,DNR,DNR,DNR,DNR,DNR,DNR,DNR,DNR,DNR,DNR,DNR,DNR,DNR,DNR,DNR,DNR,DNR,DNR,DNR,DNR,0,0,0,0
,23,Iaeger,Cities,West Virginia,270,1,27,0,DNR,DNR,DNR,DNR,DNR,DNR,DNR,DNR,DNR,DNR,DNR,DNR,DNR,DNR,DNR,DNR,DNR,DNR,DNR,DNR,DNR,DNR,DNR,DNR,DNR,DNR,0,DNR
,24,Repton,Cities,Alabama,270,4,24,0,DNR,DNR,DNR,DNR,DNR,DNR,DNR,DNR,DNR,DNR,DNR,DNR,DNR,DNR,DNR,DNR,DNR,DNR,DNR,DNR,0,0,0,0,DNR,DNR,DNR,DNR
,25,Wardensville,Cities,WEST VIRGINIA,271,6,22,0,0,0,DNR,DNR,0,0,0,0,DNR,DNR,DNR,DNR,DNR,DNR,DNR,DNR,DNR,DNR,DNR,DNR,DNR,DNR,DNR,DNR,DNR,DNR,DNR,DNR
,26,Vinita Terrace,Cities,Missouri,278,4,24,0,DNR,DNR,DNR,DNR,DNR,DNR,DNR,DNR,DNR,DNR,DNR,DNR,DNR,DNR,DNR,DNR,DNR,DNR,DNR,DNR,DNR,DNR,0,0,DNR,DNR,0,0
,27,Dunfermline,Cities,Illinois,301,2,26,0,DNR,DNR,DNR,DNR,DNR,0,0,DNR,DNR,DNR,DNR,DNR,DNR,DNR,DNR,DNR,DNR,DNR,DNR,DNR,DNR,DNR,DNR,DNR,DNR,DNR,DNR,DNR
1,28,Wilmot,Cities,OHIO,304,6,22,0,0,0,0,0,DNR,DNR,DNR,DNR,DNR,DNR,0,DNR,DNR,0,DNR,DNR,DNR,DNR,DNR,DNR,DNR,DNR,DNR,DNR,DNR,DNR,DNR,DNR
,29,Watts,Cities,Oklahoma,308,4,24,0,DNR,DNR,DNR,DNR,DNR,DNR,DNR,DNR,DNR,DNR,DNR,DNR,DNR,DNR,DNR,DNR,DNR,DNR,DNR,DNR,DNR,DNR,DNR,DNR,0,0,0,0
,30,Wyatt,Cities,Missouri,315,2,26,0,DNR,DNR,DNR,DNR,DNR,DNR,DNR,DNR,DNR,DNR,DNR,DNR,DNR,DNR,DNR,DNR,DNR,DNR,DNR,DNR,DNR,DNR,0,0,DNR,DNR,DNR,DNR
,31,McCausland,Cities,Iowa,316,4,24,0,DNR,DNR,DNR,DNR,DNR,DNR,DNR,DNR,DNR,DNR,DNR,DNR,DNR,DNR,DNR,DNR,DNR,DNR,DNR,DNR,DNR,DNR,DNR,DNR,0,0,0,0
,32,Arley,Cities,ALABAMA,320,4,24,0,0,0,0,0,DNR,DNR,DNR,DNR,DNR,DNR,DNR,DNR,DNR,DNR,DNR,DNR,DNR,DNR,DNR,DNR,DNR,DNR,DNR,DNR,DNR,DNR,DNR,DNR
,33,Fort Supply,Cities,Oklahoma,334,4,24,0,DNR,DNR,DNR,DNR,0,0,0,0,DNR,DNR,DNR,DNR,DNR,DNR,DNR,DNR,DNR,DNR,DNR,DNR,DNR,DNR,DNR,DNR,DNR,DNR,DNR,DNR
,34,Lynnville,Cities,TENNESSEE,335,4,24,0,0,0,0,0,DNR,DNR,DNR,DNR,DNR,DNR,DNR,DNR,DNR,DNR,DNR,DNR,DNR,DNR,DNR,DNR,DNR,DNR,DNR,DNR,DNR,DNR,DNR,DNR
,35,Keysville,Cities,GEORGIA,336,6,22,0,0,0,0,0,0,0,DNR,DNR,DNR,DNR,DNR,DNR,DNR,DNR,DNR,DNR,DNR,DNR,DNR,DNR,DNR,DNR,DNR,DNR,DNR,DNR,DNR,DNR
,36,Coffeeville,Cities,ALABAMA,340,4,24,0,0,0,0,0,DNR,DNR,DNR,DNR,DNR,DNR,DNR,DNR,DNR,DNR,DNR,DNR,DNR,DNR,DNR,DNR,DNR,DNR,DNR,DNR,DNR,DNR,DNR,DNR
,37,Chauncey,Cities,Georgia,347,1,27,0,DNR,DNR,DNR,DNR,DNR,0,DNR,DNR,DNR,DNR,DNR,DNR,DNR,DNR,DNR,DNR,DNR,DNR,DNR,DNR,DNR,DNR,DNR,DNR,DNR,DNR,DNR,DNR
,38,Sale City,Cities,Georgia,350,4,24,0,DNR,DNR,DNR,DNR,DNR,DNR,DNR,DNR,DNR,DNR,DNR,DNR,DNR,DNR,DNR,DNR,DNR,DNR,DNR,DNR,DNR,DNR,DNR,DNR,0,0,0,0
,39,Capon Bridge,Cities,West Virginia,351,7,21,0,DNR,DNR,DNR,DNR,DNR,0,0,0,0,0,0,0,DNR,DNR,DNR,DNR,DNR,DNR,DNR,DNR,DNR,DNR,DNR,DNR,DNR,DNR,DNR,DNR
,40,Mowrystown,Cities,Ohio,359,3,25,0,DNR,DNR,DNR,DNR,DNR,DNR,DNR,DNR,DNR,DNR,DNR,DNR,DNR,DNR,DNR,DNR,DNR,DNR,DNR,DNR,DNR,DNR,DNR,0,DNR,0,DNR,0
,41,Hobgood,Cities,NORTH CAROLINA,372,4,24,0,0,0,0,0,DNR,DNR,DNR,DNR,DNR,DNR,DNR,DNR,DNR,DNR,DNR,DNR,DNR,DNR,DNR,DNR,DNR,DNR,DNR,DNR,DNR,DNR,DNR,DNR
,42,Molena,Cities,GEORGIA,372,7,21,0,0,0,0,DNR,DNR,DNR,DNR,DNR,DNR,DNR,DNR,DNR,DNR,DNR,DNR,DNR,DNR,DNR,DNR,DNR,DNR,DNR,DNR,DNR,0,0,0,0
,43,Shorter,Cities,ALABAMA,372,4,24,0,0,0,0,0,DNR,DNR,DNR,DNR,DNR,DNR,DNR,DNR,DNR,DNR,DNR,DNR,DNR,DNR,DNR,DNR,DNR,DNR,DNR,DNR,DNR,DNR,DNR,DNR
,44,Kaw City,Cities,OKLAHOMA,375,4,24,0,0,0,0,0,DNR,DNR,DNR,DNR,DNR,DNR,DNR,DNR,DNR,DNR,DNR,DNR,DNR,DNR,DNR,DNR,DNR,DNR,DNR,DNR,DNR,DNR,DNR,DNR
,45,St. Louisville,Cities,Ohio,375,1,27,0,DNR,DNR,DNR,DNR,DNR,DNR,DNR,DNR,DNR,DNR,DNR,DNR,DNR,DNR,DNR,DNR,DNR,DNR,DNR,DNR,0,DNR,DNR,DNR,DNR,DNR,DNR,DNR
,46,Gagetown,Cities,Michigan,378,4,24,0,DNR,DNR,DNR,DNR,DNR,DNR,DNR,DNR,DNR,DNR,DNR,DNR,DNR,DNR,DNR,DNR,DNR,DNR,DNR,DNR,0,0,0,0,DNR,DNR,DNR,DNR
,47,Chamois,Cities,Missouri,385,1,27,0,DNR,DNR,DNR,DNR,DNR,DNR,DNR,DNR,DNR,DNR,DNR,DNR,DNR,DNR,DNR,DNR,DNR,DNR,DNR,DNR,DNR,0,DNR,DNR,DNR,DNR,DNR,DNR
,48,Bloxom,Cities,Virginia,388,7,21,0,DNR,DNR,DNR,DNR,DNR,DNR,DNR,DNR,DNR,DNR,0,0,0,0,0,0,0,DNR,DNR,DNR,DNR,DNR,DNR,DNR,DNR,DNR,DNR,DNR
,49,Newtonsville,Cities,Ohio,393,7,21,0,DNR,DNR,DNR,DNR,DNR,DNR,0,DNR,0,DNR,DNR,DNR,DNR,DNR,DNR,DNR,0,0,DNR,0,0,DNR,DNR,DNR,DNR,0,DNR,DNR
,50,Kendleton,Cities,Texas,395,4,24,0,DNR,DNR,DNR,DNR,DNR,DNR,DNR,DNR,DNR,DNR,DNR,DNR,DNR,DNR,DNR,DNR,DNR,DNR,DNR,DNR,DNR,DNR,DNR,DNR,0,0,0,0
,51,Weissport,Cities,PENNSYLVANIA,395,6,22,0,0,0,DNR,DNR,DNR,DNR,DNR,DNR,DNR,DNR,DNR,DNR,DNR,DNR,DNR,DNR,0,0,0,DNR,0,DNR,DNR,DNR,DNR,DNR,DNR,DNR
,52,Dozier,Cities,ALABAMA,398,3,25,0,0,0,0,DNR,DNR,DNR,DNR,DNR,DNR,DNR,DNR,DNR,DNR,DNR,DNR,DNR,DNR,DNR,DNR,DNR,DNR,DNR,DNR,DNR,DNR,DNR,DNR,DNR
,53,Napier Field,Cities,ALABAMA,398,4,24,0,0,0,0,0,DNR,DNR,DNR,DNR,DNR,DNR,DNR,DNR,DNR,DNR,DNR,DNR,DNR,DNR,DNR,DNR,DNR,DNR,DNR,DNR,DNR,DNR,DNR,DNR
,54,Colony,Cities,Kansas,399,4,24,0,DNR,DNR,DNR,DNR,DNR,DNR,DNR,DNR,DNR,0,DNR,DNR,DNR,0,0,DNR,DNR,DNR,0,DNR,DNR,DNR,DNR,DNR,DNR,DNR,DNR,DNR
,55,Stapleton,Cities,Georgia,399,2,26,0,DNR,DNR,DNR,DNR,DNR,DNR,DNR,DNR,DNR,DNR,DNR,DNR,DNR,DNR,DNR,DNR,DNR,DNR,DNR,DNR,DNR,DNR,DNR,DNR,0,0,DNR,DNR
,56,"Northeast, Bradford County",Cities,Pennsylvania,414,6,22,0,DNR,DNR,DNR,DNR,DNR,DNR,DNR,DNR,DNR,DNR,DNR,DNR,DNR,DNR,DNR,DNR,DNR,DNR,DNR,DNR,0,0,DNR,DNR,0,0,0,0
,57,Rocky Ridge,Cities,Ohio,414,2,26,0,DNR,DNR,DNR,DNR,DNR,0,DNR,DNR,DNR,DNR,DNR,DNR,DNR,0,DNR,DNR,DNR,DNR,DNR,DNR,DNR,DNR,DNR,DNR,DNR,DNR,DNR,DNR
,58,Rayland,Cities,Ohio,417,1,27,0,DNR,DNR,DNR,DNR,0,DNR,DNR,DNR,DNR,DNR,DNR,DNR,DNR,DNR,DNR,DNR,DNR,DNR,DNR,DNR,DNR,DNR,DNR,DNR,DNR,DNR,DNR,DNR
,59,West Logan,Cities,WEST VIRGINIA,425,5,23,0,0,0,0,0,0,DNR,DNR,DNR,DNR,DNR,DNR,DNR,DNR,DNR,DNR,DNR,DNR,DNR,DNR,DNR,DNR,DNR,DNR,DNR,DNR,DNR,DNR,DNR
,60,Pendergrass,Cities,Georgia,428,2,26,0,DNR,DNR,DNR,DNR,0,0,DNR,DNR,DNR,DNR,DNR,DNR,DNR,DNR,DNR,DNR,DNR,DNR,DNR,DNR,DNR,DNR,DNR,DNR,DNR,DNR,DNR,DNR
,61,Oakesdale,Cities,WASHINGTON,429,5,23,0,0,0,0,0,0,DNR,DNR,DNR,DNR,DNR,DNR,DNR,DNR,DNR,DNR,DNR,DNR,DNR,DNR,DNR,DNR,DNR,DNR,DNR,DNR,DNR,DNR,DNR
,62,Akeley,Cities,Minnesota,431,2,26,0,DNR,DNR,DNR,DNR,DNR,DNR,DNR,DNR,DNR,DNR,DNR,DNR,DNR,DNR,DNR,DNR,DNR,DNR,DNR,DNR,DNR,DNR,DNR,DNR,0,DNR,DNR,0
,63,Ropesville,Cities,TEXAS,443,6,22,0,0,0,0,0,0,0,DNR,DNR,DNR,DNR,DNR,DNR,DNR,DNR,DNR,DNR,DNR,DNR,DNR,DNR,DNR,DNR,DNR,DNR,DNR,DNR,DNR,DNR
,64,Senecaville,Cities,Ohio,443,1,27,0,DNR,DNR,DNR,DNR,DNR,DNR,DNR,DNR,DNR,DNR,DNR,DNR,DNR,DNR,DNR,DNR,DNR,DNR,DNR,DNR,DNR,DNR,DNR,DNR,DNR,DNR,0,DNR
,65,Fromberg,Cities,Montana,445,1,27,0,DNR,DNR,DNR,DNR,DNR,DNR,DNR,DNR,DNR,DNR,DNR,DNR,DNR,DNR,DNR,DNR,DNR,DNR,DNR,DNR,DNR,DNR,DNR,DNR,0,DNR,DNR,DNR
,66,Beallsville,Cities,Pennsylvania,447,6,22,0,DNR,DNR,DNR,DNR,DNR,DNR,DNR,DNR,0,DNR,DNR,DNR,0,0,0,0,DNR,DNR,DNR,DNR,DNR,DNR,DNR,DNR,0,DNR,DNR,DNR
,67,Pillager,Cities,Minnesota,450,2,26,0,DNR,DNR,DNR,DNR,DNR,DNR,DNR,DNR,DNR,DNR,DNR,DNR,DNR,DNR,DNR,DNR,DNR,DNR,DNR,DNR,DNR,DNR,DNR,DNR,DNR,0,DNR,0
,68,Hodge,Cities,Louisiana,462,4,24,0,DNR,DNR,DNR,DNR,DNR,DNR,DNR,DNR,DNR,DNR,DNR,DNR,0,0,DNR,0,DNR,DNR,0,DNR,DNR,DNR,DNR,DNR,DNR,DNR,DNR,DNR
,69,Scammon,Cities,Kansas,464,4,24,0,DNR,DNR,DNR,DNR,DNR,DNR,DNR,DNR,DNR,DNR,DNR,DNR,DNR,0,0,0,0,DNR,DNR,DNR,DNR,DNR,DNR,DNR,DNR,DNR,DNR,DNR
,70,Cawker City,Cities,Kansas,472,4,24,0,DNR,DNR,DNR,DNR,0,0,0,0,DNR,DNR,DNR,DNR,DNR,DNR,DNR,DNR,DNR,DNR,DNR,DNR,DNR,DNR,DNR,DNR,DNR,DNR,DNR,DNR
,71,Idaho City,Cities,Idaho,472,4,24,0,DNR,DNR,DNR,DNR,DNR,DNR,DNR,DNR,DNR,DNR,DNR,DNR,DNR,DNR,DNR,DNR,DNR,DNR,DNR,DNR,DNR,DNR,DNR,DNR,0,0,0,0
,72,Silas,Cities,ALABAMA,472,4,24,0,0,0,0,0,DNR,DNR,DNR,DNR,DNR,DNR,DNR,DNR,DNR,DNR,DNR,DNR,DNR,DNR,DNR,DNR,DNR,DNR,DNR,DNR,DNR,DNR,DNR,DNR
1,73,Coolville,Cities,OHIO,488,7,21,0,DNR,0,DNR,0,0,0,0,DNR,0,DNR,DNR,DNR,DNR,0,DNR,DNR,DNR,DNR,DNR,DNR,DNR,DNR,DNR,DNR,DNR,DNR,DNR,DNR
,74,Ranburne,Cities,ALABAMA,488,4,24,0,0,0,0,0,DNR,DNR,DNR,DNR,DNR,DNR,DNR,DNR,DNR,DNR,DNR,DNR,DNR,DNR,DNR,DNR,DNR,DNR,DNR,DNR,DNR,DNR,DNR,DNR
,75,Mentone,Cities,ALABAMA,492,4,24,0,0,0,0,0,DNR,DNR,DNR,DNR,DNR,DNR,DNR,DNR,DNR,DNR,DNR,DNR,DNR,DNR,DNR,DNR,DNR,DNR,DNR,DNR,DNR,DNR,DNR,DNR
,76,Roxie,Cities,Mississippi,492,3,25,0,DNR,DNR,DNR,DNR,0,DNR,DNR,DNR,DNR,DNR,0,0,DNR,DNR,DNR,DNR,DNR,DNR,DNR,DNR,DNR,DNR,DNR,DNR,DNR,DNR,DNR,DNR
,77,Green Ridge,Cities,Missouri,493,7,21,0,DNR,DNR,DNR,DNR,DNR,DNR,DNR,DNR,DNR,DNR,DNR,DNR,DNR,DNR,DNR,DNR,DNR,DNR,DNR,DNR,DNR,0,0,0,0,0,0,0
,78,Clayhatchee,Cities,ALABAMA,496,4,24,0,0,0,0,0,DNR,DNR,DNR,DNR,DNR,DNR,DNR,DNR,DNR,DNR,DNR,DNR,DNR,DNR,DNR,DNR,DNR,DNR,DNR,DNR,DNR,DNR,DNR,DNR
,79,Norfork,Cities,Arkansas,497,4,24,0,DNR,DNR,DNR,DNR,DNR,DNR,DNR,DNR,DNR,DNR,DNR,DNR,DNR,DNR,DNR,DNR,DNR,DNR,DNR,DNR,DNR,DNR,DNR,DNR,0,0,0,0
,80,Sorento,Cities,Illinois,499,4,24,0,DNR,DNR,DNR,DNR,0,0,0,0,DNR,DNR,DNR,DNR,DNR,DNR,DNR,DNR,DNR,DNR,DNR,DNR,DNR,DNR,DNR,DNR,DNR,DNR,DNR,DNR
,81,Pineview,Cities,GEORGIA,502,1,27,0,0,DNR,DNR,DNR,DNR,DNR,DNR,DNR,DNR,DNR,DNR,DNR,DNR,DNR,DNR,DNR,DNR,DNR,DNR,DNR,DNR,DNR,DNR,DNR,DNR,DNR,DNR,DNR
,82,Sacred Heart,Cities,Minnesota,512,5,23,0,DNR,DNR,DNR,DNR,DNR,DNR,DNR,DNR,DNR,DNR,DNR,DNR,DNR,DNR,DNR,DNR,DNR,DNR,DNR,DNR,0,0,0,0,0,DNR,DNR,DNR
,83,West Elizabeth,Cities,PENNSYLVANIA,519,4,24,0,0,0,0,0,DNR,DNR,DNR,DNR,DNR,DNR,DNR,DNR,DNR,DNR,DNR,DNR,DNR,DNR,DNR,DNR,DNR,DNR,DNR,DNR,DNR,DNR,DNR,DNR
,84,Laurelville,Cities,Ohio,520,3,25,0,DNR,DNR,DNR,DNR,DNR,DNR,DNR,DNR,DNR,DNR,DNR,DNR,DNR,DNR,DNR,DNR,0,0,DNR,0,DNR,DNR,DNR,DNR,DNR,DNR,DNR,DNR
,85,Protection,Cities,Kansas,521,1,26,1,DNR,DNR,DNR,DNR,DNR,DNR,DNR,DNR,DNR,DNR,DNR,DNR,DNR,DNR,1,0,DNR,DNR,DNR,DNR,DNR,DNR,DNR,DNR,DNR,DNR,DNR,DNR
,86,Highland Lake,Cities,ALABAMA,522,4,24,0,0,0,0,0,DNR,DNR,DNR,DNR,DNR,DNR,DNR,DNR,DNR,DNR,DNR,DNR,DNR,DNR,DNR,DNR,DNR,DNR,DNR,DNR,DNR,DNR,DNR,DNR
,87,Galien,Cities,Michigan,529,4,24,0,DNR,DNR,DNR,DNR,DNR,DNR,DNR,DNR,DNR,DNR,DNR,DNR,DNR,DNR,DNR,DNR,DNR,DNR,DNR,DNR,DNR,DNR,DNR,DNR,0,0,0,0
,88,Kirkersville,Cities,Ohio,529,5,23,0,DNR,DNR,DNR,DNR,DNR,DNR,DNR,DNR,0,0,DNR,0,0,0,DNR,DNR,DNR,DNR,DNR,DNR,DNR,DNR,DNR,DNR,DNR,DNR,DNR,DNR
,89,Fries,Cities,VIRGINIA,537,4,24,0,0,0,0,0,DNR,DNR,DNR,DNR,DNR,DNR,DNR,DNR,DNR,DNR,DNR,DNR,DNR,DNR,DNR,DNR,DNR,DNR,DNR,DNR,DNR,DNR,DNR,DNR
,90,St. Florian,Cities,ALABAMA,538,4,24,0,0,0,0,0,DNR,DNR,DNR,DNR,DNR,DNR,DNR,DNR,DNR,DNR,DNR,DNR,DNR,DNR,DNR,DNR,DNR,DNR,DNR,DNR,DNR,DNR,DNR,DNR
,91,Stillmore,Cities,Georgia,539,1,27,0,DNR,DNR,DNR,DNR,DNR,DNR,0,DNR,DNR,DNR,DNR,DNR,DNR,DNR,DNR,DNR,DNR,DNR,DNR,DNR,DNR,DNR,DNR,DNR,DNR,DNR,DNR,DNR
,92,Ramona,Cities,Oklahoma,544,4,24,0,DNR,DNR,DNR,DNR,DNR,DNR,DNR,DNR,0,0,0,0,DNR,DNR,DNR,DNR,DNR,DNR,DNR,DNR,DNR,DNR,DNR,DNR,DNR,DNR,DNR,DNR
,93,Colman,Cities,SOUTH DAKOTA,546,2,26,0,0,0,DNR,DNR,DNR,DNR,DNR,DNR,DNR,DNR,DNR,DNR,DNR,DNR,DNR,DNR,DNR,DNR,DNR,DNR,DNR,DNR,DNR,DNR,DNR,DNR,DNR,DNR
,94,Red Level,Cities,ALABAMA,549,4,24,0,0,0,0,0,DNR,DNR,DNR,DNR,DNR,DNR,DNR,DNR,DNR,DNR,DNR,DNR,DNR,DNR,DNR,DNR,DNR,DNR,DNR,DNR,DNR,DNR,DNR,DNR
,95,Sipsey,Cities,ALABAMA,550,4,24,0,0,0,0,0,DNR,DNR,DNR,DNR,DNR,DNR,DNR,DNR,DNR,DNR,DNR,DNR,DNR,DNR,DNR,DNR,DNR,DNR,DNR,DNR,DNR,DNR,DNR,DNR
,96,Buchtel,Cities,Ohio,554,6,22,0,DNR,DNR,DNR,DNR,0,DNR,DNR,DNR,DNR,0,DNR,DNR,DNR,DNR,0,DNR,DNR,DNR,0,DNR,DNR,0,0,DNR,DNR,DNR,DNR,DNR
,97,Potter Township,Cities,PENNSYLVANIA,554,4,24,0,0,0,0,0,DNR,DNR,DNR,DNR,DNR,DNR,DNR,DNR,DNR,DNR,DNR,DNR,DNR,DNR,DNR,DNR,DNR,DNR,DNR,DNR,DNR,DNR,DNR,DNR
,98,Hammondville,Cities,ALABAMA,556,4,24,0,0,0,0,0,DNR,DNR,DNR,DNR,DNR,DNR,DNR,DNR,DNR,DNR,DNR,DNR,DNR,DNR,DNR,DNR,DNR,DNR,DNR,DNR,DNR,DNR,DNR,DNR
,99,Corsica,Cities,SOUTH DAKOTA,559,4,24,0,0,0,0,0,DNR,DNR,DNR,DNR,DNR,DNR,DNR,DNR,DNR,DNR,DNR,DNR,DNR,DNR,DNR,DNR,DNR,DNR,DNR,DNR,DNR,DNR,DNR,DNR
,100,Nelson Township,Cities,PENNSYLVANIA,567,4,24,0,0,0,0,0,DNR,DNR,DNR,DNR,DNR,DNR,DNR,DNR,DNR,DNR,DNR,DNR,DNR,DNR,DNR,DNR,DNR,DNR,DNR,DNR,DNR,DNR,DNR,DNR
,101,Bedford Park,Cities,Illinois,584,3,25,0,DNR,DNR,DNR,DNR,DNR,DNR,DNR,DNR,0,0,0,DNR,DNR,DNR,DNR,DNR,DNR,DNR,DNR,DNR,DNR,DNR,DNR,DNR,DNR,DNR,DNR,DNR
,102,Rowlesburg,Cities,West Virginia,585,4,24,0,DNR,DNR,DNR,DNR,0,0,0,0,DNR,DNR,DNR,DNR,DNR,DNR,DNR,DNR,DNR,DNR,DNR,DNR,DNR,DNR,DNR,DNR,DNR,DNR,DNR,DNR
,103,Millry,Cities,ALABAMA,588,4,24,0,0,0,0,0,DNR,DNR,DNR,DNR,DNR,DNR,DNR,DNR,DNR,DNR,DNR,DNR,DNR,DNR,DNR,DNR,DNR,DNR,DNR,DNR,DNR,DNR,DNR,DNR
,104,Uvalda,Cities,GEORGIA,590,5,23,0,0,DNR,DNR,DNR,DNR,DNR,DNR,DNR,0,0,0,DNR,0,DNR,DNR,DNR,DNR,DNR,DNR,DNR,DNR,DNR,DNR,DNR,DNR,DNR,DNR,DNR
,105,Webbers Falls,Cities,Oklahoma,597,6,22,0,DNR,DNR,DNR,DNR,DNR,DNR,DNR,DNR,DNR,DNR,DNR,DNR,DNR,DNR,DNR,DNR,DNR,DNR,DNR,DNR,DNR,DNR,0,0,0,0,0,0
,106,Encinal,Cities,Texas,599,4,24,0,DNR,DNR,DNR,DNR,DNR,DNR,DNR,DNR,DNR,DNR,DNR,DNR,DNR,DNR,DNR,DNR,DNR,DNR,DNR,DNR,DNR,DNR,DNR,DNR,0,0,0,0
,107,Grand Tower,Cities,ILLINOIS,607,2,26,0,DNR,DNR,DNR,0,0,DNR,DNR,DNR,DNR,DNR,DNR,DNR,DNR,DNR,DNR,DNR,DNR,DNR,DNR,DNR,DNR,DNR,DNR,DNR,DNR,DNR,DNR,DNR
,108,Gauley Bridge,Cities,West Virginia,609,4,24,0,DNR,DNR,DNR,DNR,DNR,DNR,DNR,DNR,DNR,DNR,DNR,DNR,0,0,0,0,DNR,DNR,DNR,DNR,DNR,DNR,DNR,DNR,DNR,DNR,DNR,DNR
,109,Breitung Township,Cities,Minnesota,610,4,24,0,DNR,DNR,DNR,DNR,DNR,DNR,DNR,DNR,DNR,DNR,DNR,DNR,DNR,DNR,DNR,DNR,DNR,DNR,DNR,DNR,0,0,0,0,DNR,DNR,DNR,DNR
,110,Condon,Cities,OREGON,610,4,24,0,0,0,0,0,DNR,DNR,DNR,DNR,DNR,DNR,DNR,DNR,DNR,DNR,DNR,DNR,DNR,DNR,DNR,DNR,DNR,DNR,DNR,DNR,DNR,DNR,DNR,DNR
,111,Risingsun,Cities,Ohio,615,5,23,0,DNR,DNR,DNR,DNR,DNR,DNR,DNR,DNR,DNR,0,0,0,DNR,0,0,DNR,DNR,DNR,DNR,DNR,DNR,DNR,DNR,DNR,DNR,DNR,DNR,DNR
,112,Valleyview,Cities,Ohio,629,1,27,0,DNR,DNR,DNR,DNR,DNR,DNR,DNR,DNR,DNR,DNR,DNR,DNR,DNR,DNR,DNR,0,DNR,DNR,DNR,DNR,DNR,DNR,DNR,DNR,DNR,DNR,DNR,DNR
,113,Vader,Cities,Washington,632,4,24,0,DNR,DNR,DNR,DNR,DNR,DNR,DNR,DNR,0,0,0,0,DNR,DNR,DNR,DNR,DNR,DNR,DNR,DNR,DNR,DNR,DNR,DNR,DNR,DNR,DNR,DNR
,114,Ridgeley,Cities,West Virginia,637,7,21,0,DNR,DNR,DNR,DNR,DNR,DNR,DNR,DNR,0,0,0,0,DNR,DNR,DNR,DNR,DNR,DNR,DNR,DNR,DNR,DNR,DNR,DNR,DNR,0,0,0
,115,Pe Ell,Cities,Washington,642,7,21,0,DNR,DNR,DNR,DNR,0,0,0,DNR,0,0,0,0,DNR,DNR,DNR,DNR,DNR,DNR,DNR,DNR,DNR,DNR,DNR,DNR,DNR,DNR,DNR,DNR
,116,Russia,Cities,Ohio,649,3,25,0,DNR,DNR,DNR,DNR,DNR,DNR,DNR,DNR,DNR,DNR,0,0,0,DNR,DNR,DNR,DNR,DNR,DNR,DNR,DNR,DNR,DNR,DNR,DNR,DNR,DNR,DNR
,117,Myton,Cities,Utah,653,1,27,0,DNR,DNR,DNR,DNR,DNR,DNR,DNR,DNR,DNR,DNR,DNR,DNR,DNR,DNR,DNR,DNR,DNR,DNR,DNR,DNR,DNR,DNR,DNR,DNR,DNR,DNR,DNR,0
,118,Minnesota Lake,Cities,Minnesota,654,3,25,0,DNR,DNR,DNR,DNR,DNR,DNR,DNR,DNR,DNR,DNR,DNR,DNR,DNR,DNR,DNR,DNR,DNR,DNR,DNR,DNR,DNR,DNR,DNR,DNR,DNR,0,0,0
,119,Clarks Hill,Cities,Indiana,656,4,24,0,DNR,DNR,DNR,DNR,DNR,DNR,DNR,DNR,DNR,DNR,DNR,DNR,DNR,DNR,DNR,DNR,0,0,0,0,DNR,DNR,DNR,DNR,DNR,DNR,DNR,DNR
,120,Hoyt,Cities,Kansas,660,3,25,0,DNR,DNR,DNR,DNR,DNR,DNR,DNR,DNR,DNR,DNR,DNR,DNR,DNR,DNR,DNR,DNR,DNR,DNR,DNR,DNR,0,0,0,DNR,DNR,DNR,DNR,DNR
,121,Yates City,Cities,Illinois,666,6,22,0,DNR,DNR,DNR,DNR,DNR,DNR,DNR,DNR,DNR,DNR,DNR,DNR,DNR,DNR,DNR,DNR,DNR,DNR,DNR,DNR,0,0,0,0,0,0,DNR,DNR
,122,Valley Head,Cities,ALABAMA,667,4,24,0,0,0,0,0,DNR,DNR,DNR,DNR,DNR,DNR,DNR,DNR,DNR,DNR,DNR,DNR,DNR,DNR,DNR,DNR,DNR,DNR,DNR,DNR,DNR,DNR,DNR,DNR
,123,Berlin Heights,Cities,Ohio,690,6,22,0,DNR,DNR,DNR,DNR,0,DNR,DNR,DNR,DNR,0,DNR,DNR,0,0,DNR,DNR,DNR,DNR,DNR,0,0,DNR,DNR,DNR,DNR,DNR,DNR,DNR
,124,Pisgah,Cities,ALABAMA,693,4,24,0,0,0,0,0,DNR,DNR,DNR,DNR,DNR,DNR,DNR,DNR,DNR,DNR,DNR,DNR,DNR,DNR,DNR,DNR,DNR,DNR,DNR,DNR,DNR,DNR,DNR,DNR
,125,Wild Rose,Cities,Wisconsin,694,4,24,0,DNR,DNR,DNR,DNR,DNR,DNR,DNR,DNR,DNR,DNR,DNR,DNR,DNR,DNR,DNR,DNR,DNR,DNR,DNR,DNR,DNR,DNR,DNR,DNR,0,0,0,0
,126,Bloomdale,Cities,Ohio,695,4,24,0,DNR,DNR,DNR,DNR,DNR,DNR,DNR,DNR,DNR,DNR,DNR,DNR,DNR,DNR,DNR,DNR,DNR,DNR,DNR,DNR,DNR,DNR,0,DNR,DNR,0,0,0
,127,South New Castle,Cities,PENNSYLVANIA,705,6,22,0,0,0,0,0,0,DNR,DNR,DNR,0,DNR,DNR,DNR,DNR,DNR,DNR,DNR,DNR,DNR,DNR,DNR,DNR,DNR,DNR,DNR,DNR,DNR,DNR,DNR
,128,Maplesville,Cities,ALABAMA,706,4,24,0,0,0,0,0,DNR,DNR,DNR,DNR,DNR,DNR,DNR,DNR,DNR,DNR,DNR,DNR,DNR,DNR,DNR,DNR,DNR,DNR,DNR,DNR,DNR,DNR,DNR,DNR
,129,Collbran,Cities,Colorado,707,6,22,0,DNR,DNR,DNR,DNR,DNR,DNR,DNR,DNR,DNR,DNR,DNR,DNR,DNR,DNR,DNR,DNR,0,DNR,DNR,0,0,0,0,0,DNR,DNR,DNR,DNR
1,130,Weir,Cities,KANSAS,707,3,25,0,0,0,0,DNR,DNR,DNR,DNR,DNR,DNR,DNR,DNR,DNR,DNR,DNR,DNR,DNR,DNR,DNR,DNR,DNR,DNR,DNR,DNR,DNR,DNR,DNR,DNR,DNR
,131,Hunting Valley,Cities,Ohio,710,1,27,0,DNR,DNR,DNR,DNR,DNR,DNR,DNR,DNR,DNR,DNR,DNR,DNR,DNR,DNR,DNR,0,DNR,DNR,DNR,DNR,DNR,DNR,DNR,DNR,DNR,DNR,DNR,DNR
,132,Bergholz,Cities,OHIO,713,2,26,0,DNR,0,0,DNR,DNR,DNR,DNR,DNR,DNR,DNR,DNR,DNR,DNR,DNR,DNR,DNR,DNR,DNR,DNR,DNR,DNR,DNR,DNR,DNR,DNR,DNR,DNR,DNR
,133,Silverhill,Cities,ALABAMA,719,4,24,0,0,0,0,0,DNR,DNR,DNR,DNR,DNR,DNR,DNR,DNR,DNR,DNR,DNR,DNR,DNR,DNR,DNR,DNR,DNR,DNR,DNR,DNR,DNR,DNR,DNR,DNR
,134,Tangier,Cities,Virginia,726,6,22,0,DNR,DNR,DNR,DNR,DNR,DNR,DNR,DNR,DNR,DNR,DNR,DNR,DNR,DNR,DNR,DNR,DNR,DNR,DNR,DNR,0,0,0,0,0,0,DNR,DNR
,135,Ider,Cities,ALABAMA,733,4,24,0,0,0,0,0,DNR,DNR,DNR,DNR,DNR,DNR,DNR,DNR,DNR,DNR,DNR,DNR,DNR,DNR,DNR,DNR,DNR,DNR,DNR,DNR,DNR,DNR,DNR,DNR
,136,Vaiden,Cities,MISSISSIPPI,737,3,25,0,DNR,DNR,0,0,0,DNR,DNR,DNR,DNR,DNR,DNR,DNR,DNR,DNR,DNR,DNR,DNR,DNR,DNR,DNR,DNR,DNR,DNR,DNR,DNR,DNR,DNR,DNR
,137,Confluence,Cities,Pennsylvania,743,7,21,0,DNR,DNR,DNR,DNR,DNR,DNR,DNR,DNR,DNR,DNR,DNR,DNR,0,0,0,DNR,0,0,DNR,DNR,0,DNR,DNR,DNR,0,DNR,DNR,DNR
,138,Ariton,Cities,ALABAMA,750,4,24,0,0,0,0,0,DNR,DNR,DNR,DNR,DNR,DNR,DNR,DNR,DNR,DNR,DNR,DNR,DNR,DNR,DNR,DNR,DNR,DNR,DNR,DNR,DNR,DNR,DNR,DNR
,139,Midvale,Cities,UTAH,752,2,26,0,DNR,0,DNR,DNR,DNR,DNR,DNR,DNR,DNR,0,DNR,DNR,DNR,DNR,DNR,DNR,DNR,DNR,DNR,DNR,DNR,DNR,DNR,DNR,DNR,DNR,DNR,DNR
,140,Tickfaw,Cities,Louisiana,754,6,22,0,DNR,DNR,DNR,DNR,DNR,DNR,DNR,DNR,DNR,DNR,DNR,DNR,DNR,DNR,DNR,DNR,DNR,DNR,DNR,DNR,0,0,0,0,0,DNR,0,DNR
,141,Section,Cities,ALABAMA,757,4,24,0,0,0,0,0,DNR,DNR,DNR,DNR,DNR,DNR,DNR,DNR,DNR,DNR,DNR,DNR,DNR,DNR,DNR,DNR,DNR,DNR,DNR,DNR,DNR,DNR,DNR,DNR
,142,Brownton,Cities,Minnesota,762,2,26,0,DNR,DNR,DNR,DNR,DNR,DNR,DNR,DNR,0,0,DNR,DNR,DNR,DNR,DNR,DNR,DNR,DNR,DNR,DNR,DNR,DNR,DNR,DNR,DNR,DNR,DNR,DNR
1,143,West Concord,Cities,Minnesota,772,1,27,0,DNR,DNR,DNR,DNR,DNR,DNR,DNR,DNR,DNR,DNR,DNR,DNR,DNR,DNR,DNR,DNR,DNR,DNR,DNR,DNR,DNR,DNR,DNR,DNR,DNR,DNR,DNR,0
,144,Jacksons Gap,Cities,ALABAMA,773,4,24,0,0,0,0,0,DNR,DNR,DNR,DNR,DNR,DNR,DNR,DNR,DNR,DNR,DNR,DNR,DNR,DNR,DNR,DNR,DNR,DNR,DNR,DNR,DNR,DNR,DNR,DNR
,145,Escalante,Cities,Utah,774,3,25,0,DNR,DNR,DNR,DNR,DNR,DNR,DNR,DNR,DNR,DNR,DNR,DNR,DNR,DNR,DNR,DNR,DNR,0,0,0,DNR,DNR,DNR,DNR,DNR,DNR,DNR,DNR
,146,Walthill,Cities,Nebraska,776,2,26,0,DNR,DNR,DNR,DNR,DNR,DNR,DNR,DNR,DNR,DNR,DNR,DNR,DNR,DNR,DNR,DNR,DNR,DNR,DNR,DNR,DNR,DNR,DNR,DNR,DNR,DNR,0,0
,147,Diamond City,Cities,ARKANSAS,781,5,23,0,0,DNR,DNR,DNR,DNR,DNR,DNR,DNR,DNR,DNR,DNR,DNR,DNR,DNR,DNR,DNR,DNR,DNR,DNR,DNR,DNR,DNR,DNR,DNR,0,0,0,0
,148,Lamberton,Cities,Minnesota,785,6,22,0,DNR,DNR,DNR,DNR,DNR,DNR,DNR,DNR,DNR,DNR,DNR,DNR,DNR,DNR,DNR,DNR,DNR,DNR,DNR,DNR,0,0,0,0,0,DNR,DNR,0
,149,North Courtland,Cities,ALABAMA,805,4,24,0,0,0,0,0,DNR,DNR,DNR,DNR,DNR,DNR,DNR,DNR,DNR,DNR,DNR,DNR,DNR,DNR,DNR,DNR,DNR,DNR,DNR,DNR,DNR,DNR,DNR,DNR
,150,Pineland,Cities,Texas,805,4,24,0,DNR,DNR,DNR,DNR,DNR,DNR,DNR,DNR,DNR,DNR,DNR,DNR,DNR,DNR,DNR,DNR,DNR,DNR,DNR,DNR,DNR,DNR,DNR,DNR,0,0,0,0
1,151,North Randall,Cities,OHIO,813,2,26,0,0,0,DNR,DNR,DNR,DNR,DNR,DNR,DNR,DNR,DNR,DNR,DNR,DNR,DNR,DNR,DNR,DNR,DNR,DNR,DNR,DNR,DNR,DNR,DNR,DNR,DNR,DNR
,152,Long Grove,Cities,Iowa,825,2,26,0,DNR,DNR,DNR,DNR,DNR,DNR,DNR,DNR,DNR,DNR,DNR,DNR,DNR,0,0,DNR,DNR,DNR,DNR,DNR,DNR,DNR,DNR,DNR,DNR,DNR,DNR,DNR
,153,Notasulga,Cities,ALABAMA,825,4,24,0,0,0,0,0,DNR,DNR,DNR,DNR,DNR,DNR,DNR,DNR,DNR,DNR,DNR,DNR,DNR,DNR,DNR,DNR,DNR,DNR,DNR,DNR,DNR,DNR,DNR,DNR
,154,Epps,Cities,Louisiana,834,6,22,0,DNR,DNR,DNR,DNR,DNR,DNR,DNR,DNR,DNR,DNR,DNR,DNR,0,DNR,DNR,DNR,DNR,DNR,DNR,DNR,0,0,0,0,DNR,DNR,DNR,0
,155,West Siloam Springs,Cities,Oklahoma,839,4,24,0,DNR,DNR,DNR,DNR,DNR,DNR,DNR,DNR,DNR,DNR,DNR,DNR,DNR,DNR,DNR,DNR,DNR,DNR,DNR,DNR,DNR,DNR,DNR,DNR,0,0,0,0
,156,West Siloam,Cities,Oklahoma,842,4,24,0,DNR,DNR,DNR,DNR,DNR,DNR,DNR,DNR,DNR,DNR,DNR,DNR,DNR,DNR,DNR,DNR,DNR,DNR,DNR,DNR,0,0,0,0,DNR,DNR,DNR,DNR
,157,New Site,Cities,ALABAMA,843,4,24,0,0,0,0,0,DNR,DNR,DNR,DNR,DNR,DNR,DNR,DNR,DNR,DNR,DNR,DNR,DNR,DNR,DNR,DNR,DNR,DNR,DNR,DNR,DNR,DNR,DNR,DNR
,158,Waynesfield,Cities,Ohio,845,2,26,0,DNR,DNR,DNR,DNR,DNR,DNR,DNR,0,0,DNR,DNR,DNR,DNR,DNR,DNR,DNR,DNR,DNR,DNR,DNR,DNR,DNR,DNR,DNR,DNR,DNR,DNR,DNR
,159,Miles,Cities,TEXAS,846,6,22,0,0,0,0,0,0,0,DNR,DNR,DNR,DNR,DNR,DNR,DNR,DNR,DNR,DNR,DNR,DNR,DNR,DNR,DNR,DNR,DNR,DNR,DNR,DNR,DNR,DNR
,160,North Irwin,Cities,PENNSYLVANIA,849,4,24,0,0,0,0,DNR,0,DNR,DNR,DNR,DNR,DNR,DNR,DNR,DNR,DNR,DNR,DNR,DNR,DNR,DNR,DNR,DNR,DNR,DNR,DNR,DNR,DNR,DNR,DNR
,161,Au Gres,Cities,Michigan,853,6,22,0,DNR,DNR,DNR,DNR,DNR,DNR,DNR,DNR,0,0,DNR,DNR,DNR,DNR,DNR,DNR,DNR,DNR,DNR,DNR,DNR,DNR,DNR,DNR,0,0,0,0
,162,Bentleyville Village,Cities,Ohio,855,3,25,0,DNR,DNR,DNR,DNR,DNR,DNR,DNR,DNR,DNR,DNR,DNR,DNR,DNR,DNR,DNR,DNR,DNR,0,DNR,DNR,DNR,DNR,DNR,0,0,DNR,DNR,DNR
,163,Geraldine,Cities,ALABAMA,857,4,24,0,0,0,0,0,DNR,DNR,DNR,DNR,DNR,DNR,DNR,DNR,DNR,DNR,DNR,DNR,DNR,DNR,DNR,DNR,DNR,DNR,DNR,DNR,DNR,DNR,DNR,DNR
,164,Baroda Lake Township,Cities,MICHIGAN,870,4,24,0,0,0,0,0,DNR,DNR,DNR,DNR,DNR,DNR,DNR,DNR,DNR,DNR,DNR,DNR,DNR,DNR,DNR,DNR,DNR,DNR,DNR,DNR,DNR,DNR,DNR,DNR
,165,Onaway,Cities,MICHIGAN,871,4,24,0,0,0,0,0,DNR,DNR,DNR,DNR,DNR,DNR,DNR,DNR,DNR,DNR,DNR,DNR,DNR,DNR,DNR,DNR,DNR,DNR,DNR,DNR,DNR,DNR,DNR,DNR
,166,Poplar,Cities,MONTANA,871,5,23,0,0,DNR,DNR,DNR,DNR,DNR,DNR,0,0,DNR,DNR,DNR,DNR,DNR,DNR,DNR,DNR,DNR,0,0,DNR,DNR,DNR,DNR,DNR,DNR,DNR,DNR
,167,Snead,Cities,ALABAMA,879,4,24,0,0,0,0,0,DNR,DNR,DNR,DNR,DNR,DNR,DNR,DNR,DNR,DNR,DNR,DNR,DNR,DNR,DNR,DNR,DNR,DNR,DNR,DNR,DNR,DNR,DNR,DNR
,168,Leakesville,Cities,Mississippi,882,3,25,0,DNR,DNR,DNR,DNR,DNR,DNR,DNR,DNR,DNR,DNR,DNR,DNR,DNR,DNR,DNR,DNR,0,0,DNR,0,DNR,DNR,DNR,DNR,DNR,DNR,DNR,DNR
,169,Skyline,Cities,ALABAMA,883,4,24,0,0,0,0,0,DNR,DNR,DNR,DNR,DNR,DNR,DNR,DNR,DNR,DNR,DNR,DNR,DNR,DNR,DNR,DNR,DNR,DNR,DNR,DNR,DNR,DNR,DNR,DNR
,170,Gurley,Cities,ALABAMA,885,4,24,0,0,0,0,0,DNR,DNR,DNR,DNR,DNR,DNR,DNR,DNR,DNR,DNR,DNR,DNR,DNR,DNR,DNR,DNR,DNR,DNR,DNR,DNR,DNR,DNR,DNR,DNR
,171,Colcord,Cities,OKLAHOMA,887,3,25,0,0,0,0,DNR,DNR,DNR,DNR,DNR,DNR,DNR,DNR,DNR,DNR,DNR,DNR,DNR,DNR,DNR,DNR,DNR,DNR,DNR,DNR,DNR,DNR,DNR,DNR,DNR
,172,Autaugaville,Cities,ALABAMA,891,4,24,0,0,0,0,0,DNR,DNR,DNR,DNR,DNR,DNR,DNR,DNR,DNR,DNR,DNR,DNR,DNR,DNR,DNR,DNR,DNR,DNR,DNR,DNR,DNR,DNR,DNR,DNR
,173,Gassaway,Cities,West Virginia,901,4,24,0,DNR,DNR,DNR,DNR,DNR,DNR,DNR,DNR,DNR,DNR,DNR,DNR,DNR,DNR,DNR,DNR,DNR,DNR,DNR,DNR,DNR,DNR,0,0,0,0,DNR,DNR
,174,Sudan,Cities,Texas,913,4,24,0,DNR,DNR,DNR,DNR,DNR,DNR,DNR,DNR,DNR,DNR,DNR,DNR,DNR,DNR,DNR,DNR,DNR,DNR,DNR,DNR,DNR,DNR,DNR,DNR,0,0,0,0
,175,Brookport,Cities,Illinois,920,3,25,0,DNR,DNR,DNR,DNR,DNR,DNR,DNR,DNR,DNR,DNR,DNR,DNR,DNR,DNR,DNR,DNR,DNR,DNR,DNR,DNR,DNR,DNR,DNR,DNR,0,0,0,DNR
,176,Oakman,Cities,ALABAMA,921,4,24,0,0,0,0,0,DNR,DNR,DNR,DNR,DNR,DNR,DNR,DNR,DNR,DNR,DNR,DNR,DNR,DNR,DNR,DNR,DNR,DNR,DNR,DNR,DNR,DNR,DNR,DNR
,177,Pine River,Cities,Minnesota,923,2,26,0,DNR,DNR,DNR,DNR,DNR,DNR,DNR,DNR,DNR,DNR,DNR,DNR,DNR,DNR,DNR,DNR,DNR,DNR,DNR,DNR,DNR,DNR,DNR,DNR,DNR,0,DNR,0
,178,McGraw Village,Cities,NEW YORK,924,3,25,0,0,0,0,DNR,DNR,DNR,DNR,DNR,DNR,DNR,DNR,DNR,DNR,DNR,DNR,DNR,DNR,DNR,DNR,DNR,DNR,DNR,DNR,DNR,DNR,DNR,DNR,DNR
,179,Elkhorn City,Cities,Kentucky,928,7,21,0,DNR,DNR,DNR,DNR,DNR,DNR,DNR,DNR,DNR,DNR,DNR,DNR,DNR,DNR,DNR,DNR,DNR,DNR,DNR,DNR,DNR,0,0,0,0,0,0,0
,180,Tilden,Cities,Nebraska,936,4,24,0,DNR,DNR,DNR,DNR,DNR,DNR,DNR,DNR,DNR,DNR,DNR,DNR,DNR,DNR,DNR,DNR,DNR,DNR,DNR,DNR,DNR,DNR,DNR,DNR,0,0,0,0
,181,Catawissa Township,Cities,PENNSYLVANIA,939,4,24,0,0,0,0,0,DNR,DNR,DNR,DNR,DNR,DNR,DNR,DNR,DNR,DNR,DNR,DNR,DNR,DNR,DNR,DNR,DNR,DNR,DNR,DNR,DNR,DNR,DNR,DNR
,182,Brilliant,Cities,ALABAMA,943,4,24,0,0,0,0,0,DNR,DNR,DNR,DNR,DNR,DNR,DNR,DNR,DNR,DNR,DNR,DNR,DNR,DNR,DNR,DNR,DNR,DNR,DNR,DNR,DNR,DNR,DNR,DNR
,183,Magdalena,Cities,New Mexico,948,2,26,0,DNR,DNR,DNR,DNR,0,DNR,0,DNR,DNR,DNR,DNR,DNR,DNR,DNR,DNR,DNR,DNR,DNR,DNR,DNR,DNR,DNR,DNR,DNR,DNR,DNR,DNR,DNR
,184,Bloomville,Cities,OHIO,951,4,24,0,DNR,DNR,0,0,DNR,0,DNR,DNR,DNR,DNR,DNR,0,DNR,DNR,DNR,DNR,DNR,DNR,DNR,DNR,DNR,DNR,DNR,DNR,DNR,DNR,DNR,DNR
,185,East Bank,Cities,WEST VIRGINIA,955,7,21,0,0,0,0,DNR,DNR,DNR,DNR,DNR,0,0,0,0,DNR,DNR,DNR,DNR,DNR,DNR,DNR,DNR,DNR,DNR,DNR,DNR,DNR,DNR,DNR,DNR
,186,Quinter,Cities,Kansas,955,7,21,0,DNR,DNR,DNR,DNR,DNR,0,DNR,DNR,DNR,DNR,DNR,DNR,0,DNR,DNR,0,DNR,DNR,DNR,0,0,DNR,DNR,DNR,0,DNR,DNR,0
,187,Grandfield,Cities,OKLAHOMA,959,7,21,0,0,0,0,DNR,DNR,DNR,DNR,DNR,DNR,DNR,DNR,DNR,DNR,DNR,DNR,DNR,DNR,DNR,DNR,DNR,DNR,DNR,DNR,DNR,0,0,0,0
,188,South Waverly,Cities,PENNSYLVANIA,959,1,27,0,0,DNR,DNR,DNR,DNR,DNR,DNR,DNR,DNR,DNR,DNR,DNR,DNR,DNR,DNR,DNR,DNR,DNR,DNR,DNR,DNR,DNR,DNR,DNR,DNR,DNR,DNR,DNR
,189,Akron-Fairgrove,Cities,Michigan,961,2,26,0,DNR,DNR,DNR,DNR,DNR,DNR,DNR,DNR,DNR,DNR,0,0,DNR,DNR,DNR,DNR,DNR,DNR,DNR,DNR,DNR,DNR,DNR,DNR,DNR,DNR,DNR,DNR
,190,Burgin,Cities,Kentucky,966,2,26,0,DNR,DNR,DNR,DNR,DNR,DNR,DNR,DNR,DNR,DNR,DNR,DNR,DNR,DNR,DNR,DNR,DNR,DNR,DNR,DNR,DNR,DNR,DNR,DNR,DNR,DNR,0,0
1,191,Cedar Grove,Cities,West Virginia,968,1,27,0,DNR,DNR,DNR,DNR,DNR,DNR,DNR,DNR,DNR,DNR,DNR,DNR,DNR,DNR,DNR,DNR,DNR,DNR,DNR,0,DNR,DNR,DNR,DNR,DNR,DNR,DNR,DNR
,192,Double Springs,Cities,ALABAMA,975,4,24,0,0,0,0,0,DNR,DNR,DNR,DNR,DNR,DNR,DNR,DNR,DNR,DNR,DNR,DNR,DNR,DNR,DNR,DNR,DNR,DNR,DNR,DNR,DNR,DNR,DNR,DNR
,193,Wenona,Cities,Illinois,975,4,24,0,DNR,DNR,DNR,DNR,DNR,DNR,DNR,DNR,DNR,DNR,DNR,DNR,DNR,DNR,DNR,DNR,DNR,DNR,DNR,DNR,DNR,DNR,DNR,DNR,0,0,0,0
1,194,Mehoopany Township,Cities,PENNSYLVANIA,977,4,24,0,0,0,0,0,DNR,DNR,DNR,DNR,DNR,DNR,DNR,DNR,DNR,DNR,DNR,DNR,DNR,DNR,DNR,DNR,DNR,DNR,DNR,DNR,DNR,DNR,DNR,DNR
,195,Parrish,Cities,ALABAMA,987,4,23,1,0,0,0,0,DNR,DNR,1,DNR,DNR,DNR,DNR,DNR,DNR,DNR,DNR,DNR,DNR,DNR,DNR,DNR,DNR,DNR,DNR,DNR,DNR,DNR,DNR,DNR
,196,Bear Creek,Cities,ALABAMA,993,4,24,0,0,0,0,0,DNR,DNR,DNR,DNR,DNR,DNR,DNR,DNR,DNR,DNR,DNR,DNR,DNR,DNR,DNR,DNR,DNR,DNR,DNR,DNR,DNR,DNR,DNR,DNR
,197,Downs,Cities,Illinois,995,2,26,0,DNR,DNR,DNR,DNR,DNR,DNR,DNR,DNR,DNR,DNR,DNR,DNR,DNR,DNR,DNR,DNR,DNR,DNR,DNR,DNR,0,0,DNR,DNR,DNR,DNR,DNR,DNR
,198,Fairlee,Cities,Vermont,1000,3,25,0,DNR,DNR,DNR,DNR,DNR,DNR,DNR,DNR,DNR,DNR,DNR,DNR,DNR,DNR,DNR,DNR,DNR,DNR,DNR,DNR,DNR,DNR,DNR,DNR,0,0,0,DNR
,199,Mosses,Cities,ALABAMA,1006,4,24,0,0,0,0,0,DNR,DNR,DNR,DNR,DNR,DNR,DNR,DNR,DNR,DNR,DNR,DNR,DNR,DNR,DNR,DNR,DNR,DNR,DNR,DNR,DNR,DNR,DNR,DNR
,200,Carrizozo,Cities,NEW MEXICO,1007,6,22,0,0,0,0,0,0,0,DNR,DNR,DNR,DNR,DNR,DNR,DNR,DNR,DNR,DNR,DNR,DNR,DNR,DNR,DNR,DNR,DNR,DNR,DNR,DNR,DNR,DNR
,201,Eclectic,Cities,Alabama,1015,4,24,0,DNR,DNR,DNR,DNR,DNR,DNR,DNR,DNR,DNR,DNR,DNR,DNR,0,0,0,0,DNR,DNR,DNR,DNR,DNR,DNR,DNR,DNR,DNR,DNR,DNR,DNR
,202,Fyffe,Cities,ALABAMA,1023,4,23,1,0,0,0,0,2,DNR,DNR,DNR,DNR,DNR,DNR,DNR,DNR,DNR,DNR,DNR,DNR,DNR,DNR,DNR,DNR,DNR,DNR,DNR,DNR,DNR,DNR,DNR
,203,Lake Shore,Cities,Minnesota,1026,2,26,0,DNR,DNR,DNR,DNR,DNR,DNR,DNR,DNR,DNR,DNR,DNR,DNR,DNR,DNR,DNR,DNR,DNR,DNR,DNR,DNR,DNR,DNR,DNR,DNR,DNR,0,DNR,0
,204,Eden Valley,Cities,Minnesota,1035,3,25,0,DNR,DNR,DNR,DNR,DNR,DNR,DNR,DNR,DNR,DNR,DNR,DNR,DNR,DNR,DNR,DNR,DNR,DNR,DNR,DNR,DNR,DNR,DNR,DNR,DNR,0,0,0
,205,St. Ansgar,Cities,IOWA,1036,4,24,0,0,0,0,0,DNR,DNR,DNR,DNR,DNR,DNR,DNR,DNR,DNR,DNR,DNR,DNR,DNR,DNR,DNR,DNR,DNR,DNR,DNR,DNR,DNR,DNR,DNR,DNR
,206,Rio,Cities,Wisconsin,1041,4,24,0,DNR,DNR,DNR,DNR,DNR,DNR,DNR,DNR,DNR,DNR,DNR,DNR,DNR,DNR,DNR,DNR,DNR,DNR,DNR,DNR,DNR,DNR,DNR,DNR,0,0,0,0
,207,Beckemeyer,Cities,ILLINOIS,1043,5,23,0,0,0,0,0,0,DNR,DNR,DNR,DNR,DNR,DNR,DNR,DNR,DNR,DNR,DNR,DNR,DNR,DNR,DNR,DNR,DNR,DNR,DNR,DNR,DNR,DNR,DNR
,208,Wakeman,Cities,Ohio,1044,2,26,0,DNR,DNR,DNR,DNR,DNR,DNR,DNR,DNR,0,0,DNR,DNR,DNR,DNR,DNR,DNR,DNR,DNR,DNR,DNR,DNR,DNR,DNR,DNR,DNR,DNR,DNR,DNR
,209,Ivey,Cities,GEORGIA,1048,3,25,0,0,0,0,DNR,DNR,DNR,DNR,DNR,DNR,DNR,DNR,DNR,DNR,DNR,DNR,DNR,DNR,DNR,DNR,DNR,DNR,DNR,DNR,DNR,DNR,DNR,DNR,DNR
,210,Goreville,Cities,Illinois,1052,2,26,0,DNR,DNR,DNR,DNR,0,0,DNR,DNR,DNR,DNR,DNR,DNR,DNR,DNR,DNR,DNR,DNR,DNR,DNR,DNR,DNR,DNR,DNR,DNR,DNR,DNR,DNR,DNR
,211,Baudette,Cities,Minnesota,1055,1,27,0,DNR,DNR,DNR,DNR,DNR,DNR,DNR,DNR,DNR,DNR,DNR,DNR,DNR,DNR,DNR,DNR,DNR,DNR,DNR,DNR,DNR,DNR,DNR,DNR,DNR,DNR,DNR,0
,212,Littleville,Cities,ALABAMA,1056,4,24,0,0,0,0,0,DNR,DNR,DNR,DNR,DNR,DNR,DNR,DNR,DNR,DNR,DNR,DNR,DNR,DNR,DNR,DNR,DNR,DNR,DNR,DNR,DNR,DNR,DNR,DNR
,213,Phil Campbell,Cities,ALABAMA,1061,4,24,0,0,0,0,0,DNR,DNR,DNR,DNR,DNR,DNR,DNR,DNR,DNR,DNR,DNR,DNR,DNR,DNR,DNR,DNR,DNR,DNR,DNR,DNR,DNR,DNR,DNR,DNR
1,214,Coburg,Cities,OREGON,1075,4,24,0,0,0,0,0,DNR,DNR,DNR,DNR,DNR,DNR,DNR,DNR,DNR,DNR,DNR,DNR,DNR,DNR,DNR,DNR,DNR,DNR,DNR,DNR,DNR,DNR,DNR,DNR
,215,Kempner,Cities,TEXAS,1075,6,22,0,0,0,DNR,DNR,DNR,DNR,DNR,DNR,DNR,DNR,DNR,DNR,DNR,DNR,DNR,DNR,DNR,DNR,DNR,DNR,DNR,DNR,DNR,DNR,0,0,0,0
,216,Russiaville,Cities,Indiana,1083,4,24,0,DNR,DNR,DNR,DNR,DNR,DNR,DNR,DNR,DNR,DNR,DNR,DNR,DNR,DNR,DNR,DNR,0,0,0,0,DNR,DNR,DNR,DNR,DNR,DNR,DNR,DNR
,217,Hayneville,Cities,ALABAMA,1090,4,24,0,0,0,0,0,DNR,DNR,DNR,DNR,DNR,DNR,DNR,DNR,DNR,DNR,DNR,DNR,DNR,DNR,DNR,DNR,DNR,DNR,DNR,DNR,DNR,DNR,DNR,DNR
,218,Buffalo-Mechanicsburg,Cities,Illinois,1097,1,27,0,DNR,DNR,DNR,DNR,0,DNR,DNR,DNR,DNR,DNR,DNR,DNR,DNR,DNR,DNR,DNR,DNR,DNR,DNR,DNR,DNR,DNR,DNR,DNR,DNR,DNR,DNR,DNR
,219,Town Creek,Cities,ALABAMA,1105,5,22,1,0,0,0,0,0,1,DNR,DNR,DNR,DNR,DNR,DNR,DNR,DNR,DNR,DNR,DNR,DNR,DNR,DNR,DNR,DNR,DNR,DNR,DNR,DNR,DNR,DNR
,220,Craig Beach,Cities,OHIO,1137,7,21,0,0,0,DNR,DNR,0,DNR,0,0,DNR,DNR,DNR,DNR,DNR,DNR,DNR,DNR,DNR,DNR,DNR,DNR,DNR,DNR,DNR,DNR,DNR,0,0,DNR
,221,Westfield Center,Cities,Ohio,1137,5,23,0,DNR,DNR,DNR,DNR,DNR,DNR,DNR,DNR,DNR,DNR,DNR,DNR,DNR,DNR,0,0,DNR,0,DNR,DNR,DNR,0,DNR,DNR,0,DNR,DNR,DNR
1,222,Cullen,Cities,Louisiana,1138,1,27,0,DNR,DNR,DNR,DNR,DNR,DNR,DNR,DNR,DNR,DNR,DNR,DNR,DNR,DNR,DNR,DNR,DNR,0,DNR,DNR,DNR,DNR,DNR,DNR,DNR,DNR,DNR,DNR
,223,Elbow Lake,Cities,Minnesota,1138,1,27,0,DNR,DNR,DNR,DNR,DNR,DNR,DNR,DNR,DNR,DNR,DNR,DNR,DNR,DNR,DNR,DNR,DNR,DNR,DNR,DNR,DNR,DNR,DNR,DNR,DNR,DNR,DNR,0
,224,Wamac,Cities,Illinois,1144,5,22,1,DNR,DNR,DNR,DNR,DNR,DNR,DNR,DNR,DNR,DNR,DNR,DNR,0,0,0,0,0,1,DNR,DNR,DNR,DNR,DNR,DNR,DNR,DNR,DNR,DNR
,225,Nauvoo,Cities,ILLINOIS,1152,5,22,1,1,0,DNR,DNR,0,0,0,0,DNR,DNR,DNR,DNR,DNR,DNR,DNR,DNR,DNR,DNR,DNR,DNR,DNR,DNR,DNR,DNR,DNR,DNR,DNR,DNR
,226,Chatom,Cities,ALABAMA,1153,4,24,0,0,0,0,0,DNR,DNR,DNR,DNR,DNR,DNR,DNR,DNR,DNR,DNR,DNR,DNR,DNR,DNR,DNR,DNR,DNR,DNR,DNR,DNR,DNR,DNR,DNR,DNR
,227,Fort Deposit,Cities,ALABAMA,1154,4,24,0,0,0,0,0,DNR,DNR,DNR,DNR,DNR,DNR,DNR,DNR,DNR,DNR,DNR,DNR,DNR,DNR,DNR,DNR,DNR,DNR,DNR,DNR,DNR,DNR,DNR,DNR
,228,Killen,Cities,ALABAMA,1154,4,24,0,0,0,0,0,DNR,DNR,DNR,DNR,DNR,DNR,DNR,DNR,DNR,DNR,DNR,DNR,DNR,DNR,DNR,DNR,DNR,DNR,DNR,DNR,DNR,DNR,DNR,DNR
,229,Lacoste,Cities,Texas,1183,4,24,0,DNR,DNR,DNR,DNR,DNR,DNR,DNR,DNR,DNR,DNR,DNR,DNR,DNR,DNR,DNR,DNR,DNR,DNR,DNR,DNR,DNR,DNR,DNR,DNR,0,0,0,0
,230,Knox City,Cities,Texas,1194,4,24,0,DNR,DNR,DNR,DNR,DNR,DNR,DNR,DNR,DNR,DNR,DNR,DNR,DNR,DNR,DNR,DNR,DNR,DNR,DNR,DNR,DNR,DNR,DNR,DNR,0,0,0,0
,231,Ore City,Cities,Texas,1198,4,24,0,DNR,DNR,DNR,DNR,DNR,DNR,DNR,DNR,DNR,DNR,DNR,DNR,DNR,DNR,DNR,DNR,DNR,DNR,DNR,DNR,DNR,DNR,DNR,DNR,0,0,0,0
,232,Barnsdall,Cities,Oklahoma,1203,4,24,0,DNR,DNR,DNR,DNR,DNR,DNR,DNR,DNR,DNR,DNR,DNR,DNR,DNR,DNR,DNR,DNR,DNR,DNR,DNR,DNR,DNR,DNR,DNR,DNR,0,0,0,0
,233,Krotz Springs,Cities,Louisiana,1203,4,24,0,DNR,DNR,DNR,DNR,DNR,DNR,DNR,DNR,DNR,DNR,DNR,DNR,DNR,DNR,DNR,DNR,DNR,DNR,DNR,DNR,DNR,DNR,DNR,DNR,0,0,0,0
,234,Angel Fire,Cities,NEW MEXICO,1206,7,21,0,0,DNR,DNR,0,0,DNR,DNR,DNR,0,0,0,0,DNR,DNR,DNR,DNR,DNR,DNR,DNR,DNR,DNR,DNR,DNR,DNR,DNR,DNR,DNR,DNR
,235,Sandoval,Cities,Illinois,1221,4,24,0,DNR,DNR,DNR,DNR,DNR,DNR,DNR,DNR,DNR,DNR,DNR,DNR,DNR,DNR,DNR,DNR,DNR,DNR,DNR,DNR,DNR,DNR,DNR,DNR,0,0,0,0
,236,Falkville,Cities,ALABAMA,1229,3,25,0,0,0,DNR,0,DNR,DNR,DNR,DNR,DNR,DNR,DNR,DNR,DNR,DNR,DNR,DNR,DNR,DNR,DNR,DNR,DNR,DNR,DNR,DNR,DNR,DNR,DNR,DNR
,237,Fulda,Cities,Minnesota,1229,1,27,0,DNR,DNR,DNR,DNR,DNR,DNR,DNR,DNR,DNR,DNR,DNR,DNR,DNR,DNR,DNR,DNR,DNR,DNR,DNR,DNR,DNR,DNR,DNR,DNR,DNR,DNR,DNR,0
,238,Renovo,Cities,Pennsylvania,1229,7,21,0,DNR,DNR,DNR,DNR,DNR,DNR,DNR,DNR,DNR,DNR,DNR,DNR,DNR,DNR,DNR,DNR,0,0,0,0,0,0,DNR,DNR,DNR,DNR,0,DNR
,239,Chinook,Cities,Montana,1233,7,21,0,DNR,DNR,DNR,DNR,DNR,DNR,DNR,DNR,DNR,DNR,DNR,DNR,DNR,DNR,DNR,DNR,DNR,DNR,DNR,DNR,DNR,0,0,0,0,0,0,0
,240,Arnolds Park,Cities,Iowa,1255,2,26,0,DNR,DNR,DNR,DNR,DNR,DNR,DNR,DNR,DNR,DNR,DNR,DNR,DNR,DNR,DNR,DNR,DNR,DNR,DNR,DNR,DNR,DNR,DNR,DNR,0,0,DNR,DNR
,241,New Brockton,Cities,ALABAMA,1258,4,24,0,0,0,0,0,DNR,DNR,DNR,DNR,DNR,DNR,DNR,DNR,DNR,DNR,DNR,DNR,DNR,DNR,DNR,DNR,DNR,DNR,DNR,DNR,DNR,DNR,DNR,DNR
,242,Sperry,Cities,Oklahoma,1281,4,24,0,DNR,DNR,DNR,DNR,DNR,DNR,DNR,DNR,DNR,DNR,DNR,DNR,DNR,DNR,DNR,DNR,DNR,DNR,DNR,DNR,DNR,DNR,DNR,DNR,0,0,0,0
,243,Ohatchee,Cities,ALABAMA,1285,4,24,0,0,0,0,0,DNR,DNR,DNR,DNR,DNR,DNR,DNR,DNR,DNR,DNR,DNR,DNR,DNR,DNR,DNR,DNR,DNR,DNR,DNR,DNR,DNR,DNR,DNR,DNR
,244,New Sharon,Cities,Iowa,1290,1,27,0,DNR,DNR,DNR,DNR,DNR,DNR,DNR,DNR,DNR,DNR,DNR,DNR,DNR,DNR,DNR,DNR,DNR,DNR,DNR,DNR,DNR,DNR,DNR,DNR,DNR,DNR,DNR,0
,245,North Apollo,Cities,PENNSYLVANIA,1294,4,24,0,0,0,0,0,DNR,DNR,DNR,DNR,DNR,DNR,DNR,DNR,DNR,DNR,DNR,DNR,DNR,DNR,DNR,DNR,DNR,DNR,DNR,DNR,DNR,DNR,DNR,DNR
,246,"Conyngham Township, Luzerne County",Cities,PENNSYLVANIA,1308,4,24,0,0,0,0,0,DNR,DNR,DNR,DNR,DNR,DNR,DNR,DNR,DNR,DNR,DNR,DNR,DNR,DNR,DNR,DNR,DNR,DNR,DNR,DNR,DNR,DNR,DNR,DNR
,247,Philmont Village,Cities,NEW YORK,1308,6,22,0,0,0,0,DNR,DNR,DNR,DNR,DNR,DNR,DNR,DNR,DNR,DNR,DNR,DNR,DNR,DNR,DNR,DNR,DNR,DNR,DNR,DNR,DNR,0,0,0,DNR
,248,Killian,Cities,Louisiana,1310,4,24,0,DNR,DNR,DNR,DNR,DNR,DNR,DNR,DNR,DNR,DNR,DNR,DNR,DNR,DNR,DNR,DNR,DNR,DNR,DNR,DNR,0,0,0,0,DNR,DNR,DNR,DNR
,249,Clara City,Cities,Minnesota,1312,4,24,0,DNR,DNR,DNR,DNR,DNR,DNR,DNR,DNR,DNR,DNR,DNR,DNR,DNR,DNR,DNR,DNR,DNR,DNR,DNR,DNR,DNR,DNR,DNR,0,0,0,DNR,0
,250,Margaret,Cities,ALABAMA,1313,4,24,0,0,0,0,0,DNR,DNR,DNR,DNR,DNR,DNR,DNR,DNR,DNR,DNR,DNR,DNR,DNR,DNR,DNR,DNR,DNR,DNR,DNR,DNR,DNR,DNR,DNR,DNR
,251,Toluca,Cities,ILLINOIS,1314,7,21,0,0,0,0,DNR,DNR,DNR,DNR,DNR,DNR,DNR,DNR,DNR,DNR,DNR,DNR,DNR,DNR,DNR,DNR,DNR,DNR,DNR,DNR,DNR,0,0,0,0
,252,Hico,Cities,Texas,1317,4,24,0,DNR,DNR,DNR,DNR,DNR,DNR,DNR,DNR,DNR,DNR,DNR,DNR,DNR,DNR,DNR,DNR,DNR,DNR,DNR,DNR,DNR,DNR,DNR,DNR,0,0,0,0
,253,North Charleroi,Cities,PENNSYLVANIA,1317,5,23,0,0,0,0,DNR,0,0,DNR,DNR,DNR,DNR,DNR,DNR,DNR,DNR,DNR,DNR,DNR,DNR,DNR,DNR,DNR,DNR,DNR,DNR,DNR,DNR,DNR,DNR
,254,Vanport Township,Cities,PENNSYLVANIA,1317,4,24,0,0,0,0,0,DNR,DNR,DNR,DNR,DNR,DNR,DNR,DNR,DNR,DNR,DNR,DNR,DNR,DNR,DNR,DNR,DNR,DNR,DNR,DNR,DNR,DNR,DNR,DNR
,255,Grove Hill,Cities,ALABAMA,1320,4,24,0,0,0,0,0,DNR,DNR,DNR,DNR,DNR,DNR,DNR,DNR,DNR,DNR,DNR,DNR,DNR,DNR,DNR,DNR,DNR,DNR,DNR,DNR,DNR,DNR,DNR,DNR
1,256,Larimore,Cities,NORTH DAKOTA,1336,2,26,0,0,0,DNR,DNR,DNR,DNR,DNR,DNR,DNR,DNR,DNR,DNR,DNR,DNR,DNR,DNR,DNR,DNR,DNR,DNR,DNR,DNR,DNR,DNR,DNR,DNR,DNR,DNR
,257,Prince's Lakes,Cities,Indiana,1337,4,24,0,DNR,DNR,DNR,DNR,DNR,DNR,DNR,DNR,DNR,DNR,DNR,DNR,DNR,DNR,DNR,DNR,0,0,0,0,DNR,DNR,DNR,DNR,DNR,DNR,DNR,DNR
,258,Brookside,Cities,ALABAMA,1343,4,24,0,0,0,0,0,DNR,DNR,DNR,DNR,DNR,DNR,DNR,DNR,DNR,DNR,DNR,DNR,DNR,DNR,DNR,DNR,DNR,DNR,DNR,DNR,DNR,DNR,DNR,DNR
,259,Menahga,Cities,Minnesota,1346,1,27,0,DNR,DNR,DNR,DNR,DNR,DNR,DNR,DNR,DNR,DNR,DNR,DNR,DNR,DNR,DNR,DNR,DNR,DNR,DNR,DNR,DNR,DNR,DNR,DNR,DNR,DNR,DNR,0
1,260,Mabscott,Cities,West Virginia,1365,5,23,0,DNR,DNR,DNR,DNR,DNR,DNR,DNR,DNR,DNR,DNR,DNR,DNR,DNR,DNR,DNR,DNR,0,0,DNR,DNR,DNR,DNR,DNR,DNR,DNR,0,0,0
,261,"Liberty Township, Bedford County",Cities,PENNSYLVANIA,1369,2,26,0,0,DNR,DNR,DNR,DNR,DNR,DNR,DNR,0,DNR,DNR,DNR,DNR,DNR,DNR,DNR,DNR,DNR,DNR,DNR,DNR,DNR,DNR,DNR,DNR,DNR,DNR,DNR
,262,Charlemont,Cities,MASSACHUSETTS,1370,2,26,0,DNR,0,0,DNR,DNR,DNR,DNR,DNR,DNR,DNR,DNR,DNR,DNR,DNR,DNR,DNR,DNR,DNR,DNR,DNR,DNR,DNR,DNR,DNR,DNR,DNR,DNR,DNR
,263,Pemberton Borough,Cities,New Jersey,1378,4,24,0,DNR,DNR,DNR,DNR,DNR,DNR,DNR,DNR,DNR,DNR,DNR,DNR,DNR,DNR,DNR,DNR,DNR,DNR,DNR,DNR,DNR,DNR,DNR,DNR,0,0,0,0
,264,Darrington,Cities,Washington,1381,3,24,1,DNR,DNR,DNR,DNR,DNR,DNR,DNR,DNR,DNR,DNR,DNR,DNR,DNR,DNR,DNR,DNR,DNR,DNR,DNR,DNR,DNR,DNR,DNR,DNR,1,0,0,0
,265,Ansted,Cities,West Virginia,1393,4,24,0,DNR,DNR,DNR,DNR,0,0,0,DNR,0,DNR,DNR,DNR,DNR,DNR,DNR,DNR,DNR,DNR,DNR,DNR,DNR,DNR,DNR,DNR,DNR,DNR,DNR,DNR
,266,Sorrento,Cities,Louisiana,1414,4,24,0,DNR,DNR,DNR,DNR,0,0,0,0,DNR,DNR,DNR,DNR,DNR,DNR,DNR,DNR,DNR,DNR,DNR,DNR,DNR,DNR,DNR,DNR,DNR,DNR,DNR,DNR
,267,West Blocton,Cities,ALABAMA,1422,4,24,0,0,0,0,0,DNR,DNR,DNR,DNR,DNR,DNR,DNR,DNR,DNR,DNR,DNR,DNR,DNR,DNR,DNR,DNR,DNR,DNR,DNR,DNR,DNR,DNR,DNR,DNR
,268,Kingsford Heights,Cities,Indiana,1423,4,24,0,DNR,DNR,DNR,DNR,DNR,DNR,DNR,DNR,DNR,DNR,DNR,DNR,DNR,DNR,DNR,DNR,0,0,0,0,DNR,DNR,DNR,DNR,DNR,DNR,DNR,DNR
,269,Brooklyn Heights,Cities,OHIO,1428,4,24,0,0,0,0,0,DNR,DNR,DNR,DNR,DNR,DNR,DNR,DNR,DNR,DNR,DNR,DNR,DNR,DNR,DNR,DNR,DNR,DNR,DNR,DNR,DNR,DNR,DNR,DNR
,270,Hackleburg,Cities,ALABAMA,1432,4,24,0,0,0,0,0,DNR,DNR,DNR,DNR,DNR,DNR,DNR,DNR,DNR,DNR,DNR,DNR,DNR,DNR,DNR,DNR,DNR,DNR,DNR,DNR,DNR,DNR,DNR,DNR
,271,Port Gibson,Cities,Mississippi,1462,2,26,0,DNR,DNR,DNR,DNR,DNR,DNR,DNR,DNR,DNR,DNR,DNR,0,0,DNR,DNR,DNR,DNR,DNR,DNR,DNR,DNR,DNR,DNR,DNR,DNR,DNR,DNR,DNR
,272,Orwell,Cities,OHIO,1469,4,24,0,0,0,0,0,DNR,DNR,DNR,DNR,DNR,DNR,DNR,DNR,DNR,DNR,DNR,DNR,DNR,DNR,DNR,DNR,DNR,DNR,DNR,DNR,DNR,DNR,DNR,DNR
,273,Head of the Harbor Village,Cities,New York,1477,4,24,0,DNR,DNR,DNR,DNR,DNR,DNR,DNR,DNR,DNR,DNR,DNR,DNR,DNR,DNR,DNR,DNR,DNR,DNR,DNR,DNR,DNR,DNR,DNR,DNR,0,0,0,0
,274,Seadrift,Cities,TEXAS,1497,7,21,0,0,0,0,DNR,DNR,DNR,DNR,DNR,DNR,DNR,DNR,DNR,DNR,DNR,DNR,DNR,DNR,DNR,DNR,DNR,DNR,DNR,DNR,DNR,0,0,0,0
,275,Duncannon,Cities,PENNSYLVANIA,1498,4,24,0,0,0,0,0,DNR,DNR,DNR,DNR,DNR,DNR,DNR,DNR,DNR,DNR,DNR,DNR,DNR,DNR,DNR,DNR,DNR,DNR,DNR,DNR,DNR,DNR,DNR,DNR
,276,Shreve,Cities,OHIO,1500,3,25,0,DNR,DNR,0,DNR,DNR,DNR,0,DNR,DNR,DNR,DNR,DNR,DNR,DNR,0,DNR,DNR,DNR,DNR,DNR,DNR,DNR,DNR,DNR,DNR,DNR,DNR,DNR
,277,Belgrade/Brooten,Cities,Minnesota,1504,5,23,0,DNR,DNR,DNR,DNR,DNR,DNR,DNR,DNR,DNR,DNR,DNR,DNR,DNR,DNR,DNR,DNR,DNR,DNR,DNR,DNR,DNR,DNR,DNR,0,0,0,0,0
,278,Natalia,Cities,Texas,1504,4,24,0,DNR,DNR,DNR,DNR,DNR,DNR,DNR,DNR,DNR,DNR,DNR,DNR,DNR,DNR,DNR,DNR,DNR,DNR,DNR,DNR,DNR,DNR,DNR,DNR,0,0,0,0
,279,Neligh,Cities,Nebraska,1513,4,24,0,DNR,DNR,DNR,DNR,DNR,DNR,DNR,DNR,DNR,DNR,DNR,DNR,DNR,DNR,DNR,DNR,DNR,DNR,DNR,DNR,DNR,DNR,DNR,DNR,0,0,0,0
,280,Tombstone,Cities,ARIZONA,1514,3,25,0,0,DNR,0,0,DNR,DNR,DNR,DNR,DNR,DNR,DNR,DNR,DNR,DNR,DNR,DNR,DNR,DNR,DNR,DNR,DNR,DNR,DNR,DNR,DNR,DNR,DNR,DNR
,281,Gordo,Cities,ALABAMA,1520,4,24,0,0,0,0,0,DNR,DNR,DNR,DNR,DNR,DNR,DNR,DNR,DNR,DNR,DNR,DNR,DNR,DNR,DNR,DNR,DNR,DNR,DNR,DNR,DNR,DNR,DNR,DNR
,282,Elberta,Cities,ALABAMA,1527,4,24,0,0,0,0,0,DNR,DNR,DNR,DNR,DNR,DNR,DNR,DNR,DNR,DNR,DNR,DNR,DNR,DNR,DNR,DNR,DNR,DNR,DNR,DNR,DNR,DNR,DNR,DNR
,283,Flomaton,Cities,ALABAMA,1547,4,24,0,0,0,0,0,DNR,DNR,DNR,DNR,DNR,DNR,DNR,DNR,DNR,DNR,DNR,DNR,DNR,DNR,DNR,DNR,DNR,DNR,DNR,DNR,DNR,DNR,DNR,DNR
1,284,Georgiana,Cities,ALABAMA,1548,4,24,0,0,0,0,0,DNR,DNR,DNR,DNR,DNR,DNR,DNR,DNR,DNR,DNR,DNR,DNR,DNR,DNR,DNR,DNR,DNR,DNR,DNR,DNR,DNR,DNR,DNR,DNR
,285,Cannelton,Cities,Indiana,1550,4,24,0,DNR,DNR,DNR,DNR,DNR,DNR,DNR,DNR,DNR,DNR,DNR,DNR,DNR,DNR,DNR,DNR,0,0,0,0,DNR,DNR,DNR,DNR,DNR,DNR,DNR,DNR
,286,Mullens,Cities,WEST VIRGINIA,1556,4,24,0,0,0,0,0,DNR,DNR,DNR,DNR,DNR,DNR,DNR,DNR,DNR,DNR,DNR,DNR,DNR,DNR,DNR,DNR,DNR,DNR,DNR,DNR,DNR,DNR,DNR,DNR
,287,Galesville,Cities,Wisconsin,1565,4,24,0,DNR,DNR,DNR,DNR,DNR,DNR,DNR,DNR,DNR,DNR,DNR,DNR,DNR,DNR,DNR,DNR,DNR,DNR,DNR,DNR,DNR,DNR,DNR,DNR,0,0,0,0
,288,Deer Creek-Goodfield,Cities,Illinois,1569,3,25,0,DNR,DNR,DNR,DNR,DNR,0,0,0,DNR,DNR,DNR,DNR,DNR,DNR,DNR,DNR,DNR,DNR,DNR,DNR,DNR,DNR,DNR,DNR,DNR,DNR,DNR,DNR
,289,Smith Center,Cities,KANSAS,1605,5,23,0,DNR,0,DNR,0,DNR,DNR,DNR,DNR,DNR,DNR,DNR,DNR,DNR,DNR,0,0,DNR,DNR,DNR,DNR,DNR,DNR,DNR,DNR,DNR,DNR,DNR,0
,290,Norwood Village,Cities,New York,1606,4,24,0,DNR,DNR,DNR,DNR,DNR,DNR,DNR,DNR,DNR,DNR,DNR,DNR,DNR,DNR,DNR,DNR,DNR,DNR,DNR,DNR,DNR,DNR,DNR,DNR,0,0,0,0
,291,Cornish,Cities,New Hampshire,1617,4,24,0,DNR,DNR,DNR,DNR,DNR,DNR,DNR,DNR,DNR,DNR,DNR,DNR,DNR,DNR,DNR,DNR,DNR,DNR,DNR,DNR,DNR,DNR,DNR,DNR,0,0,0,0
,292,Pike Bay,Cities,Minnesota,1635,2,26,0,DNR,DNR,DNR,DNR,DNR,DNR,DNR,DNR,DNR,DNR,DNR,DNR,DNR,DNR,DNR,DNR,DNR,DNR,DNR,DNR,DNR,DNR,DNR,DNR,DNR,0,DNR,0
,293,Dauphin Island,Cities,ALABAMA,1640,4,24,0,0,0,0,0,DNR,DNR,DNR,DNR,DNR,DNR,DNR,DNR,DNR,DNR,DNR,DNR,DNR,DNR,DNR,DNR,DNR,DNR,DNR,DNR,DNR,DNR,DNR,DNR
,294,Twin City,Cities,Georgia,1660,6,22,0,DNR,DNR,DNR,DNR,DNR,DNR,DNR,DNR,0,0,0,DNR,0,DNR,DNR,DNR,DNR,DNR,DNR,DNR,0,0,DNR,DNR,DNR,DNR,DNR,DNR
,295,Hatch,Cities,New Mexico,1666,1,27,0,DNR,DNR,DNR,DNR,DNR,0,DNR,DNR,DNR,DNR,DNR,DNR,DNR,DNR,DNR,DNR,DNR,DNR,DNR,DNR,DNR,DNR,DNR,DNR,DNR,DNR,DNR,DNR
,296,Cannon Beach,Cities,OREGON,1704,6,22,0,0,0,0,0,DNR,DNR,DNR,DNR,DNR,DNR,DNR,DNR,DNR,DNR,DNR,DNR,DNR,DNR,DNR,DNR,DNR,DNR,DNR,DNR,DNR,DNR,0,0
,297,Rosepine,Cities,Louisiana,1707,1,27,0,DNR,DNR,DNR,DNR,DNR,0,DNR,DNR,DNR,DNR,DNR,DNR,DNR,DNR,DNR,DNR,DNR,DNR,DNR,DNR,DNR,DNR,DNR,DNR,DNR,DNR,DNR,DNR
,298,Zolfo Springs,Cities,FLORIDA,1708,4,24,0,0,0,0,0,DNR,DNR,DNR,DNR,DNR,DNR,DNR,DNR,DNR,DNR,DNR,DNR,DNR,DNR,DNR,DNR,DNR,DNR,DNR,DNR,DNR,DNR,DNR,DNR
,299,Rushford,Cities,Minnesota,1709,7,21,0,DNR,DNR,DNR,DNR,DNR,DNR,DNR,DNR,DNR,DNR,DNR,DNR,DNR,DNR,DNR,DNR,DNR,DNR,DNR,DNR,DNR,0,0,0,0,0,0,0
,300,Tremont,Cities,Pennsylvania,1709,4,24,0,DNR,DNR,DNR,DNR,DNR,DNR,DNR,DNR,DNR,DNR,DNR,DNR,DNR,DNR,DNR,DNR,DNR,DNR,DNR,DNR,DNR,DNR,DNR,DNR,0,0,0,0
,301,Osakis,Cities,MINNESOTA,1716,2,26,0,0,DNR,DNR,DNR,DNR,DNR,DNR,DNR,DNR,DNR,DNR,DNR,DNR,DNR,DNR,DNR,0,DNR,DNR,DNR,DNR,DNR,DNR,DNR,DNR,DNR,DNR,DNR
,302,Tekamah,Cities,Nebraska,1727,4,24,0,DNR,DNR,DNR,DNR,DNR,DNR,DNR,DNR,DNR,DNR,DNR,DNR,DNR,DNR,DNR,DNR,DNR,DNR,DNR,DNR,DNR,DNR,DNR,DNR,0,0,0,0
,303,Coosada,Cities,ALABAMA,1731,4,24,0,0,0,0,0,DNR,DNR,DNR,DNR,DNR,DNR,DNR,DNR,DNR,DNR,DNR,DNR,DNR,DNR,DNR,DNR,DNR,DNR,DNR,DNR,DNR,DNR,DNR,DNR
,304,Lester Prairie,Cities,Minnesota,1732,2,26,0,DNR,DNR,DNR,DNR,DNR,DNR,DNR,DNR,0,0,DNR,DNR,DNR,DNR,DNR,DNR,DNR,DNR,DNR,DNR,DNR,DNR,DNR,DNR,DNR,DNR,DNR,DNR
,305,Ashfield,Cities,Massachusetts,1748,0,27,1,DNR,DNR,DNR,DNR,DNR,DNR,1,DNR,DNR,DNR,DNR,DNR,DNR,DNR,DNR,DNR,DNR,DNR,DNR,DNR,DNR,DNR,DNR,DNR,DNR,DNR,DNR,DNR
,306,Reform,Cities,ALABAMA,1751,4,24,0,0,0,0,0,DNR,DNR,DNR,DNR,DNR,DNR,DNR,DNR,DNR,DNR,DNR,DNR,DNR,DNR,DNR,DNR,DNR,DNR,DNR,DNR,DNR,DNR,DNR,DNR
,307,South Whitley,Cities,Indiana,1753,5,23,0,DNR,DNR,DNR,DNR,DNR,DNR,DNR,DNR,DNR,DNR,0,DNR,DNR,DNR,DNR,DNR,0,0,0,0,DNR,DNR,DNR,DNR,DNR,DNR,DNR,DNR
,308,Braham,Cities,Minnesota,1765,4,24,0,DNR,DNR,DNR,DNR,DNR,DNR,DNR,DNR,DNR,DNR,DNR,DNR,DNR,DNR,DNR,DNR,DNR,DNR,DNR,DNR,DNR,DNR,DNR,DNR,0,0,0,0
,309,Becket,Cities,MASSACHUSETTS,1777,5,23,0,DNR,DNR,DNR,0,DNR,DNR,DNR,DNR,DNR,DNR,DNR,DNR,DNR,DNR,DNR,DNR,DNR,DNR,DNR,DNR,0,0,0,0,DNR,DNR,DNR,DNR
,310,Carrier Mills,Cities,ILLINOIS,1796,4,24,0,0,0,0,0,DNR,DNR,DNR,DNR,DNR,DNR,DNR,DNR,DNR,DNR,DNR,DNR,DNR,DNR,DNR,DNR,DNR,DNR,DNR,DNR,DNR,DNR,DNR,DNR
,311,Warroad,Cities,Minnesota,1804,2,26,0,DNR,DNR,DNR,DNR,DNR,DNR,DNR,DNR,DNR,DNR,DNR,DNR,DNR,0,DNR,DNR,DNR,DNR,DNR,DNR,DNR,DNR,DNR,DNR,DNR,DNR,DNR,0
,312,Cambridge City,Cities,Indiana,1811,4,24,0,DNR,DNR,DNR,DNR,DNR,DNR,DNR,DNR,DNR,DNR,DNR,DNR,DNR,DNR,DNR,DNR,0,0,0,0,DNR,DNR,DNR,DNR,DNR,DNR,DNR,DNR
,313,Owens Crossroads,Cities,ALABAMA,1814,3,25,0,DNR,0,0,0,DNR,DNR,DNR,DNR,DNR,DNR,DNR,DNR,DNR,DNR,DNR,DNR,DNR,DNR,DNR,DNR,DNR,DNR,DNR,DNR,DNR,DNR,DNR,DNR
,314,East Pittsburgh,Cities,PENNSYLVANIA,1818,2,26,0,0,DNR,DNR,DNR,DNR,DNR,DNR,DNR,DNR,DNR,DNR,DNR,0,DNR,DNR,DNR,DNR,DNR,DNR,DNR,DNR,DNR,DNR,DNR,DNR,DNR,DNR,DNR
,315,Fraser-Winter Park,Cities,COLORADO,1825,4,24,0,0,0,0,0,DNR,DNR,DNR,DNR,DNR,DNR,DNR,DNR,DNR,DNR,DNR,DNR,DNR,DNR,DNR,DNR,DNR,DNR,DNR,DNR,DNR,DNR,DNR,DNR
,316,Stinnett,Cities,Texas,1852,4,24,0,DNR,DNR,DNR,DNR,DNR,DNR,DNR,DNR,DNR,DNR,DNR,DNR,DNR,DNR,DNR,DNR,DNR,DNR,DNR,DNR,DNR,DNR,DNR,DNR,0,0,0,0
,317,Harpersville,Cities,ALABAMA,1869,4,24,0,0,0,0,0,DNR,DNR,DNR,DNR,DNR,DNR,DNR,DNR,DNR,DNR,DNR,DNR,DNR,DNR,DNR,DNR,DNR,DNR,DNR,DNR,DNR,DNR,DNR,DNR
,318,Florala,Cities,ALABAMA,1878,4,24,0,0,0,0,0,DNR,DNR,DNR,DNR,DNR,DNR,DNR,DNR,DNR,DNR,DNR,DNR,DNR,DNR,DNR,DNR,DNR,DNR,DNR,DNR,DNR,DNR,DNR,DNR
,319,Hopewell Borough,Cities,New Jersey,1919,3,25,0,DNR,DNR,DNR,DNR,DNR,DNR,DNR,DNR,DNR,DNR,DNR,DNR,DNR,DNR,DNR,DNR,DNR,DNR,DNR,DNR,DNR,DNR,DNR,DNR,DNR,0,0,0
,320,Oliver Township,Cities,PENNSYLVANIA,1937,5,23,0,0,0,DNR,DNR,0,0,0,DNR,DNR,DNR,DNR,DNR,DNR,DNR,DNR,DNR,DNR,DNR,DNR,DNR,DNR,DNR,DNR,DNR,DNR,DNR,DNR,DNR
,321,Kouts,Cities,Indiana,1948,4,24,0,DNR,DNR,DNR,DNR,DNR,DNR,DNR,DNR,DNR,DNR,DNR,DNR,DNR,DNR,DNR,DNR,0,0,0,0,DNR,DNR,DNR,DNR,DNR,DNR,DNR,DNR
,322,Sulligent,Cities,ALABAMA,1949,4,24,0,0,0,0,0,DNR,DNR,DNR,DNR,DNR,DNR,DNR,DNR,DNR,DNR,DNR,DNR,DNR,DNR,DNR,DNR,DNR,DNR,DNR,DNR,DNR,DNR,DNR,DNR
,323,"Falls Township, Wyoming County",Cities,PENNSYLVANIA,1967,1,27,0,0,DNR,DNR,DNR,DNR,DNR,DNR,DNR,DNR,DNR,DNR,DNR,DNR,DNR,DNR,DNR,DNR,DNR,DNR,DNR,DNR,DNR,DNR,DNR,DNR,DNR,DNR,DNR
,324,Au Gres-Sims,Cities,MICHIGAN,1982,7,21,0,0,0,0,DNR,0,0,0,0,DNR,DNR,DNR,DNR,DNR,DNR,DNR,DNR,DNR,DNR,DNR,DNR,DNR,DNR,DNR,DNR,DNR,DNR,DNR,DNR
1,325,New Chicago,Cities,Indiana,1990,4,24,0,DNR,DNR,DNR,DNR,DNR,DNR,DNR,DNR,DNR,DNR,DNR,DNR,DNR,DNR,DNR,DNR,0,0,0,0,DNR,DNR,DNR,DNR,DNR,DNR,DNR,DNR
,326,Wadley,Cities,GEORGIA,1994,7,21,0,DNR,DNR,DNR,0,0,0,DNR,DNR,0,0,DNR,DNR,0,0,DNR,DNR,DNR,DNR,DNR,DNR,DNR,DNR,DNR,DNR,DNR,DNR,DNR,DNR
,327,Three Forks,Cities,MONTANA,2004,4,24,0,0,0,0,0,DNR,DNR,DNR,DNR,DNR,DNR,DNR,DNR,DNR,DNR,DNR,DNR,DNR,DNR,DNR,DNR,DNR,DNR,DNR,DNR,DNR,DNR,DNR,DNR
,328,Argo,Cities,ALABAMA,2005,4,24,0,0,0,0,0,DNR,DNR,DNR,DNR,DNR,DNR,DNR,DNR,DNR,DNR,DNR,DNR,DNR,DNR,DNR,DNR,DNR,DNR,DNR,DNR,DNR,DNR,DNR,DNR
,329,Coleraine,Cities,Minnesota,2005,3,25,0,DNR,DNR,DNR,DNR,DNR,DNR,DNR,DNR,DNR,DNR,DNR,DNR,DNR,DNR,DNR,DNR,DNR,DNR,DNR,DNR,DNR,DNR,DNR,DNR,0,0,DNR,0
,330,Trail Creek,Cities,Indiana,2015,4,24,0,DNR,DNR,DNR,DNR,DNR,DNR,DNR,DNR,DNR,DNR,DNR,DNR,DNR,DNR,DNR,DNR,0,0,0,0,DNR,DNR,DNR,DNR,DNR,DNR,DNR,DNR
,331,Stevenson,Cities,ALABAMA,2017,4,24,0,0,0,0,0,DNR,DNR,DNR,DNR,DNR,DNR,DNR,DNR,DNR,DNR,DNR,DNR,DNR,DNR,DNR,DNR,DNR,DNR,DNR,DNR,DNR,DNR,DNR,DNR
,332,Cold Spring Village,Cities,New York,2022,3,25,0,DNR,DNR,DNR,DNR,0,0,0,DNR,DNR,DNR,DNR,DNR,DNR,DNR,DNR,DNR,DNR,DNR,DNR,DNR,DNR,DNR,DNR,DNR,DNR,DNR,DNR,DNR
,333,Carbon Hill,Cities,ALABAMA,2040,3,25,0,0,DNR,0,0,DNR,DNR,DNR,DNR,DNR,DNR,DNR,DNR,DNR,DNR,DNR,DNR,DNR,DNR,DNR,DNR,DNR,DNR,DNR,DNR,DNR,DNR,DNR,DNR
,334,Blountsville,Cities,ALABAMA,2042,3,25,0,0,DNR,0,0,DNR,DNR,DNR,DNR,DNR,DNR,DNR,DNR,DNR,DNR,DNR,DNR,DNR,DNR,DNR,DNR,DNR,DNR,DNR,DNR,DNR,DNR,DNR,DNR
,335,Sheffield Township,Cities,PENNSYLVANIA,2050,7,21,0,0,DNR,DNR,DNR,DNR,DNR,DNR,DNR,0,DNR,DNR,DNR,DNR,DNR,DNR,DNR,0,0,0,DNR,0,0,DNR,DNR,DNR,DNR,DNR,DNR
,336,Howard Lake,Cities,Minnesota,2052,7,21,0,DNR,DNR,DNR,DNR,DNR,DNR,DNR,DNR,DNR,DNR,DNR,DNR,DNR,DNR,DNR,DNR,DNR,DNR,DNR,DNR,DNR,0,0,0,0,0,0,0
,337,Slocomb,Cities,ALABAMA,2065,3,24,1,1,0,0,0,DNR,DNR,DNR,DNR,DNR,DNR,DNR,DNR,DNR,DNR,DNR,DNR,DNR,DNR,DNR,DNR,DNR,DNR,DNR,DNR,DNR,DNR,DNR,DNR
,338,Mannington,Cities,West Virginia,2079,2,26,0,DNR,DNR,DNR,DNR,DNR,DNR,DNR,DNR,DNR,DNR,DNR,DNR,DNR,DNR,DNR,DNR,DNR,DNR,DNR,DNR,DNR,DNR,DNR,DNR,DNR,DNR,0,0
,339,Pearson,Cities,GEORGIA,2087,7,21,0,0,DNR,DNR,DNR,0,0,DNR,DNR,0,0,0,DNR,0,DNR,DNR,DNR,DNR,DNR,DNR,DNR,DNR,DNR,DNR,DNR,DNR,DNR,DNR,DNR
,340,Creola,Cities,ALABAMA,2100,4,24,0,0,0,0,0,DNR,DNR,DNR,DNR,DNR,DNR,DNR,DNR,DNR,DNR,DNR,DNR,DNR,DNR,DNR,DNR,DNR,DNR,DNR,DNR,DNR,DNR,DNR,DNR
,341,Gold Bar,Cities,Washington,2119,4,24,0,DNR,DNR,DNR,DNR,DNR,DNR,DNR,DNR,DNR,DNR,DNR,DNR,DNR,DNR,DNR,DNR,DNR,DNR,DNR,DNR,DNR,DNR,DNR,DNR,0,0,0,0
,342,Eupora,Cities,MISSISSIPPI,2124,3,25,0,0,DNR,DNR,DNR,DNR,DNR,DNR,DNR,DNR,DNR,DNR,DNR,DNR,DNR,0,0,DNR,DNR,DNR,DNR,DNR,DNR,DNR,DNR,DNR,DNR,DNR,DNR
,343,Piketon,Cities,Ohio,2139,7,21,0,DNR,DNR,DNR,DNR,DNR,DNR,DNR,DNR,DNR,DNR,DNR,DNR,DNR,DNR,DNR,DNR,DNR,DNR,DNR,DNR,0,0,0,0,0,0,0,DNR
,344,Guin,Cities,ALABAMA,2146,4,24,0,0,0,0,0,DNR,DNR,DNR,DNR,DNR,DNR,DNR,DNR,DNR,DNR,DNR,DNR,DNR,DNR,DNR,DNR,DNR,DNR,DNR,DNR,DNR,DNR,DNR,DNR
,345,Thorsby,Cities,ALABAMA,2148,4,24,0,0,0,0,0,DNR,DNR,DNR,DNR,DNR,DNR,DNR,DNR,DNR,DNR,DNR,DNR,DNR,DNR,DNR,DNR,DNR,DNR,DNR,DNR,DNR,DNR,DNR,DNR
,346,Rolling Fork,Cities,Mississippi,2151,4,24,0,DNR,DNR,DNR,DNR,0,0,0,0,DNR,DNR,DNR,DNR,DNR,DNR,DNR,DNR,DNR,DNR,DNR,DNR,DNR,DNR,DNR,DNR,DNR,DNR,DNR,DNR
,347,Coal Grove,Cities,Ohio,2152,3,25,0,DNR,DNR,DNR,DNR,DNR,DNR,DNR,DNR,DNR,DNR,DNR,DNR,DNR,DNR,DNR,0,DNR,0,DNR,DNR,DNR,0,DNR,DNR,DNR,DNR,DNR,DNR
,348,Shiner,Cities,Texas,2152,4,24,0,DNR,DNR,DNR,DNR,DNR,DNR,DNR,DNR,DNR,DNR,DNR,DNR,DNR,DNR,DNR,DNR,DNR,DNR,DNR,DNR,DNR,DNR,DNR,DNR,0,0,0,0
,349,Tchula,Cities,MISSISSIPPI,2158,1,27,0,DNR,DNR,0,DNR,DNR,DNR,DNR,DNR,DNR,DNR,DNR,DNR,DNR,DNR,DNR,DNR,DNR,DNR,DNR,DNR,DNR,DNR,DNR,DNR,DNR,DNR,DNR,DNR
,350,Jasonville,Cities,Indiana,2188,4,24,0,DNR,DNR,DNR,DNR,DNR,DNR,DNR,DNR,DNR,DNR,DNR,DNR,DNR,DNR,DNR,DNR,0,0,0,0,DNR,DNR,DNR,DNR,DNR,DNR,DNR,DNR
,351,Caton,Cities,New York,2189,4,24,0,DNR,DNR,DNR,DNR,0,0,0,0,DNR,DNR,DNR,DNR,DNR,DNR,DNR,DNR,DNR,DNR,DNR,DNR,DNR,DNR,DNR,DNR,DNR,DNR,DNR,DNR
,352,Elk Lick Township,Cities,Pennsylvania,2191,6,22,0,DNR,DNR,DNR,DNR,0,DNR,DNR,DNR,0,DNR,DNR,DNR,0,0,0,DNR,0,DNR,DNR,DNR,DNR,DNR,DNR,DNR,DNR,DNR,DNR,DNR
,353,West Terre Haute,Cities,Indiana,2224,4,24,0,DNR,DNR,DNR,DNR,DNR,DNR,DNR,DNR,DNR,DNR,DNR,DNR,DNR,DNR,DNR,DNR,0,0,0,0,DNR,DNR,DNR,DNR,DNR,DNR,DNR,DNR
1,354,Ragland,Cities,ALABAMA,2232,4,24,0,0,0,0,0,DNR,DNR,DNR,DNR,DNR,DNR,DNR,DNR,DNR,DNR,DNR,DNR,DNR,DNR,DNR,DNR,DNR,DNR,DNR,DNR,DNR,DNR,DNR,DNR
,355,Madelia,Cities,Minnesota,2240,4,24,0,DNR,DNR,DNR,DNR,DNR,DNR,DNR,DNR,DNR,DNR,DNR,DNR,DNR,DNR,DNR,DNR,DNR,DNR,DNR,DNR,DNR,DNR,DNR,DNR,0,0,0,0
,356,Rosedale,Cities,MISSISSIPPI,2275,1,27,0,DNR,0,DNR,DNR,DNR,DNR,DNR,DNR,DNR,DNR,DNR,DNR,DNR,DNR,DNR,DNR,DNR,DNR,DNR,DNR,DNR,DNR,DNR,DNR,DNR,DNR,DNR,DNR
,357,Gold Beach,Cities,OREGON,2284,6,22,0,0,0,0,0,DNR,DNR,DNR,DNR,DNR,DNR,DNR,DNR,DNR,DNR,DNR,DNR,DNR,DNR,DNR,DNR,DNR,DNR,DNR,DNR,DNR,DNR,0,0
,358,Bell Township,Cities,Pennsylvania,2338,3,25,0,DNR,DNR,DNR,DNR,DNR,DNR,DNR,DNR,0,0,DNR,DNR,0,DNR,DNR,DNR,DNR,DNR,DNR,DNR,DNR,DNR,DNR,DNR,DNR,DNR,DNR,DNR
,359,Tuftonboro,Cities,New Hampshire,2339,4,24,0,DNR,DNR,DNR,DNR,DNR,DNR,DNR,DNR,DNR,DNR,DNR,DNR,DNR,DNR,DNR,DNR,DNR,DNR,DNR,DNR,DNR,DNR,DNR,DNR,0,0,0,0
,360,Winsted,Cities,Minnesota,2357,2,26,0,DNR,DNR,DNR,DNR,DNR,DNR,DNR,DNR,0,0,DNR,DNR,DNR,DNR,DNR,DNR,DNR,DNR,DNR,DNR,DNR,DNR,DNR,DNR,DNR,DNR,DNR,DNR
,361,Seville,Cities,Ohio,2358,2,26,0,DNR,DNR,DNR,DNR,0,DNR,DNR,DNR,DNR,DNR,DNR,DNR,DNR,DNR,DNR,DNR,0,DNR,DNR,DNR,DNR,DNR,DNR,DNR,DNR,DNR,DNR,DNR
,362,East Kingston,Cities,New Hampshire,2386,1,27,0,DNR,DNR,DNR,DNR,DNR,DNR,DNR,DNR,DNR,DNR,DNR,DNR,0,DNR,DNR,DNR,DNR,DNR,DNR,DNR,DNR,DNR,DNR,DNR,DNR,DNR,DNR,DNR
,363,Myrtle Point,Cities,OREGON,2390,4,24,0,0,0,0,0,DNR,DNR,DNR,DNR,DNR,DNR,DNR,DNR,DNR,DNR,DNR,DNR,DNR,DNR,DNR,DNR,DNR,DNR,DNR,DNR,DNR,DNR,DNR,DNR
,364,Clifford Township,Cities,PENNSYLVANIA,2403,7,21,0,0,0,0,0,0,0,DNR,DNR,0,DNR,DNR,DNR,DNR,DNR,DNR,DNR,DNR,DNR,DNR,DNR,DNR,DNR,DNR,DNR,DNR,DNR,DNR,DNR
,365,Guntown,Cities,Mississippi,2403,5,23,0,DNR,DNR,DNR,DNR,DNR,DNR,DNR,DNR,0,0,0,0,0,DNR,DNR,DNR,DNR,DNR,DNR,DNR,DNR,DNR,DNR,DNR,DNR,DNR,DNR,DNR
,366,Linn Township,Cities,Wisconsin,2404,4,24,0,DNR,DNR,DNR,DNR,DNR,DNR,DNR,DNR,DNR,DNR,DNR,DNR,DNR,DNR,DNR,DNR,DNR,DNR,DNR,DNR,DNR,DNR,DNR,DNR,0,0,0,0
,367,Aliceville,Cities,ALABAMA,2423,4,24,0,0,0,0,0,DNR,DNR,DNR,DNR,DNR,DNR,DNR,DNR,DNR,DNR,DNR,DNR,DNR,DNR,DNR,DNR,DNR,DNR,DNR,DNR,DNR,DNR,DNR,DNR
,368,North Annville Township,Cities,Pennsylvania,2428,5,23,0,DNR,DNR,DNR,DNR,DNR,DNR,DNR,DNR,DNR,DNR,DNR,DNR,0,0,0,0,0,DNR,DNR,DNR,DNR,DNR,DNR,DNR,DNR,DNR,DNR,DNR
,369,Dora,Cities,ALABAMA,2431,4,24,0,0,0,0,0,DNR,DNR,DNR,DNR,DNR,DNR,DNR,DNR,DNR,DNR,DNR,DNR,DNR,DNR,DNR,DNR,DNR,DNR,DNR,DNR,DNR,DNR,DNR,DNR
,370,Oakland City,Cities,Indiana,2433,4,24,0,DNR,DNR,DNR,DNR,DNR,DNR,DNR,DNR,DNR,DNR,DNR,DNR,DNR,DNR,DNR,DNR,0,0,0,0,DNR,DNR,DNR,DNR,DNR,DNR,DNR,DNR
,371,Statham,Cities,GEORGIA,2451,6,22,0,DNR,DNR,DNR,0,0,0,0,0,0,DNR,DNR,DNR,DNR,DNR,DNR,DNR,DNR,DNR,DNR,DNR,DNR,DNR,DNR,DNR,DNR,DNR,DNR,DNR
,372,East Brewton,Cities,ALABAMA,2491,4,24,0,0,0,0,0,DNR,DNR,DNR,DNR,DNR,DNR,DNR,DNR,DNR,DNR,DNR,DNR,DNR,DNR,DNR,DNR,DNR,DNR,DNR,DNR,DNR,DNR,DNR,DNR
,373,Alorton,Cities,ILLINOIS,2500,4,24,0,0,0,0,0,DNR,DNR,DNR,DNR,DNR,DNR,DNR,DNR,DNR,DNR,DNR,DNR,DNR,DNR,DNR,DNR,DNR,DNR,DNR,DNR,DNR,DNR,DNR,DNR
,374,"Wayne Township, Lawrence County",Cities,Pennsylvania,2509,7,21,0,DNR,DNR,DNR,DNR,DNR,DNR,DNR,DNR,DNR,DNR,DNR,DNR,0,0,0,0,DNR,DNR,DNR,DNR,DNR,DNR,DNR,DNR,0,0,0,DNR
,375,Bentleyville,Cities,Pennsylvania,2514,3,25,0,DNR,DNR,DNR,DNR,DNR,DNR,DNR,DNR,DNR,DNR,DNR,DNR,DNR,DNR,DNR,DNR,DNR,DNR,DNR,DNR,DNR,DNR,DNR,DNR,DNR,0,0,0
,376,Collins,Cities,Mississippi,2559,1,27,0,DNR,DNR,DNR,DNR,DNR,DNR,DNR,DNR,DNR,DNR,DNR,DNR,DNR,DNR,DNR,DNR,DNR,DNR,DNR,DNR,0,DNR,DNR,DNR,DNR,DNR,DNR,DNR
1,377,Sumiton,Cities,ALABAMA,2566,4,24,0,0,0,0,0,DNR,DNR,DNR,DNR,DNR,DNR,DNR,DNR,DNR,DNR,DNR,DNR,DNR,DNR,DNR,DNR,DNR,DNR,DNR,DNR,DNR,DNR,DNR,DNR
,378,Rye Township,Cities,PENNSYLVANIA,2567,1,27,0,0,DNR,DNR,DNR,DNR,DNR,DNR,DNR,DNR,DNR,DNR,DNR,DNR,DNR,DNR,DNR,DNR,DNR,DNR,DNR,DNR,DNR,DNR,DNR,DNR,DNR,DNR,DNR
,379,Mohawk Village,Cities,New York,2611,7,21,0,DNR,DNR,DNR,DNR,DNR,DNR,DNR,DNR,DNR,DNR,DNR,DNR,DNR,DNR,DNR,DNR,DNR,DNR,DNR,DNR,0,0,0,0,0,0,0,DNR
,380,Shady Cove,Cities,OREGON,2647,1,27,0,0,DNR,DNR,DNR,DNR,DNR,DNR,DNR,DNR,DNR,DNR,DNR,DNR,DNR,DNR,DNR,DNR,DNR,DNR,DNR,DNR,DNR,DNR,DNR,DNR,DNR,DNR,DNR
,381,East Tawas,Cities,MICHIGAN,2657,4,24,0,0,0,0,0,DNR,DNR,DNR,DNR,DNR,DNR,DNR,DNR,DNR,DNR,DNR,DNR,DNR,DNR,DNR,DNR,DNR,DNR,DNR,DNR,DNR,DNR,DNR,DNR
,382,Moundville,Cities,ALABAMA,2660,4,24,0,0,0,0,0,DNR,DNR,DNR,DNR,DNR,DNR,DNR,DNR,DNR,DNR,DNR,DNR,DNR,DNR,DNR,DNR,DNR,DNR,DNR,DNR,DNR,DNR,DNR,DNR
,383,George West,Cities,Texas,2670,4,24,0,DNR,DNR,DNR,DNR,DNR,DNR,DNR,DNR,DNR,DNR,DNR,DNR,DNR,DNR,DNR,DNR,DNR,DNR,DNR,DNR,DNR,DNR,DNR,DNR,0,0,0,0
,384,McLeansboro,Cities,ILLINOIS,2670,3,25,0,0,0,0,DNR,DNR,DNR,DNR,DNR,DNR,DNR,DNR,DNR,DNR,DNR,DNR,DNR,DNR,DNR,DNR,DNR,DNR,DNR,DNR,DNR,DNR,DNR,DNR,DNR
,385,"Hanover Township, Washington County",Cities,PENNSYLVANIA,2682,6,22,0,0,0,0,0,0,0,DNR,DNR,DNR,DNR,DNR,DNR,DNR,DNR,DNR,DNR,DNR,DNR,DNR,DNR,DNR,DNR,DNR,DNR,DNR,DNR,DNR,DNR
,386,Loogootee,Cities,INDIANA,2690,5,23,0,DNR,0,DNR,DNR,DNR,DNR,DNR,DNR,DNR,DNR,DNR,DNR,DNR,DNR,DNR,DNR,0,0,0,0,DNR,DNR,DNR,DNR,DNR,DNR,DNR,DNR
,387,"Clay Township, Ottawa County",Cities,OHIO,2720,7,21,0,DNR,0,0,0,0,DNR,0,0,0,DNR,DNR,DNR,DNR,DNR,DNR,DNR,DNR,DNR,DNR,DNR,DNR,DNR,DNR,DNR,DNR,DNR,DNR,DNR
,388,Evendale,Cities,Ohio,2762,4,24,0,DNR,DNR,DNR,DNR,DNR,DNR,DNR,DNR,DNR,DNR,DNR,DNR,0,0,0,0,DNR,DNR,DNR,DNR,DNR,DNR,DNR,DNR,DNR,DNR,DNR,DNR
,389,Christopher,Cities,Illinois,2771,4,24,0,DNR,DNR,DNR,DNR,DNR,DNR,DNR,DNR,DNR,DNR,DNR,DNR,DNR,DNR,DNR,DNR,DNR,DNR,DNR,DNR,DNR,DNR,DNR,DNR,0,0,0,0
,390,Many,Cities,Louisiana,2778,7,21,0,DNR,DNR,DNR,DNR,DNR,DNR,DNR,DNR,DNR,DNR,DNR,DNR,DNR,DNR,DNR,DNR,DNR,DNR,DNR,DNR,0,0,0,0,0,0,0,DNR
,391,Ruidoso Downs,Cities,New Mexico,2847,4,24,0,DNR,DNR,DNR,DNR,0,0,0,0,DNR,DNR,DNR,DNR,DNR,DNR,DNR,DNR,DNR,DNR,DNR,DNR,DNR,DNR,DNR,DNR,DNR,DNR,DNR,DNR
,392,Lena,Cities,Illinois,2850,3,25,0,DNR,DNR,DNR,DNR,DNR,DNR,DNR,DNR,DNR,DNR,DNR,DNR,DNR,DNR,DNR,DNR,0,0,0,DNR,DNR,DNR,DNR,DNR,DNR,DNR,DNR,DNR
1,393,North Kingsville,Cities,Ohio,2870,5,23,0,DNR,DNR,DNR,DNR,DNR,DNR,DNR,DNR,DNR,DNR,DNR,DNR,DNR,DNR,0,0,0,0,0,DNR,DNR,DNR,DNR,DNR,DNR,DNR,DNR,DNR
,394,Bicknell,Cities,Indiana,2880,4,24,0,DNR,DNR,DNR,DNR,DNR,DNR,DNR,DNR,DNR,DNR,DNR,DNR,DNR,DNR,DNR,DNR,0,0,0,0,DNR,DNR,DNR,DNR,DNR,DNR,DNR,DNR
,395,Millen,Cities,GEORGIA,2889,6,22,0,0,0,0,0,0,DNR,DNR,DNR,DNR,DNR,DNR,DNR,DNR,DNR,DNR,DNR,DNR,DNR,DNR,DNR,DNR,DNR,DNR,DNR,DNR,DNR,DNR,0
,396,Nunda Town And Village,Cities,NEW YORK,2892,4,24,0,0,0,0,0,DNR,DNR,DNR,DNR,DNR,DNR,DNR,DNR,DNR,DNR,DNR,DNR,DNR,DNR,DNR,DNR,DNR,DNR,DNR,DNR,DNR,DNR,DNR,DNR
,397,Cowanshannock Township,Cities,PENNSYLVANIA,2905,4,24,0,0,0,0,0,DNR,DNR,DNR,DNR,DNR,DNR,DNR,DNR,DNR,DNR,DNR,DNR,DNR,DNR,DNR,DNR,DNR,DNR,DNR,DNR,DNR,DNR,DNR,DNR
,398,Hollandale,Cities,MISSISSIPPI,2908,1,27,0,DNR,DNR,0,DNR,DNR,DNR,DNR,DNR,DNR,DNR,DNR,DNR,DNR,DNR,DNR,DNR,DNR,DNR,DNR,DNR,DNR,DNR,DNR,DNR,DNR,DNR,DNR,DNR
,399,Ruleville,Cities,Mississippi,2915,5,23,0,DNR,DNR,DNR,DNR,DNR,DNR,DNR,DNR,0,0,DNR,0,0,0,DNR,DNR,DNR,DNR,DNR,DNR,DNR,DNR,DNR,DNR,DNR,DNR,DNR,DNR
,400,Nyssa,Cities,OREGON,2920,4,24,0,0,0,0,0,DNR,DNR,DNR,DNR,DNR,DNR,DNR,DNR,DNR,DNR,DNR,DNR,DNR,DNR,DNR,DNR,DNR,DNR,DNR,DNR,DNR,DNR,DNR,DNR
,401,David City,Cities,NEBRASKA,2932,5,23,0,DNR,DNR,DNR,0,0,0,0,0,DNR,DNR,DNR,DNR,DNR,DNR,DNR,DNR,DNR,DNR,DNR,DNR,DNR,DNR,DNR,DNR,DNR,DNR,DNR,DNR
,402,Odenville,Cities,ALABAMA,2968,4,24,0,0,0,0,0,DNR,DNR,DNR,DNR,DNR,DNR,DNR,DNR,DNR,DNR,DNR,DNR,DNR,DNR,DNR,DNR,DNR,DNR,DNR,DNR,DNR,DNR,DNR,DNR
,403,Catawba Island Township,Cities,OHIO,3009,2,26,0,DNR,DNR,0,0,DNR,DNR,DNR,DNR,DNR,DNR,DNR,DNR,DNR,DNR,DNR,DNR,DNR,DNR,DNR,DNR,DNR,DNR,DNR,DNR,DNR,DNR,DNR,DNR
,404,Poplarville,Cities,MISSISSIPPI,3045,2,26,0,0,0,DNR,DNR,DNR,DNR,DNR,DNR,DNR,DNR,DNR,DNR,DNR,DNR,DNR,DNR,DNR,DNR,DNR,DNR,DNR,DNR,DNR,DNR,DNR,DNR,DNR,DNR
,405,Weaver,Cities,ALABAMA,3053,4,23,1,0,0,0,0,DNR,DNR,1,DNR,DNR,DNR,DNR,DNR,DNR,DNR,DNR,DNR,DNR,DNR,DNR,DNR,DNR,DNR,DNR,DNR,DNR,DNR,DNR,DNR
,406,Priceville,Cities,ALABAMA,3072,4,24,0,0,0,0,0,DNR,DNR,DNR,DNR,DNR,DNR,DNR,DNR,DNR,DNR,DNR,DNR,DNR,DNR,DNR,DNR,DNR,DNR,DNR,DNR,DNR,DNR,DNR,DNR
,407,Jemison,Cities,ALABAMA,3077,4,24,0,0,0,0,0,DNR,DNR,DNR,DNR,DNR,DNR,DNR,DNR,DNR,DNR,DNR,DNR,DNR,DNR,DNR,DNR,DNR,DNR,DNR,DNR,DNR,DNR,DNR,DNR
,408,Fairport Harbor,Cities,Ohio,3094,4,24,0,DNR,DNR,DNR,DNR,DNR,DNR,DNR,DNR,DNR,DNR,0,DNR,DNR,DNR,DNR,DNR,DNR,0,0,0,DNR,DNR,DNR,DNR,DNR,DNR,DNR,DNR
,409,Soperton,Cities,GEORGIA,3167,2,26,0,DNR,0,0,DNR,DNR,DNR,DNR,DNR,DNR,DNR,DNR,DNR,DNR,DNR,DNR,DNR,DNR,DNR,DNR,DNR,DNR,DNR,DNR,DNR,DNR,DNR,DNR,DNR
,410,Warrior,Cities,ALABAMA,3171,4,24,0,0,0,0,0,DNR,DNR,DNR,DNR,DNR,DNR,DNR,DNR,DNR,DNR,DNR,DNR,DNR,DNR,DNR,DNR,DNR,DNR,DNR,DNR,DNR,DNR,DNR,DNR
,411,Oakridge,Cities,OREGON,3195,4,24,0,0,0,0,0,DNR,DNR,DNR,DNR,DNR,DNR,DNR,DNR,DNR,DNR,DNR,DNR,DNR,DNR,DNR,DNR,DNR,DNR,DNR,DNR,DNR,DNR,DNR,DNR
,412,"Washington Township, Lucas County",Cities,Ohio,3239,2,26,0,DNR,DNR,DNR,DNR,DNR,DNR,DNR,DNR,DNR,DNR,DNR,DNR,DNR,DNR,DNR,DNR,DNR,DNR,DNR,DNR,DNR,DNR,DNR,DNR,DNR,DNR,0,0
,413,Estacada,Cities,Oregon,3249,4,24,0,DNR,DNR,DNR,DNR,DNR,DNR,DNR,DNR,DNR,DNR,DNR,DNR,DNR,DNR,DNR,DNR,DNR,DNR,DNR,DNR,DNR,DNR,DNR,DNR,0,0,0,0
,414,Bayou La Batre,Cities,ALABAMA,3253,4,24,0,0,0,0,0,DNR,DNR,DNR,DNR,DNR,DNR,DNR,DNR,DNR,DNR,DNR,DNR,DNR,DNR,DNR,DNR,DNR,DNR,DNR,DNR,DNR,DNR,DNR,DNR
,415,Dadeville,Cities,ALABAMA,3265,4,24,0,0,0,0,0,DNR,DNR,DNR,DNR,DNR,DNR,DNR,DNR,DNR,DNR,DNR,DNR,DNR,DNR,DNR,DNR,DNR,DNR,DNR,DNR,DNR,DNR,DNR,DNR
,416,Orange Village,Cities,Ohio,3287,2,26,0,DNR,DNR,DNR,DNR,DNR,DNR,DNR,DNR,DNR,DNR,DNR,DNR,DNR,DNR,0,0,DNR,DNR,DNR,DNR,DNR,DNR,DNR,DNR,DNR,DNR,DNR,DNR
,417,Dundee,Cities,FLORIDA,3309,4,24,0,0,0,0,0,DNR,DNR,DNR,DNR,DNR,DNR,DNR,DNR,DNR,DNR,DNR,DNR,DNR,DNR,DNR,DNR,DNR,DNR,DNR,DNR,DNR,DNR,DNR,DNR
,418,Combined Locks,Cities,WISCONSIN,3327,4,24,0,0,0,0,0,DNR,DNR,DNR,DNR,DNR,DNR,DNR,DNR,DNR,DNR,DNR,DNR,DNR,DNR,DNR,DNR,DNR,DNR,DNR,DNR,DNR,DNR,DNR,DNR
,419,Red Bay,Cities,ALABAMA,3338,4,24,0,0,0,0,0,DNR,DNR,DNR,DNR,DNR,DNR,DNR,DNR,DNR,DNR,DNR,DNR,DNR,DNR,DNR,DNR,DNR,DNR,DNR,DNR,DNR,DNR,DNR,DNR
,420,Lutcher,Cities,Louisiana,3403,1,27,0,DNR,DNR,DNR,DNR,DNR,DNR,DNR,DNR,DNR,DNR,DNR,DNR,0,DNR,DNR,DNR,DNR,DNR,DNR,DNR,DNR,DNR,DNR,DNR,DNR,DNR,DNR,DNR
,421,Johnston City,Cities,ILLINOIS,3449,4,24,0,0,0,0,0,DNR,DNR,DNR,DNR,DNR,DNR,DNR,DNR,DNR,DNR,DNR,DNR,DNR,DNR,DNR,DNR,DNR,DNR,DNR,DNR,DNR,DNR,DNR,DNR
,422,Evergreen,Cities,ALABAMA,3468,4,24,0,0,0,0,0,DNR,DNR,DNR,DNR,DNR,DNR,DNR,DNR,DNR,DNR,DNR,DNR,DNR,DNR,DNR,DNR,DNR,DNR,DNR,DNR,DNR,DNR,DNR,DNR
,423,Haughton,Cities,Louisiana,3495,1,27,0,DNR,DNR,DNR,DNR,DNR,DNR,DNR,DNR,DNR,DNR,DNR,DNR,0,DNR,DNR,DNR,DNR,DNR,DNR,DNR,DNR,DNR,DNR,DNR,DNR,DNR,DNR,DNR
,424,Heflin,Cities,ALABAMA,3497,4,23,1,0,0,0,0,1,DNR,DNR,DNR,DNR,DNR,DNR,DNR,DNR,DNR,DNR,DNR,DNR,DNR,DNR,DNR,DNR,DNR,DNR,DNR,DNR,DNR,DNR,DNR
,425,Copake Town,Cities,NEW YORK,3631,6,22,0,0,0,0,0,0,0,DNR,DNR,DNR,DNR,DNR,DNR,DNR,DNR,DNR,DNR,DNR,DNR,DNR,DNR,DNR,DNR,DNR,DNR,DNR,DNR,DNR,DNR
,426,Metamora,Cities,ILLINOIS,3647,6,22,0,0,0,0,0,0,DNR,DNR,0,DNR,DNR,DNR,DNR,DNR,DNR,DNR,DNR,DNR,DNR,DNR,DNR,DNR,DNR,DNR,DNR,DNR,DNR,DNR,DNR
,427,Sunderland,Cities,MASSACHUSETTS,3652,7,21,0,0,0,0,DNR,DNR,DNR,DNR,DNR,DNR,DNR,DNR,DNR,DNR,DNR,DNR,DNR,DNR,DNR,DNR,DNR,DNR,DNR,DNR,DNR,0,0,0,0
,428,Lake Providence,Cities,Louisiana,3666,7,21,0,DNR,DNR,DNR,DNR,DNR,DNR,DNR,DNR,DNR,DNR,DNR,DNR,DNR,DNR,DNR,DNR,DNR,DNR,DNR,DNR,0,0,0,0,0,0,0,DNR
,429,Peralta,Cities,New Mexico,3691,1,27,0,DNR,DNR,DNR,DNR,DNR,DNR,DNR,DNR,DNR,DNR,DNR,0,DNR,DNR,DNR,DNR,DNR,DNR,DNR,DNR,DNR,DNR,DNR,DNR,DNR,DNR,DNR,DNR
,430,Minerva,Cities,Ohio,3693,6,22,0,DNR,DNR,DNR,DNR,DNR,DNR,DNR,DNR,DNR,DNR,DNR,DNR,0,DNR,DNR,DNR,0,0,0,0,0,DNR,DNR,DNR,DNR,DNR,DNR,DNR
,431,Angels Camp,Cities,California,3755,4,24,0,DNR,DNR,DNR,DNR,DNR,DNR,DNR,DNR,DNR,DNR,DNR,DNR,DNR,DNR,DNR,DNR,DNR,DNR,DNR,DNR,DNR,DNR,DNR,DNR,0,0,0,0
,432,Sadsbury Township,Cities,Pennsylvania,3762,4,24,0,DNR,DNR,DNR,DNR,DNR,DNR,DNR,DNR,DNR,DNR,DNR,DNR,0,0,0,0,DNR,DNR,DNR,DNR,DNR,DNR,DNR,DNR,DNR,DNR,DNR,DNR
,433,Citronelle,Cities,ALABAMA,3791,4,24,0,0,0,0,0,DNR,DNR,DNR,DNR,DNR,DNR,DNR,DNR,DNR,DNR,DNR,DNR,DNR,DNR,DNR,DNR,DNR,DNR,DNR,DNR,DNR,DNR,DNR,DNR
,434,"Shenango Township, Mercer County",Cities,Pennsylvania,3810,7,21,0,DNR,DNR,DNR,DNR,DNR,DNR,DNR,DNR,DNR,DNR,DNR,DNR,DNR,DNR,DNR,DNR,DNR,DNR,DNR,DNR,0,0,DNR,0,0,0,0,0
,435,Saugerties Village,Cities,NEW YORK,3852,3,25,0,0,0,0,DNR,DNR,DNR,DNR,DNR,DNR,DNR,DNR,DNR,DNR,DNR,DNR,DNR,DNR,DNR,DNR,DNR,DNR,DNR,DNR,DNR,DNR,DNR,DNR,DNR
,436,Hainesville,Cities,ILLINOIS,3855,2,26,0,0,0,DNR,DNR,DNR,DNR,DNR,DNR,DNR,DNR,DNR,DNR,DNR,DNR,DNR,DNR,DNR,DNR,DNR,DNR,DNR,DNR,DNR,DNR,DNR,DNR,DNR,DNR
,437,Bordentown City,Cities,New Jersey,3873,4,24,0,DNR,DNR,DNR,DNR,DNR,DNR,DNR,DNR,DNR,DNR,DNR,DNR,DNR,DNR,DNR,DNR,DNR,DNR,DNR,DNR,DNR,DNR,DNR,DNR,0,0,0,0
1,438,Beaver Dam Township,Cities,Wisconsin,3887,4,24,0,DNR,DNR,DNR,DNR,DNR,DNR,DNR,DNR,DNR,DNR,DNR,DNR,DNR,DNR,DNR,DNR,DNR,DNR,DNR,DNR,DNR,DNR,DNR,DNR,0,0,0,0
,439,Coquille,Cities,OREGON,3926,4,24,0,0,0,0,0,DNR,DNR,DNR,DNR,DNR,DNR,DNR,DNR,DNR,DNR,DNR,DNR,DNR,DNR,DNR,DNR,DNR,DNR,DNR,DNR,DNR,DNR,DNR,DNR
,440,South Point,Cities,Ohio,3958,6,22,0,DNR,DNR,DNR,DNR,DNR,DNR,DNR,DNR,0,DNR,DNR,DNR,0,DNR,0,0,0,DNR,DNR,DNR,DNR,0,DNR,DNR,DNR,DNR,DNR,DNR
1,441,Elba,Cities,ALABAMA,3959,4,23,1,0,0,0,0,DNR,DNR,1,DNR,DNR,DNR,DNR,DNR,DNR,DNR,DNR,DNR,DNR,DNR,DNR,DNR,DNR,DNR,DNR,DNR,DNR,DNR,DNR,DNR
,442,Ball,Cities,Louisiana,4014,4,24,0,DNR,DNR,DNR,DNR,DNR,DNR,DNR,DNR,DNR,DNR,DNR,DNR,DNR,DNR,DNR,DNR,DNR,DNR,DNR,DNR,0,0,0,0,DNR,DNR,DNR,DNR
,443,Berne,Cities,Indiana,4035,6,22,0,DNR,DNR,DNR,DNR,DNR,DNR,DNR,DNR,DNR,DNR,DNR,DNR,DNR,0,DNR,0,0,0,0,0,DNR,DNR,DNR,DNR,DNR,DNR,DNR,DNR
,444,Cedarville,Cities,Ohio,4049,4,24,0,DNR,DNR,DNR,DNR,DNR,DNR,DNR,DNR,DNR,DNR,DNR,DNR,0,0,0,0,DNR,DNR,DNR,DNR,DNR,DNR,DNR,DNR,DNR,DNR,DNR,DNR
,445,Headland,Cities,ALABAMA,4061,4,24,0,0,0,0,0,DNR,DNR,DNR,DNR,DNR,DNR,DNR,DNR,DNR,DNR,DNR,DNR,DNR,DNR,DNR,DNR,DNR,DNR,DNR,DNR,DNR,DNR,DNR,DNR
,446,Bunkie,Cities,Louisiana,4070,4,24,0,DNR,DNR,DNR,DNR,DNR,DNR,DNR,DNR,DNR,DNR,DNR,DNR,DNR,DNR,DNR,DNR,0,0,0,0,DNR,DNR,DNR,DNR,DNR,DNR,DNR,DNR
,447,Deephaven-Woodland,Cities,Minnesota,4163,3,25,0,DNR,DNR,DNR,DNR,DNR,DNR,DNR,0,0,0,DNR,DNR,DNR,DNR,DNR,DNR,DNR,DNR,DNR,DNR,DNR,DNR,DNR,DNR,DNR,DNR,DNR,DNR
,448,Amite,Cities,LOUISIANA,4179,5,23,0,0,0,DNR,0,0,DNR,0,DNR,DNR,DNR,DNR,DNR,DNR,DNR,DNR,DNR,DNR,DNR,DNR,DNR,DNR,DNR,DNR,DNR,DNR,DNR,DNR,DNR
,449,Haleyville,Cities,ALABAMA,4193,4,23,1,0,0,0,0,1,DNR,DNR,DNR,DNR,DNR,DNR,DNR,DNR,DNR,DNR,DNR,DNR,DNR,DNR,DNR,DNR,DNR,DNR,DNR,DNR,DNR,DNR,DNR
,450,Fallowfield Township,Cities,PENNSYLVANIA,4200,4,24,0,0,0,0,0,DNR,DNR,DNR,DNR,DNR,DNR,DNR,DNR,DNR,DNR,DNR,DNR,DNR,DNR,DNR,DNR,DNR,DNR,DNR,DNR,DNR,DNR,DNR,DNR
,451,Salem Township,Cities,Pennsylvania,4252,4,24,0,DNR,DNR,DNR,DNR,DNR,DNR,DNR,DNR,DNR,DNR,DNR,DNR,0,0,0,0,DNR,DNR,DNR,DNR,DNR,DNR,DNR,DNR,DNR,DNR,DNR,DNR
,452,"Tinicum Township, Berks County",Cities,PENNSYLVANIA,4259,4,24,0,0,0,0,0,DNR,DNR,DNR,DNR,DNR,DNR,DNR,DNR,DNR,DNR,DNR,DNR,DNR,DNR,DNR,DNR,DNR,DNR,DNR,DNR,DNR,DNR,DNR,DNR
,453,"Heidelberg Township, Lebanon County",Cities,PENNSYLVANIA,4274,4,24,0,0,0,0,0,DNR,DNR,DNR,DNR,DNR,DNR,DNR,DNR,DNR,DNR,DNR,DNR,DNR,DNR,DNR,DNR,DNR,DNR,DNR,DNR,DNR,DNR,DNR,DNR
,454,Brent,Cities,ALABAMA,4361,4,24,0,0,0,0,0,DNR,DNR,DNR,DNR,DNR,DNR,DNR,DNR,DNR,DNR,DNR,DNR,DNR,DNR,DNR,DNR,DNR,DNR,DNR,DNR,DNR,DNR,DNR,DNR
,455,Magee,Cities,Mississippi,4454,7,21,0,DNR,DNR,DNR,DNR,DNR,DNR,DNR,DNR,DNR,DNR,DNR,DNR,0,DNR,0,0,0,0,0,0,DNR,DNR,DNR,DNR,DNR,DNR,DNR,DNR
,456,Hokes Bluff,Cities,ALABAMA,4531,4,24,0,0,0,0,0,DNR,DNR,DNR,DNR,DNR,DNR,DNR,DNR,DNR,DNR,DNR,DNR,DNR,DNR,DNR,DNR,DNR,DNR,DNR,DNR,DNR,DNR,DNR,DNR
,457,Philomath,Cities,OREGON,4542,4,24,0,0,0,0,0,DNR,DNR,DNR,DNR,DNR,DNR,DNR,DNR,DNR,DNR,DNR,DNR,DNR,DNR,DNR,DNR,DNR,DNR,DNR,DNR,DNR,DNR,DNR,DNR
,458,Wiggins,Cities,Mississippi,4542,7,21,0,DNR,DNR,DNR,DNR,DNR,DNR,DNR,DNR,DNR,DNR,0,0,DNR,DNR,0,DNR,0,0,0,0,DNR,DNR,DNR,DNR,DNR,DNR,DNR,DNR
,459,Daleville,Cities,ALABAMA,4561,4,24,0,0,0,0,0,DNR,DNR,DNR,DNR,DNR,DNR,DNR,DNR,DNR,DNR,DNR,DNR,DNR,DNR,DNR,DNR,DNR,DNR,DNR,DNR,DNR,DNR,DNR,DNR
,460,Veneta,Cities,OREGON,4565,4,24,0,0,0,0,0,DNR,DNR,DNR,DNR,DNR,DNR,DNR,DNR,DNR,DNR,DNR,DNR,DNR,DNR,DNR,DNR,DNR,DNR,DNR,DNR,DNR,DNR,DNR,DNR
,461,Evans City-Seven Fields Regional,Cities,Pennsylvania,4599,4,24,0,DNR,DNR,DNR,DNR,DNR,DNR,DNR,DNR,DNR,DNR,DNR,DNR,DNR,DNR,DNR,DNR,DNR,DNR,DNR,DNR,0,DNR,DNR,DNR,0,0,0,DNR
,462,Church Point,Cities,LOUISIANA,4664,1,27,0,DNR,0,DNR,DNR,DNR,DNR,DNR,DNR,DNR,DNR,DNR,DNR,DNR,DNR,DNR,DNR,DNR,DNR,DNR,DNR,DNR,DNR,DNR,DNR,DNR,DNR,DNR,DNR
,463,Youngtown,Cities,ARIZONA,4759,4,24,0,0,0,0,0,DNR,DNR,DNR,DNR,DNR,DNR,DNR,DNR,DNR,DNR,DNR,DNR,DNR,DNR,DNR,DNR,DNR,DNR,DNR,DNR,DNR,DNR,DNR,DNR
,464,Farrell,Cities,Pennsylvania,4762,1,27,0,DNR,DNR,DNR,DNR,DNR,DNR,DNR,DNR,DNR,DNR,DNR,DNR,DNR,DNR,DNR,DNR,DNR,DNR,DNR,DNR,DNR,DNR,DNR,DNR,DNR,DNR,DNR,0
,465,Union Springs,Cities,ALABAMA,4801,4,24,0,0,0,0,0,DNR,DNR,DNR,DNR,DNR,DNR,DNR,DNR,DNR,DNR,DNR,DNR,DNR,DNR,DNR,DNR,DNR,DNR,DNR,DNR,DNR,DNR,DNR,DNR
,466,Elko New Market,Cities,Minnesota,4831,7,21,0,DNR,DNR,DNR,DNR,DNR,DNR,DNR,DNR,DNR,DNR,DNR,DNR,DNR,DNR,DNR,DNR,DNR,DNR,DNR,DNR,DNR,0,0,0,0,0,0,0
,467,Whiting,Cities,Indiana,4866,4,24,0,DNR,DNR,DNR,DNR,DNR,DNR,DNR,DNR,DNR,DNR,DNR,DNR,DNR,DNR,DNR,DNR,0,0,0,0,DNR,DNR,DNR,DNR,DNR,DNR,DNR,DNR
,468,Grambling,Cities,Louisiana,4955,1,27,0,DNR,DNR,DNR,DNR,DNR,DNR,DNR,DNR,DNR,DNR,DNR,DNR,0,DNR,DNR,DNR,DNR,DNR,DNR,DNR,DNR,DNR,DNR,DNR,DNR,DNR,DNR,DNR
1,469,Rainsville,Cities,ALABAMA,5141,4,24,0,0,0,0,0,DNR,DNR,DNR,DNR,DNR,DNR,DNR,DNR,DNR,DNR,DNR,DNR,DNR,DNR,DNR,DNR,DNR,DNR,DNR,DNR,DNR,DNR,DNR,DNR
,470,Midfield,Cities,ALABAMA,5215,4,24,0,0,0,0,0,DNR,DNR,DNR,DNR,DNR,DNR,DNR,DNR,DNR,DNR,DNR,DNR,DNR,DNR,DNR,DNR,DNR,DNR,DNR,DNR,DNR,DNR,DNR,DNR
,471,Creswell,Cities,OREGON,5237,4,24,0,0,0,0,0,DNR,DNR,DNR,DNR,DNR,DNR,DNR,DNR,DNR,DNR,DNR,DNR,DNR,DNR,DNR,DNR,DNR,DNR,DNR,DNR,DNR,DNR,DNR,DNR
1,472,Carmi,Cities,Illinois,5241,4,24,0,DNR,DNR,DNR,DNR,DNR,DNR,DNR,DNR,0,0,0,0,DNR,DNR,DNR,DNR,DNR,DNR,DNR,DNR,DNR,DNR,DNR,DNR,DNR,DNR,DNR,DNR
,473,Big Bear ,Cities,California,5250,4,24,0,DNR,DNR,DNR,DNR,DNR,DNR,DNR,DNR,DNR,DNR,DNR,DNR,DNR,DNR,DNR,DNR,DNR,DNR,DNR,DNR,DNR,DNR,DNR,DNR,0,0,0,0
,474,Brewton,Cities,ALABAMA,5262,4,24,0,0,0,0,0,DNR,DNR,DNR,DNR,DNR,DNR,DNR,DNR,DNR,DNR,DNR,DNR,DNR,DNR,DNR,DNR,DNR,DNR,DNR,DNR,DNR,DNR,DNR,DNR
1,475,Robertsdale,Cities,ALABAMA,5320,3,25,0,0,0,0,DNR,DNR,DNR,DNR,DNR,DNR,DNR,DNR,DNR,DNR,DNR,DNR,DNR,DNR,DNR,DNR,DNR,DNR,DNR,DNR,DNR,DNR,DNR,DNR,DNR
,476,Orange Beach,Cities,ALABAMA,5467,4,22,2,0,0,0,0,DNR,1,2,DNR,DNR,DNR,DNR,DNR,DNR,DNR,DNR,DNR,DNR,DNR,DNR,DNR,DNR,DNR,DNR,DNR,DNR,DNR,DNR,DNR
1,477,Cross Creek Township,Cities,OHIO,5468,7,21,0,0,0,0,0,0,0,0,DNR,DNR,DNR,DNR,DNR,DNR,DNR,DNR,DNR,DNR,DNR,DNR,DNR,DNR,DNR,DNR,DNR,DNR,DNR,DNR,DNR
1,478,Marksville,Cities,LOUISIANA,5515,5,23,0,DNR,DNR,0,DNR,DNR,DNR,DNR,DNR,DNR,DNR,DNR,DNR,DNR,DNR,DNR,DNR,DNR,DNR,DNR,DNR,0,0,0,0,DNR,DNR,DNR,DNR
1,479,Falcon Heights,Cities,Minnesota,5619,6,22,0,DNR,DNR,DNR,DNR,0,DNR,DNR,0,DNR,DNR,DNR,DNR,DNR,DNR,DNR,DNR,DNR,DNR,DNR,DNR,DNR,DNR,DNR,DNR,0,0,0,0
,480,Taos,Cities,NEW MEXICO,5689,3,25,0,DNR,0,0,0,DNR,DNR,DNR,DNR,DNR,DNR,DNR,DNR,DNR,DNR,DNR,DNR,DNR,DNR,DNR,DNR,DNR,DNR,DNR,DNR,DNR,DNR,DNR,DNR
,481,Ossining Town,Cities,NEW YORK,5731,4,24,0,0,0,0,0,DNR,DNR,DNR,DNR,DNR,DNR,DNR,DNR,DNR,DNR,DNR,DNR,DNR,DNR,DNR,DNR,DNR,DNR,DNR,DNR,DNR,DNR,DNR,DNR
,482,Satsuma,Cities,ALABAMA,6120,4,24,0,0,0,0,0,DNR,DNR,DNR,DNR,DNR,DNR,DNR,DNR,DNR,DNR,DNR,DNR,DNR,DNR,DNR,DNR,DNR,DNR,DNR,DNR,DNR,DNR,DNR,DNR
,483,Fair Haven  ,Cities,New Jersey,6141,4,24,0,DNR,DNR,DNR,DNR,0,0,0,0,DNR,DNR,DNR,DNR,DNR,DNR,DNR,DNR,DNR,DNR,DNR,DNR,DNR,DNR,DNR,DNR,DNR,DNR,DNR,DNR
,484,Waveland,Cities,MISSISSIPPI,6459,4,24,0,0,0,0,DNR,0,DNR,DNR,DNR,DNR,DNR,DNR,DNR,DNR,DNR,DNR,DNR,DNR,DNR,DNR,DNR,DNR,DNR,DNR,DNR,DNR,DNR,DNR,DNR
,485,Attalla,Cities,ALABAMA,6621,4,24,0,0,0,0,0,DNR,DNR,DNR,DNR,DNR,DNR,DNR,DNR,DNR,DNR,DNR,DNR,DNR,DNR,DNR,DNR,DNR,DNR,DNR,DNR,DNR,DNR,DNR,DNR
,486,Thomson,Cities,GEORGIA,6630,2,26,0,0,0,DNR,DNR,DNR,DNR,DNR,DNR,DNR,DNR,DNR,DNR,DNR,DNR,DNR,DNR,DNR,DNR,DNR,DNR,DNR,DNR,DNR,DNR,DNR,DNR,DNR,DNR
,487,Leesville,Cities,Louisiana,6632,1,27,0,DNR,DNR,DNR,DNR,DNR,DNR,DNR,DNR,DNR,DNR,DNR,DNR,DNR,DNR,DNR,DNR,0,DNR,DNR,DNR,DNR,DNR,DNR,DNR,DNR,DNR,DNR,DNR
,488,Montevallo,Cities,ALABAMA,6657,4,24,0,0,0,0,0,DNR,DNR,DNR,DNR,DNR,DNR,DNR,DNR,DNR,DNR,DNR,DNR,DNR,DNR,DNR,DNR,DNR,DNR,DNR,DNR,DNR,DNR,DNR,DNR
1,489,Aztec,Cities,NEW MEXICO,6839,6,22,0,0,0,0,0,0,0,DNR,DNR,DNR,DNR,DNR,DNR,DNR,DNR,DNR,DNR,DNR,DNR,DNR,DNR,DNR,DNR,DNR,DNR,DNR,DNR,DNR,DNR
,490,Charelroi Regional,Cities,Pennsylvania,6846,4,24,0,DNR,DNR,DNR,DNR,DNR,DNR,DNR,DNR,0,0,0,0,DNR,DNR,DNR,DNR,DNR,DNR,DNR,DNR,DNR,DNR,DNR,DNR,DNR,DNR,DNR,DNR
1,491,Lanett,Cities,ALABAMA,7026,3,24,1,0,0,0,1,DNR,DNR,DNR,DNR,DNR,DNR,DNR,DNR,DNR,DNR,DNR,DNR,DNR,DNR,DNR,DNR,DNR,DNR,DNR,DNR,DNR,DNR,DNR,DNR
1,492,Milton-Freewater,Cities,OREGON,7029,5,23,0,0,0,0,0,DNR,DNR,DNR,DNR,DNR,DNR,DNR,DNR,DNR,DNR,DNR,DNR,DNR,DNR,DNR,DNR,DNR,DNR,DNR,DNR,DNR,DNR,DNR,0
,493,St. Gabriel,Cities,Louisiana,7075,4,24,0,DNR,DNR,DNR,DNR,DNR,DNR,DNR,DNR,DNR,DNR,DNR,DNR,DNR,DNR,DNR,DNR,DNR,DNR,DNR,DNR,0,0,0,0,DNR,DNR,DNR,DNR
,494,Ponchatoula,Cities,Louisiana,7168,6,22,0,DNR,DNR,DNR,DNR,DNR,DNR,DNR,DNR,DNR,DNR,DNR,DNR,DNR,DNR,DNR,DNR,DNR,DNR,DNR,DNR,0,0,0,0,0,DNR,DNR,0
1,495,Truth or Consequences,Cities,NEW MEXICO,7194,1,27,0,DNR,DNR,0,DNR,DNR,DNR,DNR,DNR,DNR,DNR,DNR,DNR,DNR,DNR,DNR,DNR,DNR,DNR,DNR,DNR,DNR,DNR,DNR,DNR,DNR,DNR,DNR,DNR
,496,Ville Platte,Cities,Louisiana,7234,4,24,0,DNR,DNR,DNR,DNR,DNR,DNR,DNR,DNR,DNR,DNR,DNR,DNR,DNR,DNR,DNR,DNR,DNR,DNR,DNR,DNR,DNR,DNR,DNR,DNR,0,0,0,0
1,497,Belen,Cities,NEW MEXICO,7247,4,23,1,0,0,0,0,DNR,DNR,DNR,DNR,DNR,DNR,DNR,DNR,DNR,DNR,DNR,1,DNR,DNR,DNR,DNR,DNR,DNR,DNR,DNR,DNR,DNR,DNR,DNR
,498,Devils lake,Cities,North Dakota,7326,2,25,1,DNR,DNR,DNR,DNR,DNR,DNR,DNR,DNR,DNR,DNR,DNR,DNR,DNR,DNR,DNR,DNR,DNR,DNR,DNR,DNR,0,1,0,DNR,DNR,DNR,DNR,DNR
,499,Sioux Center,Cities,Iowa,7544,6,22,0,DNR,DNR,DNR,DNR,DNR,DNR,DNR,DNR,DNR,DNR,DNR,DNR,DNR,DNR,DNR,DNR,DNR,DNR,DNR,DNR,0,DNR,DNR,0,0,0,0,0
1,500,Calumet Park,Cities,ILLINOIS,7859,6,22,0,0,0,DNR,DNR,0,0,0,0,DNR,DNR,DNR,DNR,DNR,DNR,DNR,DNR,DNR,DNR,DNR,DNR,DNR,DNR,DNR,DNR,DNR,DNR,DNR,DNR
1,501,Millis,Cities,Massachusetts,8048,4,23,1,DNR,DNR,DNR,DNR,DNR,DNR,DNR,DNR,0,1,0,0,DNR,0,DNR,DNR,DNR,DNR,DNR,DNR,DNR,DNR,DNR,DNR,DNR,DNR,DNR,DNR
,502,Bay Minette,Cities,ALABAMA,8083,5,23,0,0,0,DNR,0,0,0,DNR,DNR,DNR,DNR,DNR,DNR,DNR,DNR,DNR,DNR,DNR,DNR,DNR,DNR,DNR,DNR,DNR,DNR,DNR,DNR,DNR,DNR
,503,Brazil,Cities,Indiana,8197,7,21,0,DNR,DNR,DNR,DNR,DNR,DNR,DNR,DNR,0,0,DNR,0,DNR,DNR,DNR,DNR,0,0,0,0,DNR,DNR,DNR,DNR,DNR,DNR,DNR,DNR
1,504,Fulshear,Cities,Texas,8237,4,24,0,DNR,DNR,DNR,DNR,DNR,DNR,DNR,DNR,DNR,DNR,DNR,DNR,DNR,DNR,DNR,DNR,DNR,DNR,DNR,DNR,DNR,DNR,DNR,DNR,0,0,0,0
,505,Fort Valley,Cities,Georgia,8374,5,23,0,DNR,DNR,DNR,DNR,DNR,DNR,DNR,DNR,DNR,DNR,DNR,DNR,DNR,DNR,DNR,DNR,DNR,DNR,DNR,DNR,0,0,DNR,DNR,DNR,0,0,0
,506,Fultondale,Cities,ALABAMA,8420,4,23,1,0,0,0,0,DNR,DNR,DNR,1,DNR,DNR,DNR,DNR,DNR,DNR,DNR,DNR,DNR,DNR,DNR,DNR,DNR,DNR,DNR,DNR,DNR,DNR,DNR,DNR
,507,Menominee ,Cities,Michigan,8429,4,24,0,DNR,DNR,DNR,DNR,DNR,DNR,DNR,DNR,DNR,DNR,DNR,DNR,DNR,DNR,DNR,DNR,DNR,DNR,DNR,DNR,0,0,0,0,DNR,DNR,DNR,DNR
1,508,Arab,Cities,ALABAMA,8438,4,24,0,0,0,0,0,DNR,DNR,DNR,DNR,DNR,DNR,DNR,DNR,DNR,DNR,DNR,DNR,DNR,DNR,DNR,DNR,DNR,DNR,DNR,DNR,DNR,DNR,DNR,DNR
,509,Tuscumbia,Cities,ALABAMA,8464,4,23,1,0,0,0,0,DNR,DNR,DNR,1,DNR,DNR,DNR,DNR,DNR,DNR,DNR,DNR,DNR,DNR,DNR,DNR,DNR,DNR,DNR,DNR,DNR,DNR,DNR,DNR
,510,Boaz,Cities,ALABAMA,8656,4,24,0,0,0,0,0,DNR,DNR,DNR,DNR,DNR,DNR,DNR,DNR,DNR,DNR,DNR,DNR,DNR,DNR,DNR,DNR,DNR,DNR,DNR,DNR,DNR,DNR,DNR,DNR
1,511,Clanton,Cities,ALABAMA,8660,3,23,2,0,0,0,DNR,1,DNR,1,DNR,DNR,DNR,DNR,DNR,DNR,DNR,DNR,DNR,DNR,DNR,DNR,DNR,DNR,DNR,DNR,DNR,DNR,DNR,DNR,DNR
,512,Angola,Cities,Indiana,8661,4,24,0,DNR,DNR,DNR,DNR,DNR,DNR,DNR,DNR,DNR,DNR,DNR,DNR,DNR,DNR,DNR,DNR,0,0,0,0,DNR,DNR,DNR,DNR,DNR,DNR,DNR,DNR
1,513,Southside,Cities,ALABAMA,8731,4,24,0,0,0,0,0,DNR,DNR,DNR,DNR,DNR,DNR,DNR,DNR,DNR,DNR,DNR,DNR,DNR,DNR,DNR,DNR,DNR,DNR,DNR,DNR,DNR,DNR,DNR,DNR
,514,Thief River Falls,Cities,Minnesota,8776,7,21,0,DNR,DNR,DNR,DNR,DNR,DNR,DNR,DNR,DNR,DNR,DNR,DNR,DNR,DNR,DNR,DNR,DNR,DNR,DNR,DNR,DNR,0,0,0,0,0,0,0
,515,McRae-Helena,Cities,Georgia,8786,4,24,0,DNR,DNR,DNR,DNR,DNR,DNR,DNR,DNR,DNR,DNR,DNR,DNR,DNR,DNR,DNR,DNR,DNR,DNR,DNR,DNR,DNR,DNR,DNR,DNR,0,0,0,0
,516,"Penn Township, Lancaster County",Cities,PENNSYLVANIA,8817,7,21,0,0,0,0,0,0,0,0,DNR,DNR,DNR,DNR,DNR,DNR,DNR,DNR,DNR,DNR,DNR,DNR,DNR,DNR,DNR,DNR,DNR,DNR,DNR,DNR,DNR
,517,Andalusia,Cities,ALABAMA,8946,4,24,0,0,0,0,0,DNR,DNR,DNR,DNR,DNR,DNR,DNR,DNR,DNR,DNR,DNR,DNR,DNR,DNR,DNR,DNR,DNR,DNR,DNR,DNR,DNR,DNR,DNR,DNR
,518,Sweet Home,Cities,OREGON,8950,4,24,0,0,0,0,0,DNR,DNR,DNR,DNR,DNR,DNR,DNR,DNR,DNR,DNR,DNR,DNR,DNR,DNR,DNR,DNR,DNR,DNR,DNR,DNR,DNR,DNR,DNR,DNR
1,519,Sheffield,Cities,ALABAMA,9083,5,22,1,0,0,0,0,0,1,DNR,DNR,DNR,DNR,DNR,DNR,DNR,DNR,DNR,DNR,DNR,DNR,DNR,DNR,DNR,DNR,DNR,DNR,DNR,DNR,DNR,DNR
1,520,Sugar Grove,Cities,Illinois,9142,6,22,0,DNR,DNR,DNR,DNR,DNR,DNR,DNR,DNR,0,DNR,0,DNR,0,0,0,0,DNR,DNR,DNR,DNR,DNR,DNR,DNR,DNR,DNR,DNR,DNR,DNR
,521,Berrien Springs-Oronoko,Cities,MICHIGAN,9170,5,23,0,0,DNR,DNR,DNR,DNR,DNR,DNR,DNR,DNR,DNR,DNR,DNR,0,0,0,0,DNR,DNR,DNR,DNR,DNR,DNR,DNR,DNR,DNR,DNR,DNR,DNR
,522,Mound,Cities,Minnesota,9239,2,26,0,DNR,DNR,DNR,DNR,DNR,DNR,DNR,DNR,0,0,DNR,DNR,DNR,DNR,DNR,DNR,DNR,DNR,DNR,DNR,DNR,DNR,DNR,DNR,DNR,DNR,DNR,DNR
,523,DeForest,Cities,WISCONSIN,9260,4,24,0,0,0,0,0,DNR,DNR,DNR,DNR,DNR,DNR,DNR,DNR,DNR,DNR,DNR,DNR,DNR,DNR,DNR,DNR,DNR,DNR,DNR,DNR,DNR,DNR,DNR,DNR
,524,Pryor Creek,Cities,Oklahoma,9455,3,25,0,DNR,DNR,DNR,DNR,DNR,DNR,DNR,DNR,DNR,DNR,DNR,DNR,DNR,DNR,DNR,DNR,DNR,DNR,DNR,DNR,DNR,DNR,DNR,DNR,0,0,0,DNR
1,525,Astoria,Cities,ILLINOIS,9655,7,21,0,0,0,0,0,DNR,DNR,DNR,DNR,DNR,DNR,DNR,DNR,DNR,DNR,DNR,DNR,DNR,DNR,DNR,DNR,DNR,DNR,DNR,DNR,DNR,0,0,0
,526,Hermantown,Cities,Minnesota,9761,7,21,0,DNR,DNR,DNR,DNR,DNR,DNR,DNR,DNR,DNR,DNR,DNR,DNR,DNR,0,0,0,0,0,0,DNR,DNR,DNR,DNR,DNR,0,DNR,DNR,DNR
,527,Burlington City,Cities,New Jersey,9785,4,24,0,DNR,DNR,DNR,DNR,DNR,DNR,DNR,DNR,DNR,DNR,DNR,DNR,DNR,DNR,DNR,DNR,DNR,DNR,DNR,DNR,DNR,DNR,DNR,DNR,0,0,0,0
,528,Gulf Shores,Cities,ALABAMA,9788,6,22,0,0,0,0,0,0,0,DNR,DNR,DNR,DNR,DNR,DNR,DNR,DNR,DNR,DNR,DNR,DNR,DNR,DNR,DNR,DNR,DNR,DNR,DNR,DNR,DNR,DNR
,529,Atmore,Cities,ALABAMA,10182,4,24,0,0,0,0,0,DNR,DNR,DNR,DNR,DNR,DNR,DNR,DNR,DNR,DNR,DNR,DNR,DNR,DNR,DNR,DNR,DNR,DNR,DNR,DNR,DNR,DNR,DNR,DNR
,530,Eunice,Cities,Louisiana,10291,1,27,0,DNR,DNR,DNR,DNR,DNR,DNR,DNR,DNR,DNR,DNR,DNR,DNR,DNR,DNR,DNR,DNR,DNR,DNR,DNR,DNR,DNR,DNR,DNR,DNR,0,DNR,DNR,DNR
,531,Bedford Heights,Cities,Ohio,10608,1,27,0,DNR,DNR,DNR,DNR,DNR,DNR,DNR,DNR,DNR,DNR,DNR,DNR,0,DNR,DNR,DNR,DNR,DNR,DNR,DNR,DNR,DNR,DNR,DNR,DNR,DNR,DNR,DNR
,532,East Liverpool,Cities,Ohio,11010,4,22,2,DNR,DNR,DNR,DNR,DNR,DNR,DNR,DNR,2,0,0,0,2,0,DNR,DNR,DNR,DNR,DNR,DNR,DNR,DNR,DNR,DNR,DNR,DNR,DNR,DNR
1,533,Tuskegee,Cities,ALABAMA,11065,4,24,0,0,0,0,0,DNR,DNR,DNR,DNR,DNR,DNR,DNR,DNR,DNR,DNR,DNR,DNR,DNR,DNR,DNR,DNR,DNR,DNR,DNR,DNR,DNR,DNR,DNR,DNR
,534,Yazoo City,Cities,Mississippi,11570,1,27,0,DNR,DNR,DNR,DNR,DNR,DNR,DNR,DNR,DNR,DNR,DNR,DNR,DNR,DNR,0,DNR,DNR,DNR,DNR,DNR,DNR,DNR,DNR,DNR,DNR,DNR,DNR,DNR
,535,Bogalusa,Cities,Louisiana,11882,5,23,0,DNR,DNR,DNR,DNR,DNR,DNR,DNR,DNR,DNR,DNR,DNR,DNR,DNR,DNR,DNR,DNR,DNR,DNR,DNR,DNR,0,0,0,0,DNR,0,DNR,DNR
1,536,Freehold Borough,Cities,New Jersey,11941,2,25,1,DNR,DNR,DNR,DNR,DNR,DNR,DNR,DNR,DNR,DNR,DNR,DNR,DNR,DNR,DNR,DNR,DNR,DNR,DNR,DNR,DNR,DNR,DNR,DNR,DNR,0,0,2
,537,The Dalles,Cities,OREGON,12186,4,24,0,0,0,0,0,DNR,DNR,DNR,DNR,DNR,DNR,DNR,DNR,DNR,DNR,DNR,DNR,DNR,DNR,DNR,DNR,DNR,DNR,DNR,DNR,DNR,DNR,DNR,DNR
,538,Slate Belt Regional,Cities,Pennsylvania,12358,6,22,0,DNR,DNR,DNR,DNR,DNR,DNR,DNR,DNR,DNR,DNR,DNR,DNR,DNR,DNR,DNR,DNR,DNR,DNR,DNR,DNR,DNR,0,DNR,0,0,0,0,0
,539,Half Moon Bay,Cities,CALIFORNIA,12648,4,24,0,0,0,0,0,DNR,DNR,DNR,DNR,DNR,DNR,DNR,DNR,DNR,DNR,DNR,DNR,DNR,DNR,DNR,DNR,DNR,DNR,DNR,DNR,DNR,DNR,DNR,DNR
,540,Pell City,Cities,ALABAMA,12756,5,23,0,0,0,0,0,DNR,DNR,0,DNR,DNR,DNR,DNR,DNR,DNR,DNR,DNR,DNR,DNR,DNR,DNR,DNR,DNR,DNR,DNR,DNR,DNR,DNR,DNR,DNR
,541,Connersville,Cities,Indiana,13191,4,24,0,DNR,DNR,DNR,DNR,DNR,DNR,DNR,DNR,DNR,DNR,DNR,DNR,DNR,DNR,DNR,DNR,0,0,0,0,DNR,DNR,DNR,DNR,DNR,DNR,DNR,DNR
,542,Olmsted Township,Cities,Ohio,13244,4,24,0,DNR,DNR,DNR,DNR,DNR,DNR,DNR,DNR,DNR,DNR,DNR,DNR,DNR,DNR,DNR,DNR,DNR,DNR,0,0,0,0,DNR,DNR,DNR,DNR,DNR,DNR
,543,Saraland,Cities,ALABAMA,13470,3,23,2,0,0,DNR,0,1,1,DNR,DNR,DNR,DNR,DNR,DNR,DNR,DNR,DNR,DNR,DNR,DNR,DNR,DNR,DNR,DNR,DNR,DNR,DNR,DNR,DNR,DNR
,544,Fruitport Township,Cities,Michigan,13879,3,24,1,DNR,DNR,DNR,DNR,DNR,DNR,DNR,DNR,DNR,DNR,DNR,DNR,DNR,DNR,DNR,DNR,DNR,DNR,DNR,DNR,DNR,DNR,DNR,DNR,0,0,1,0
,545,Sault Ste. Marie ,Cities,Michigan,13911,4,24,0,DNR,DNR,DNR,DNR,DNR,DNR,DNR,DNR,DNR,DNR,DNR,DNR,DNR,DNR,DNR,DNR,DNR,DNR,DNR,DNR,0,0,0,0,DNR,DNR,DNR,DNR
,546,Middlesex Borough,Cities,New Jersey,13923,3,25,0,DNR,DNR,DNR,DNR,DNR,DNR,DNR,DNR,DNR,DNR,DNR,DNR,DNR,DNR,DNR,DNR,DNR,DNR,DNR,DNR,DNR,DNR,DNR,DNR,DNR,0,0,0
1,547,Fort Payne,Cities,ALABAMA,14079,3,24,1,0,0,DNR,0,2,DNR,DNR,DNR,DNR,DNR,DNR,DNR,DNR,DNR,DNR,DNR,DNR,DNR,DNR,DNR,DNR,DNR,DNR,DNR,DNR,DNR,DNR,DNR
,548,Hartselle,Cities,ALABAMA,14258,4,24,0,0,0,0,0,DNR,DNR,DNR,DNR,DNR,DNR,DNR,DNR,DNR,DNR,DNR,DNR,DNR,DNR,DNR,DNR,DNR,DNR,DNR,DNR,DNR,DNR,DNR,DNR
,549,Deming,Cities,NEW MEXICO,14987,3,25,0,DNR,DNR,0,DNR,DNR,DNR,DNR,0,0,DNR,DNR,DNR,DNR,DNR,DNR,DNR,DNR,DNR,DNR,DNR,DNR,DNR,DNR,DNR,DNR,DNR,DNR,DNR
,550,Ledyard,Cities,Connecticut,15021,3,24,1,DNR,DNR,DNR,DNR,DNR,DNR,DNR,DNR,DNR,DNR,DNR,DNR,DNR,DNR,DNR,DNR,DNR,DNR,DNR,DNR,DNR,DNR,DNR,DNR,0,0,0,1
,551,Alexander City,Cities,ALABAMA,15229,4,24,0,0,0,0,0,DNR,DNR,DNR,DNR,DNR,DNR,DNR,DNR,DNR,DNR,DNR,DNR,DNR,DNR,DNR,DNR,DNR,DNR,DNR,DNR,DNR,DNR,DNR,DNR
1,552,West Park,Cities,Florida,15285,0,27,1,DNR,DNR,DNR,DNR,DNR,DNR,DNR,DNR,DNR,DNR,DNR,DNR,DNR,DNR,DNR,DNR,DNR,DNR,DNR,DNR,DNR,DNR,DNR,DNR,1,DNR,DNR,DNR
,553,Los Lunas,Cities,New Mexico,15398,1,22,5,DNR,DNR,DNR,DNR,DNR,DNR,DNR,DNR,DNR,1,DNR,1,0,DNR,1,DNR,DNR,DNR,DNR,DNR,1,DNR,DNR,DNR,DNR,1,DNR,DNR
,554,Natchez,Cities,Mississippi,15446,2,26,0,DNR,DNR,DNR,DNR,DNR,DNR,DNR,DNR,DNR,DNR,DNR,DNR,DNR,DNR,DNR,DNR,0,0,DNR,DNR,DNR,DNR,DNR,DNR,DNR,DNR,DNR,DNR
,555,Cullman,Cities,ALABAMA,15540,4,23,1,0,0,0,0,DNR,DNR,1,DNR,DNR,DNR,DNR,DNR,DNR,DNR,DNR,DNR,DNR,DNR,DNR,DNR,DNR,DNR,DNR,DNR,DNR,DNR,DNR,DNR
,556,Troutdale,Cities,OREGON,15692,4,24,0,0,0,0,0,DNR,DNR,DNR,DNR,DNR,DNR,DNR,DNR,DNR,DNR,DNR,DNR,DNR,DNR,DNR,DNR,DNR,DNR,DNR,DNR,DNR,DNR,DNR,DNR
,557,Hueytown,Cities,ALABAMA,16183,3,24,1,0,DNR,0,0,DNR,DNR,DNR,1,DNR,DNR,DNR,DNR,DNR,DNR,DNR,DNR,DNR,DNR,DNR,DNR,DNR,DNR,DNR,DNR,DNR,DNR,DNR,DNR
,558,Fairview Park,Cities,Ohio,16318,3,24,1,DNR,DNR,DNR,DNR,DNR,DNR,DNR,DNR,DNR,DNR,DNR,DNR,DNR,DNR,DNR,DNR,DNR,DNR,DNR,DNR,DNR,DNR,DNR,DNR,0,0,0,1
,559,Griffith,Cities,Indiana,16552,4,24,0,DNR,DNR,DNR,DNR,DNR,DNR,DNR,DNR,DNR,DNR,DNR,DNR,DNR,DNR,DNR,DNR,0,0,0,0,DNR,DNR,DNR,DNR,DNR,DNR,DNR,DNR
,560,Foxborough,Cities,Massachusetts,17195,3,25,0,DNR,DNR,DNR,DNR,DNR,DNR,DNR,DNR,DNR,DNR,DNR,0,0,0,DNR,DNR,DNR,DNR,DNR,DNR,DNR,DNR,DNR,DNR,DNR,DNR,DNR,DNR
,561,Everest Metropolitan,Cities,Wisconsin,17318,4,24,0,DNR,DNR,DNR,DNR,DNR,DNR,DNR,DNR,DNR,DNR,DNR,DNR,DNR,DNR,DNR,DNR,DNR,DNR,DNR,DNR,DNR,DNR,DNR,DNR,0,0,0,0
,562,Copley Township,Cities,OHIO,17653,7,21,0,0,0,0,0,DNR,DNR,DNR,DNR,DNR,DNR,DNR,DNR,DNR,DNR,DNR,DNR,DNR,DNR,DNR,DNR,DNR,DNR,DNR,DNR,0,0,0,DNR
,563,Tiffin,Cities,Ohio,17806,1,27,0,DNR,DNR,DNR,DNR,DNR,DNR,DNR,DNR,DNR,DNR,DNR,DNR,DNR,DNR,DNR,DNR,0,DNR,DNR,DNR,DNR,DNR,DNR,DNR,DNR,DNR,DNR,DNR
,564,"Warwick Township, Lancaster County",Cities,PENNSYLVANIA,17840,7,21,0,0,0,0,0,0,0,0,DNR,DNR,DNR,DNR,DNR,DNR,DNR,DNR,DNR,DNR,DNR,DNR,DNR,DNR,DNR,DNR,DNR,DNR,DNR,DNR,DNR
,565,Logansport,Cities,Indiana,17973,4,24,0,DNR,DNR,DNR,DNR,DNR,DNR,DNR,DNR,DNR,DNR,DNR,DNR,DNR,DNR,DNR,DNR,0,0,0,0,DNR,DNR,DNR,DNR,DNR,DNR,DNR,DNR
,566,Steubenville,Cities,Ohio,18137,2,25,1,DNR,DNR,DNR,DNR,DNR,DNR,DNR,DNR,DNR,DNR,DNR,DNR,DNR,DNR,DNR,DNR,DNR,DNR,DNR,DNR,DNR,DNR,DNR,DNR,DNR,0,1,0
,567,Klamath Falls,Cities,OREGON,19922,4,24,0,0,0,0,0,DNR,DNR,DNR,DNR,DNR,DNR,DNR,DNR,DNR,DNR,DNR,DNR,DNR,DNR,DNR,DNR,DNR,DNR,DNR,DNR,DNR,DNR,DNR,DNR
,568,Daphne,Cities,ALABAMA,20018,4,24,0,0,0,0,0,DNR,DNR,DNR,DNR,DNR,DNR,DNR,DNR,DNR,DNR,DNR,DNR,DNR,DNR,DNR,DNR,DNR,DNR,DNR,DNR,DNR,DNR,DNR,DNR
1,569,Rocky River,Cities,Ohio,20400,4,24,0,DNR,DNR,DNR,DNR,DNR,DNR,DNR,DNR,DNR,DNR,DNR,DNR,DNR,DNR,DNR,DNR,DNR,DNR,DNR,DNR,DNR,DNR,DNR,DNR,0,0,0,0
1,570,Munster,Cities,Indiana,22865,4,23,1,DNR,DNR,DNR,DNR,DNR,DNR,DNR,DNR,DNR,DNR,DNR,DNR,DNR,DNR,DNR,DNR,0,0,0,0,DNR,DNR,DNR,DNR,1,DNR,DNR,DNR
,571,Upper Macungie Township,Cities,Pennsylvania,23396,7,21,0,DNR,DNR,DNR,DNR,DNR,DNR,DNR,DNR,DNR,DNR,DNR,DNR,DNR,DNR,DNR,DNR,DNR,DNR,DNR,DNR,0,0,DNR,0,0,0,0,0
1,572,Pascagoula,Cities,MISSISSIPPI,23479,4,24,0,0,0,0,0,DNR,DNR,DNR,DNR,DNR,DNR,DNR,DNR,DNR,DNR,DNR,DNR,DNR,DNR,DNR,DNR,DNR,DNR,DNR,DNR,DNR,DNR,DNR,DNR
1,573,Avon Lake,Cities,Ohio,23625,4,24,0,DNR,DNR,DNR,DNR,DNR,DNR,DNR,DNR,DNR,DNR,DNR,DNR,DNR,DNR,DNR,DNR,DNR,DNR,DNR,DNR,DNR,DNR,DNR,DNR,0,0,0,0
,574,Anniston,Cities,ALABAMA,23703,4,24,0,0,0,0,0,DNR,DNR,DNR,DNR,DNR,DNR,DNR,DNR,DNR,DNR,DNR,DNR,DNR,DNR,DNR,DNR,DNR,DNR,DNR,DNR,DNR,DNR,DNR,DNR
,575,Northport,Cities,ALABAMA,24019,4,24,0,0,0,0,0,DNR,DNR,DNR,DNR,DNR,DNR,DNR,DNR,DNR,DNR,DNR,DNR,DNR,DNR,DNR,DNR,DNR,DNR,DNR,DNR,DNR,DNR,DNR,DNR
,576,Genoa Township,Cities,OHIO,24419,6,21,1,0,0,DNR,DNR,DNR,DNR,DNR,DNR,0,0,1,0,0,DNR,DNR,DNR,DNR,DNR,DNR,DNR,DNR,DNR,DNR,DNR,DNR,DNR,DNR,DNR
,577,Medina ,Cities,Ohio,26496,4,24,0,DNR,DNR,DNR,DNR,DNR,DNR,DNR,DNR,DNR,DNR,DNR,DNR,DNR,DNR,DNR,DNR,DNR,DNR,DNR,DNR,0,0,0,0,DNR,DNR,DNR,DNR
,578,Zionsville,Cities,Indiana,26877,2,26,0,DNR,DNR,DNR,DNR,DNR,DNR,DNR,DNR,DNR,DNR,DNR,DNR,DNR,DNR,DNR,DNR,DNR,DNR,DNR,DNR,DNR,DNR,DNR,DNR,DNR,DNR,0,0
,579,San Carlos,Cities,CALIFORNIA,27187,3,25,0,0,0,0,DNR,DNR,DNR,DNR,DNR,DNR,DNR,DNR,DNR,DNR,DNR,DNR,DNR,DNR,DNR,DNR,DNR,DNR,DNR,DNR,DNR,DNR,DNR,DNR,DNR
,580,Prichard,Cities,ALABAMA,27725,3,25,0,0,0,0,DNR,DNR,DNR,DNR,DNR,DNR,DNR,DNR,DNR,DNR,DNR,DNR,DNR,DNR,DNR,DNR,DNR,DNR,DNR,DNR,DNR,DNR,DNR,DNR,DNR
,581,Seatac,Cities,Washington,27896,4,24,0,DNR,DNR,DNR,DNR,DNR,DNR,DNR,DNR,DNR,DNR,DNR,DNR,0,0,0,0,DNR,DNR,DNR,DNR,DNR,DNR,DNR,DNR,DNR,DNR,DNR,DNR
,582,Slidell,Cities,Louisiana,28107,5,23,0,DNR,DNR,DNR,DNR,DNR,DNR,DNR,DNR,DNR,DNR,DNR,DNR,DNR,DNR,DNR,DNR,DNR,DNR,DNR,DNR,0,0,0,0,0,DNR,DNR,DNR
,583,Crown Point,Cities,Indiana,28547,5,23,0,DNR,DNR,DNR,DNR,DNR,DNR,DNR,0,DNR,DNR,DNR,DNR,DNR,DNR,DNR,DNR,0,0,0,0,DNR,DNR,DNR,DNR,DNR,DNR,DNR,DNR
,584,Alabaster,Cities,ALABAMA,30498,4,23,1,0,0,0,0,1,DNR,DNR,DNR,DNR,DNR,DNR,DNR,DNR,DNR,DNR,DNR,DNR,DNR,DNR,DNR,DNR,DNR,DNR,DNR,DNR,DNR,DNR,DNR
,585,Vestavia Hills,Cities,ALABAMA,31420,2,26,0,DNR,DNR,0,0,DNR,DNR,DNR,DNR,DNR,DNR,DNR,DNR,DNR,DNR,DNR,DNR,DNR,DNR,DNR,DNR,DNR,DNR,DNR,DNR,DNR,DNR,DNR,DNR
,586,Phenix City,Cities,ALABAMA,32980,4,23,1,0,0,0,0,1,DNR,DNR,DNR,DNR,DNR,DNR,DNR,DNR,DNR,DNR,DNR,DNR,DNR,DNR,DNR,DNR,DNR,DNR,DNR,DNR,DNR,DNR,DNR
,587,Gahanna4,Cities,OHIO,34335,3,24,1,2,0,0,0,DNR,DNR,DNR,DNR,DNR,DNR,DNR,DNR,DNR,DNR,DNR,DNR,DNR,DNR,DNR,DNR,DNR,DNR,DNR,DNR,DNR,DNR,DNR,DNR
,588,Hobbs,Cities,NEW MEXICO,34504,7,21,0,0,0,0,0,0,0,0,DNR,DNR,DNR,DNR,DNR,DNR,DNR,DNR,DNR,DNR,DNR,DNR,DNR,DNR,DNR,DNR,DNR,DNR,DNR,DNR,DNR
1,589,Oregon City,Cities,Oregon,36485,2,24,2,DNR,DNR,DNR,DNR,DNR,DNR,DNR,DNR,DNR,DNR,DNR,DNR,DNR,DNR,DNR,DNR,DNR,DNR,DNR,DNR,DNR,DNR,DNR,DNR,1,1,0,0
,590,Lima,Cities,Ohio,38154,3,24,1,DNR,DNR,DNR,DNR,DNR,DNR,DNR,DNR,DNR,DNR,DNR,DNR,0,DNR,DNR,DNR,DNR,DNR,1,0,0,DNR,DNR,DNR,DNR,DNR,DNR,DNR
,591,Lake Oswego,Cities,OREGON,38860,4,23,1,DNR,DNR,DNR,1,DNR,DNR,DNR,DNR,DNR,DNR,DNR,DNR,DNR,DNR,DNR,DNR,DNR,DNR,DNR,DNR,DNR,DNR,DNR,DNR,0,0,0,0
,592,Coeur d'Alene4,Cities,IDAHO,44626,2,24,2,3,0,3,0,DNR,DNR,DNR,DNR,DNR,DNR,DNR,DNR,DNR,DNR,DNR,DNR,DNR,DNR,DNR,DNR,DNR,DNR,DNR,DNR,DNR,DNR,DNR,DNR
,593,Cleveland Heights,Cities,Ohio,46309,2,26,0,DNR,DNR,DNR,DNR,DNR,DNR,DNR,DNR,DNR,DNR,DNR,DNR,0,0,DNR,DNR,DNR,DNR,DNR,DNR,DNR,DNR,DNR,DNR,DNR,DNR,DNR,DNR
1,594,Cuyahoga Falls,Cities,Ohio,49133,1,27,0,DNR,DNR,DNR,DNR,DNR,DNR,DNR,DNR,DNR,DNR,DNR,DNR,0,DNR,DNR,DNR,DNR,DNR,DNR,DNR,DNR,DNR,DNR,DNR,DNR,DNR,DNR,DNR
,595,Noblesville,Cities,Indiana,57559,4,24,0,DNR,DNR,DNR,DNR,DNR,DNR,DNR,DNR,DNR,DNR,DNR,DNR,DNR,DNR,DNR,DNR,0,0,0,0,DNR,DNR,DNR,DNR,DNR,DNR,DNR,DNR
,596,Green Township,Cities,Ohio,58764,3,24,1,DNR,DNR,DNR,DNR,DNR,DNR,DNR,DNR,DNR,DNR,DNR,DNR,DNR,DNR,DNR,DNR,DNR,DNR,DNR,DNR,DNR,DNR,DNR,DNR,0,0,0,1
,597,Dothan,Cities,ALABAMA,65811,6,22,0,0,0,0,0,0,0,DNR,DNR,DNR,DNR,DNR,DNR,DNR,DNR,DNR,DNR,DNR,DNR,DNR,DNR,DNR,DNR,DNR,DNR,DNR,DNR,DNR,DNR
,598,Lake Charles,Cities,LOUISIANA,73894,2,26,0,DNR,0,DNR,DNR,DNR,DNR,DNR,DNR,DNR,DNR,DNR,DNR,0,DNR,DNR,DNR,DNR,DNR,DNR,DNR,DNR,DNR,DNR,DNR,DNR,DNR,DNR,DNR
,599,Camden ,Cities,New Jersey,77665,1,24,3,DNR,DNR,DNR,DNR,DNR,DNR,DNR,DNR,0,1,2,1,DNR,DNR,DNR,DNR,DNR,DNR,DNR,DNR,DNR,DNR,DNR,DNR,DNR,DNR,DNR,DNR
,600,Gary,Cities,Indiana,78013,4,24,0,DNR,DNR,DNR,DNR,DNR,DNR,DNR,DNR,DNR,DNR,DNR,DNR,DNR,DNR,DNR,DNR,0,0,0,0,DNR,DNR,DNR,DNR,DNR,DNR,DNR,DNR
,,,,,,,,,,,,,,,,,,,,,,,,,,,,,,,,,,,,