state,agencyType,agencyName,quarter1,quarter2,quarter3,quarter4,population
ALABAMA,Total,,,,,,
ALABAMA,Cities,,,,,,
ALABAMA,Cities,Decatur,0,0,1,2,"57,153"
ALABAMA,Cities,Hoover,0,1,0,1,"74,687"
ALABAMA,Cities,Jasper,0,1,0,0,"14,138"
ALABAMA,Cities,Lanett,0,0,0,1,"7,026"
ALABAMA,Cities,Madison,0,0,1,0,"41,426"
ALABAMA,Cities,Oneonta,0,1,0,0,"7,317"
ALABAMA,Cities,Riverside,0,0,0,1,"2,146"
ALABAMA,Cities,Slocomb,1,0,0,0,"2,065"
ALABAMA,Cities,Talladega,0,1,0,0,"16,826"
ALABAMA,Metropolitan Counties,,,,,,
ALABAMA,Metropolitan Counties,Blount,,1,0,0,
ALABAMA,Metropolitan Counties,Tuscaloosa,,4,1,,
ALABAMA,Nonmetropolitan Counties,,,,,,
ALABAMA,Nonmetropolitan Counties,Clarke,1,0,0,0,
ALASKA,Total,,,,,,
ALASKA,Cities,,,,,,
ALASKA,Cities,Anchorage,1,1,4,1,"290,334"
ARIZONA,Total,,,,,,
ARIZONA,Cities,,,,,,
ARIZONA,Cities,Apache Junction,1,2,2,0,"33,225"
ARIZONA,Cities,Avondale,1,0,0,0,"82,580"
ARIZONA,Cities,Flagstaff,0,0,0,1,"58,739"
ARIZONA,Cities,Glendale,0,4,3,6,"245,387"
ARIZONA,Cities,Kingman,0,2,0,0,"26,671"
ARIZONA,Cities,Lake Havasu City,1,0,0,0,"53,938"
ARIZONA,Cities,Mammoth,0,0,1,0,"2,618"
ARIZONA,Cities,Maricopa,1,0,0,0,"43,310"
ARIZONA,Cities,Mesa,2,1,2,2,"452,725"
ARIZONA,Cities,Peoria,0,1,0,1,"158,184"
ARIZONA,Cities,Phoenix,24,35,48,28,"1,544,427"
ARIZONA,Cities,Prescott,0,1,0,0,"41,428"
ARIZONA,Cities,Scottsdale,4,5,4,3,"230,496"
ARIZONA,Cities,Show Low,1,0,0,1,"11,965"
ARIZONA,Cities,Springerville,0,1,0,0,"1,943"
ARIZONA,Cities,Tempe,2,1,1,0,"173,004"
ARIZONA,Cities,Tucson,9,2,3,0,"527,107"
ARIZONA,Cities,Yuma,0,1,0,1,"88,291"
ARIZONA,Universities and Colleges,,,,,,
,,University of Arizona,1,1,0,3,"38,767"
,Metropolitan Counties,,,,,,
,,Maricopa,1,1,1,5,
,,Pima,1,4,3,3,
,,Pinal,2,0,0,1,
ARKANSAS,Total,,,,,,
,Cities,,,,,,
,,Benton,0,2,0,0,"30,692"
,,Bentonville,1,0,0,1,"39,161"
,,Bryant,0,1,0,0,"16,740"
,,Conway,0,0,0,2,"61,425"
,,Crossett,2,0,0,0,"5,349"
,,Elkins,0,1,0,0,"2,703"
,,Hot Springs,1,0,0,0,"40,081"
,,Jacksonville,0,0,1,3,"31,833"
,,Jonesboro,1,0,0,0,"67,382"
,,Marmaduke,0,1,0,0,"1,177"
,,Marvell,0,0,1,0,"1,065"
,,Morrilton,1,0,0,0,"6,571"
,,North Little Rock,0,1,1,0,"60,129"
,,Paragould,0,1,1,0,"25,350"
,,Pine Bluff,2,0,0,1,"49,971"
,,Rogers,1,2,4,2,"61,417"
,,Searcy,1,0,0,0,"23,791"
,,Sherwood,1,0,3,0,"29,370"
,,Siloam Springs,0,0,1,1,"15,337"
,,Springdale,0,0,4,0,"71,047"
,,Texarkana,1,1,0,0,"30,488"
,,Ward,0,0,1,0,"4,311"
,Universities and Colleges,,,,,,
,,University of Arkansas: Pine Bluff,1,0,0,0,"3,792"
,Metropolitan Counties,,,,,,
,,Benton,0,2,0,0,
,,Garland,0,1,0,,
,,Lonoke,1,0,0,0,
,,Perry,0,0,1,0,
,,Pulaski,2,1,0,1,
,Nonmetropolitan Counties,,,,,,
,,Independence,0,1,1,1,
,,White,1,0,0,0,
CALIFORNIA,Total,,,,,,
,Cities,,,,,,
,,Agoura Hills,0,1,1,0,"22,318"
,,Alameda,2,0,0,0,"71,016"
,,Albany,1,0,1,2,"16,096"
,,Aliso Viejo,0,0,0,1,"41,989"
,,Anaheim,1,0,0,0,"338,492"
,,Antioch,2,1,2,0,"102,125"
,,Apple Valley,0,2,0,0,"71,834"
,,Arcata,1,1,0,1,"17,172"
,,Azusa,0,3,1,0,"46,824"
,,Bakersfield,0,0,2,2,"333,458"
,,Baldwin Park,0,0,0,1,"77,127"
,,Belmont,0,0,1,0,"24,881"
,,Berkeley,1,0,0,0,"102,700"
,,Beverly Hills,0,2,0,1,"34,329"
,,Bishop,1,0,0,0,"3,412"
,,Brentwood,0,0,2,0,"53,312"
,,Buena Park,1,0,0,0,"79,929"
,,Burbank,2,1,2,0,"103,304"
,,Calabasas,1,1,0,0,"22,223"
,,Camarillo,0,1,0,0,"64,577"
,,Campbell,0,0,0,1,"38,854"
,,Carlsbad,0,1,0,0,"100,461"
,,Carmel,1,0,0,0,"3,882"
,,Carson,1,0,0,0,"92,409"
,,Cathedral City,0,2,0,0,"53,449"
,,Cerritos,1,0,0,1,"51,025"
,,Chico,1,3,2,1,"85,630"
,,Chino,1,0,0,0,"84,170"
,,Chula Vista,0,2,0,1,"229,060"
,,Citrus Heights,0,0,0,1,"84,476"
,,City of Angels,0,0,0,1,"3,774"
,,Clearlake,0,1,0,1,"15,352"
,,Clovis,0,0,5,1,"95,901"
,,Commerce,0,0,2,0,"13,466"
,,Compton,1,1,1,0,"93,916"
,,Concord,0,2,2,1,"122,119"
,,Corona,1,0,1,0,"153,311"
,,Coronado,0,0,0,1,"22,033"
,,Costa Mesa,2,1,2,0,"110,424"
,,Covina,0,1,0,0,"46,728"
,,Cypress,0,1,1,0,"47,320"
,,Davis,2,2,4,3,"63,292"
,,Delano,0,0,1,0,"54,298"
,,Del Mar,0,0,0,1,"4,554"
,,Downey,0,2,0,0,"106,992"
,,Duarte,0,0,1,0,"21,789"
,,Dublin,1,0,0,0,"46,209"
,,East Palo Alto,0,1,0,0,"34,294"
,,El Cajon,0,1,0,0,"94,311"
,,El Cerrito,1,1,0,0,"22,263"
,,El Monte,1,1,1,1,"121,884"
,,Emeryville,1,0,0,0,"10,207"
,,Encinitas,3,3,1,0,"61,898"
,,Escalon,0,0,1,0,"7,463"
,,Escondido,2,1,3,2,"140,662"
,,Eureka,0,0,1,0,"25,143"
,,Fontana,1,0,0,0,"192,595"
,,Fort Bragg,0,1,0,2,"6,550"
,,Foster City,0,0,0,1,"29,283"
,,Fountain Valley,2,0,0,0,"55,879"
,,Fremont,0,0,2,0,"205,477"
,,Fresno,3,2,1,0,"484,734"
,,Galt,1,0,0,0,"24,517"
,,Garden Grove,0,2,1,0,"166,287"
,,Glendale,3,0,1,0,"196,877"
,,Grass Valley,0,1,0,0,"12,330"
,,Greenfield,1,0,0,0,"15,626"
,,Gridley,1,0,0,0,"6,528"
,,Hawaiian Gardens,1,0,1,0,"15,211"
,,Hercules,0,0,2,0,"25,192"
,,Hermosa Beach,0,1,0,0,"19,408"
,,Hesperia,1,0,1,0,"88,876"
,,Huntington Beach,2,5,2,1,"193,545"
,,Indio,1,1,0,1,"89,621"
,,La Habra,1,1,1,0,"59,355"
,,Lake Forest,0,0,1,0,"75,780"
,,Lakewood,2,2,0,0,"77,901"
,,La Mesa,1,1,0,0,"55,580"
,,Lancaster,2,1,4,0,"148,632"
,,La Quinta,2,1,1,2,"47,441"
,,La Verne,1,0,0,0,"34,066"
,,Lemoore,0,0,1,0,"24,766"
,,Livermore,1,11,3,0,"81,769"
,,Lodi,0,0,1,0,"61,812"
,,Long Beach,1,3,2,4,"462,267"
,,Los Alamitos,1,0,3,0,"11,698"
,,Los Angeles,29,43,38,28,"3,841,707"
,,Los Gatos,6,0,0,0,"29,558"
,,Madera,0,0,3,0,"58,147"
,,Malibu,0,1,2,0,"13,078"
,,Manteca,0,1,0,0,"67,344"
,,Marina,0,0,1,0,"17,921"
,,Marysville,0,0,1,0,"11,548"
,,Maywood,0,1,0,0,"28,114"
,,Merced,1,0,1,0,"77,484"
,,Millbrae,0,0,1,0,"21,295"
,,Mission Viejo,2,0,1,0,"94,679"
,,Modesto,1,2,2,1,"203,890"
,,Monterey,1,0,1,1,"27,619"
,,Moreno Valley,1,3,0,0,"197,294"
,,Murrieta,0,0,0,1,"104,343"
,,National City,1,0,0,0,"56,270"
,,Newark,0,1,1,1,"42,099"
,,Newport Beach,0,1,0,0,"81,882"
,,Norwalk,2,1,0,0,"102,221"
,,Novato,3,1,0,1,"54,009"
,,Oakland,3,3,6,3,"409,723"
,,Oakley,0,1,1,0,"33,556"
,,Oceanside,0,1,5,0,"173,901"
,,Ontario,0,1,1,0,"172,814"
,,Oxnard,1,2,1,5,"189,051"
,,Pacifica,0,2,0,0,"37,917"
,,Pacific Grove,0,0,0,1,"14,537"
,,Palmdale,1,3,1,1,"146,819"
,,Palm Springs,2,8,3,3,"48,696"
,,Palo Alto,0,1,1,0,"60,288"
,,Paradise,0,0,0,1,"26,424"
,,Paramount,1,0,0,0,"54,914"
,,Parlier,0,1,0,0,"13,532"
,,Pasadena,1,0,1,1,"144,496"
,,Patterson,0,0,1,0,"19,938"
,,Perris,1,1,0,0,"58,622"
,,Petaluma,0,1,0,0,"55,168"
,,Pico Rivera,0,0,0,1,"62,783"
,,Placentia,0,1,0,0,"50,237"
,,Pleasant Hill,0,1,0,0,"33,048"
,,Pomona,0,1,2,2,"152,673"
,,Poway,0,1,0,0,"50,010"
,,Rancho Cucamonga,0,1,0,1,"176,686"
,,Rancho Palos Verdes,0,0,3,0,"40,905"
,,Rancho Santa Margarita,0,0,1,0,"49,665"
,,Red Bluff,0,1,0,0,"13,836"
,,Redding,3,1,1,0,"91,414"
,,Redlands,1,0,0,0,"70,552"
,,Redondo Beach,2,2,1,2,"66,985"
,,Redwood City,0,1,0,0,"74,355"
,,Richmond,0,3,1,1,"103,442"
,,Ridgecrest,0,0,1,0,"25,973"
,,Ripon,0,3,0,1,"15,271"
,,Riverbank,2,0,0,0,"21,241"
,,Riverside,6,2,6,7,"301,859"
,,Rohnert Park,1,2,2,0,"40,843"
,,Rolling Hills Estates,0,0,1,0,"7,841"
,,Roseville,1,1,1,0,"119,755"
,,Sacramento,5,7,8,5,"472,469"
,,San Bernardino,0,2,0,0,"199,214"
,,San Bruno,0,0,1,1,"41,517"
,,San Diego,11,13,13,12,"1,313,433"
,,San Francisco,18,10,18,17,"818,594"
,,San Jacinto,0,1,0,0,"39,703"
,,San Jose,4,4,9,7,"970,252"
,,San Juan Capistrano,0,0,1,0,"35,241"
,,San Leandro,0,1,5,5,"78,447"
,,San Luis Obispo,1,2,0,0,"44,008"
,,San Marcos,1,1,3,0,"83,671"
,,San Mateo,0,0,1,0,"92,724"
,,San Pablo,0,1,0,0,"31,122"
,,San Rafael,1,1,1,2,"55,832"
,,San Ramon,0,2,0,0,"50,006"
,,Santa Ana,0,1,1,2,"340,240"
,,Santa Barbara,1,0,2,0,"85,967"
,,Santa Clarita,1,2,3,0,"170,458"
,,Santa Cruz,4,3,3,1,"56,860"
,,Santa Maria,0,0,1,1,"87,803"
,,Santa Monica,0,0,1,0,"87,817"
,,Santa Rosa,0,0,1,1,"158,182"
,,Santee,3,0,0,1,"55,533"
,,Scotts Valley,1,0,0,0,"11,243"
,,Shafter,0,0,1,0,"16,247"
,,Sierra Madre,1,0,0,1,"10,796"
,,Simi Valley,0,2,0,2,"121,755"
,,Soledad,0,2,0,0,"28,655"
,,Sonoma,0,0,0,1,"10,068"
,,Sonora,0,1,0,0,"4,627"
,,South Gate,0,0,1,0,"96,182"
,,South Lake Tahoe,0,1,0,3,"23,540"
,,Stanton,2,0,0,0,"37,912"
,,Stockton,2,0,0,0,"292,047"
,,Sunnyvale,1,0,0,2,"134,073"
,,Tehachapi,1,0,0,0,"12,137"
,,Temecula,1,0,0,1,"102,474"
,,Temple City,1,0,0,0,"38,648"
,,Thousand Oaks,1,1,2,0,"124,042"
,,Torrance,1,0,1,1,"140,411"
,,Tracy,1,1,0,0,"81,712"
,,Truckee,0,1,0,0,"16,491"
,,Turlock,0,1,0,1,"69,961"
,,Tustin,0,1,0,1,"72,982"
,,Union City,0,0,1,1,"73,356"
,,Upland,0,1,1,0,"73,341"
,,Vacaville,0,0,1,1,"92,177"
,,Vallejo,1,2,1,2,"114,258"
,,Ventura,2,1,2,1,"104,661"
,,Visalia,0,0,3,2,"125,036"
,,Vista,1,0,1,1,"92,765"
,,Walnut Creek,0,0,1,1,"63,897"
,,Watsonville,0,0,3,0,"51,488"
,,West Covina,1,0,1,0,"105,395"
,,West Hollywood,1,3,3,2,"35,885"
,,Westminster,2,2,2,1,"89,604"
,,Whittier,0,0,1,0,"81,611"
,,Yorba Linda,0,0,1,0,"66,813"
,Universities and Colleges,,,,,,
,,Allan Hancock College,1,1,0,0,"11,070"
,,California State Polytechnic University: Pomona,2,1,0,0,"22,273"
,,California State University:,,,,,
,,Channel Islands,0,0,0,1,"3,862"
,,Dominguez Hills,0,1,0,0,"14,477"
,,Fresno,0,0,1,0,"21,500"
,,Fullerton,0,1,0,0,"36,262"
,,Long Beach,0,1,0,0,"35,557"
,,Northridge,0,0,2,1,"35,198"
,,San Bernardino,1,0,0,0,"17,852"
,,San Marcos,6,4,0,0,"9,767"
,,Riverside Community College,0,0,0,1,"36,586"
,,San Diego State University,0,1,0,0,"32,817"
,,University of California:,,,,,
,,Berkeley,3,6,4,2,"35,830"
,,Davis,2,1,0,2,"31,247"
,,Los Angeles,1,1,0,1,"38,550"
,,Riverside,1,0,0,1,"19,384"
,,San Diego,3,1,1,0,"28,418"
,,San Francisco,0,0,1,0,"3,119"
,,Santa Cruz,0,0,2,0,"16,775"
,Metropolitan Counties,,,,,,
,,Butte,0,0,1,0,
,,Contra Costa,0,0,0,2,
,,El Dorado,0,0,1,0,
,,Kern,1,1,1,2,
,,Los Angeles,9,7,12,13,
,,Madera,0,0,1,0,
,,Monterey,0,0,1,0,
,,Orange,1,0,1,1,
,,Riverside,5,2,2,1,
,,Sacramento,5,2,2,4,
,,San Bernardino,0,1,1,0,
,,San Diego,6,8,10,4,
,,San Joaquin,0,0,1,0,
,,San Mateo,1,0,0,0,
,,Santa Barbara,0,1,0,0,
,,Santa Clara,1,1,1,0,
,,Santa Cruz,0,0,0,1,
,,Shasta,1,0,0,0,
,,Sonoma,1,0,0,1,
,,Stanislaus,0,1,1,0,
,,Ventura,0,0,1,0,
,Nonmetropolitan Counties,,,,,,
,,Colusa,0,0,1,0,
,,Lake,1,1,2,0,
,,Mariposa,0,0,1,0,
,,Mendocino,2,0,1,1,
,Other Agencies,,,,,,
,,Los Angeles Transportation Services Bureau,0,1,2,3,
,,San Francisco Bay Area Rapid Transit: San Francisco County,0,0,0,1,
,,Santa Clara Transit District,0,1,2,1,
COLORADO,Total,,,,,,
,Cities,,,,,,
,,Arvada,0,0,1,0,"107,227"
,,Aspen,1,1,0,1,"6,012"
,,Aurora,1,3,1,0,"323,483"
,,Boulder,0,0,2,1,"99,255"
,,Breckenridge,0,0,0,1,"3,557"
,,Centennial,1,1,1,0,"98,902"
,,Colorado Springs,3,4,2,6,"397,886"
,,Commerce City,0,1,1,1,"46,771"
,,Denver,14,5,11,13,"607,051"
,,Evans,0,0,0,1,"20,440"
,,Florence,0,0,0,1,"3,533"
,,Fort Collins,3,2,1,1,"138,689"
,,Frederick,0,0,1,0,"9,196"
,,Fruita,1,0,0,0,"12,848"
,,Golden,2,0,0,0,"17,226"
,,Grand Junction,0,0,3,0,"59,029"
,,Greeley,2,1,0,0,"92,804"
,,Greenwood Village,0,1,0,0,"14,430"
,,Lafayette,0,1,1,0,"26,055"
,,Lakewood,0,1,0,0,"139,615"
,,Littleton,1,0,0,0,"40,544"
,,Longmont,0,0,3,0,"88,913"
,,Louisville,0,1,0,0,"19,429"
,,Loveland,1,1,2,0,"66,857"
,,Montrose,0,0,1,0,"18,758"
,,Monument,0,1,0,0,"5,257"
,,Northglenn,1,0,0,0,"34,467"
,,Pagosa Springs,1,0,0,0,"1,814"
,,Pueblo,1,1,0,3,"103,612"
,,Steamboat Springs,0,0,0,1,"12,426"
,,Thornton,0,1,0,0,"119,989"
,,Trinidad,0,0,1,0,"8,933"
,,Wheat Ridge,1,0,2,0,"30,400"
,,Yuma,0,0,1,0,"3,240"
,Universities and Colleges,,,,,,
,,Colorado State University: Pueblo,1,0,0,0,"6,443"
,Metropolitan Counties,,,,,,
,,Adams,1,0,1,0,
,,Arapahoe,1,3,2,0,
,,Douglas,3,4,5,1,
,,Jefferson,0,0,0,1,
,,Larimer,0,0,0,1,
,,Mesa,0,0,0,1,
,Nonmetropolitan Counties,,,,,,
,,Montezuma,1,0,0,1,
,,Summit,1,0,0,0,
,State Police Agencies,,,,,,
,,Colorado State Patrol,1,0,0,0,
CONNECTICUT,Total,,,,,,
,Cities,,,,,,
,,Bridgeport,2,0,2,1,"138,810"
,,Coventry,3,2,1,0,"12,546"
,,Cromwell,1,0,0,1,"13,919"
,,Enfield,2,0,0,0,"45,837"
,,Fairfield,0,0,0,1,"58,331"
,,Glastonbury,0,2,1,0,"33,921"
,,Greenwich,0,1,0,0,"63,281"
,,Groton Town,0,0,1,1,"29,842"
,,Hartford,2,6,1,3,"125,626"
,,Manchester,5,4,4,5,"57,271"
,,Middletown,1,1,1,0,"49,281"
,,Milford,0,0,3,0,"57,565"
,,Naugatuck,0,0,2,1,"32,529"
,,New Britain,1,0,1,0,"71,344"
,,New Canaan,0,2,1,0,"20,312"
,,New Haven,1,1,0,2,"124,856"
,,Newington,1,1,3,1,"30,246"
,,New London,1,0,0,2,"26,517"
,,Newtown,0,2,2,0,"27,366"
,,Norwalk,1,6,3,2,"84,944"
,,Norwich,0,0,1,0,"37,157"
,,Old Saybrook,0,0,1,,"10,696"
,,Seymour,0,1,0,1,"16,616"
,,Shelton,2,0,0,1,"41,037"
,,Simsbury,1,0,0,0,"23,988"
,,Southington,1,1,1,1,"43,354"
,,South Windsor,0,2,0,0,"26,781"
,,Stonington,0,0,0,1,"18,807"
,,Torrington,2,1,1,1,"35,876"
,,Trumbull,1,1,0,0,"35,425"
,,Wallingford,0,0,1,0,"45,636"
,,Waterford,0,0,0,1,"19,161"
,,West Hartford,1,1,2,1,"61,603"
,,West Haven,2,0,2,0,"53,746"
,,Weston,0,0,1,0,"10,344"
,,Windsor Locks,2,1,0,0,"12,722"
,,Wolcott,0,0,1,0,"16,799"
,Universities and Colleges,,,,,,
,,Eastern Connecticut State University,0,1,0,0,"5,610"
,,Southern Connecticut State University,0,0,1,0,"11,815"
,,University of Connecticut: Storrs: Avery Point: and Hartford3,1,2,0,2,
,,Western Connecticut State University,0,1,0,0,"6,617"
,State Police Agencies,,,,,,
,,Connecticut State Police,2,1,1,1,
,Other Agencies,,,,,,
,,Metropolitan Transportation Authority,0,0,0,1,
DELAWARE,Total,,,,,,
,Cities,,,,,,
,,Bethany Beach,1,0,0,0,988
,,Delmar,1,0,0,0,"1,597"
,,Newark,1,2,0,0,"30,543"
,,Rehoboth Beach,0,0,1,0,"1,624"
,,Smyrna,0,1,0,0,"9,322"
,,Wilmington,1,0,0,0,"73,270"
,Universities and Colleges,,,,,,
,,University of Delaware,2,1,1,1,"21,138"
,State Police Agencies,,,,,,
,,State Police:,,,,,
,,Kent County,0,0,1,0,
,,New Castle County,0,1,1,1,
,,Sussex County,0,1,2,0,
DISTRICT OF COLUMBIA,Total,,,,,,
,Cities,,,,,,
,,Washington,7,16,14,20,"601,723"
FLORIDA,Total,,,,,,
,Cities,,,,,,
,,Boca Raton,2,1,1,0,"86,707"
,,Cape Coral,0,1,0,0,"160,432"
,,Clearwater,1,0,1,1,"105,647"
,,Coconut Creek,0,1,0,0,"51,184"
,,Coral Springs,1,0,0,0,"127,113"
,,Davie,1,0,0,0,"92,661"
,,Daytona Beach,0,0,0,1,"63,736"
,,Deland,1,0,0,1,"27,926"
,,Fort Lauderdale,1,0,0,1,"186,170"
,,Fort Myers,0,0,1,0,"66,053"
,,Fort Pierce,0,0,0,1,"42,797"
,,Fort Walton Beach,0,0,1,0,"18,432"
,,Gainesville,1,5,2,3,"116,880"
,,Hallandale,0,1,2,0,"39,359"
,,Homestead,0,0,0,1,"63,761"
,,Indian Shores,1,0,0,0,"4,213"
,,Key Biscayne,0,0,0,1,"10,097"
,,Key West,0,0,1,0,"22,167"
,,Kissimmee,,0,0,1,"64,122"
,,Lake Worth,1,0,0,0,"35,977"
,,Melbourne,0,2,0,0,"77,861"
,,Miami Beach,0,0,0,1,"87,990"
,,Miami Gardens,0,1,0,1,"110,130"
,,Miramar,0,0,1,0,"113,385"
,,New Port Richey,0,1,0,0,"17,634"
,,North Miami,0,1,0,1,"57,796"
,,North Port,0,2,1,1,"59,076"
,,Ocoee,0,0,1,1,"33,650"
,,Orlando,1,2,3,1,"240,222"
,,Palm Bay,0,0,2,0,"103,350"
,,Palm Beach Gardens,0,1,0,0,"51,458"
,,Panama City,0,1,1,0,"36,593"
,,Pompano Beach,1,0,0,0,"102,749"
,,Port Richey,0,0,0,1,"3,426"
,,Port St. Lucie,0,0,0,1,"163,089"
,,Seminole,0,0,1,0,"19,055"
,,St. Cloud,0,0,0,1,"30,245"
,,Surfside,1,0,0,0,"4,684"
,,Tallahassee,0,1,1,0,"174,516"
,,Temple Terrace,1,0,0,0,"22,760"
,,Treasure Island,0,0,0,1,"7,399"
,,Wilton Manors,1,1,1,0,"12,873"
,,Winter Haven,0,1,1,0,"33,981"
,Metropolitan Counties,,,,,,
,,Alachua,1,1,1,0,
,,Brevard,0,1,0,0,
,,Broward,1,1,2,0,
,,Clay,1,1,0,0,
,,Collier,0,5,2,1,
,,Escambia,0,1,1,1,
,,Flagler,0,0,3,0,
,,Hillsborough,0,1,0,1,
,,Martin,0,3,0,0,
,,Miami-Dade,2,0,0,0,
,,Okaloosa,0,1,2,0,
,,Orange,1,0,1,2,
,,Osceola,0,1,0,0,
,,Palm Beach,1,0,1,0,
,,Pasco,0,1,0,0,
,,Pinellas,1,0,0,1,
,,Polk,1,0,0,0,
,,Santa Rosa,0,2,0,2,
,,Volusia,0,0,1,0,
,Nonmetropolitan Counties,,,,,,
,,Highlands,0,0,2,1,
,Tribal Agencies,,,,,,
,,Seminole Tribal,0,0,0,1,
,Other Agencies,,,,,,
,,Palm Beach County School District,0,1,0,0,
GEORGIA,Total,,,,,,
,Cities,,,,,,
,,Atlanta,0,0,1,3,"536,472"
,,LaGrange,0,1,0,0,"27,712"
,,Sylvania,1,0,0,0,"2,610"
,Universities and Colleges,,,,,,
,,Southern Polytechnic State University,1,0,0,0,"5,183"
,,University of Georgia,3,0,0,0,"34,885"
,Metropolitan Counties,,,,,,
,,Henry County Police Department,1,2,2,1,
,Nonmetropolitan Counties,,,,,,
,,White,0,0,1,0,
IDAHO,Total,,,,,,
,Cities,,,,,,
,,Boise,1,2,2,1,"205,902"
,,Coeur d'Alene4,3,0,3,0,"44,626"
,,Hailey,0,0,1,0,"8,242"
,,Idaho Falls,0,1,0,0,"55,524"
,,Nampa,1,1,0,2,"84,179"
,,Payette,1,1,1,0,"7,688"
,,Twin Falls,1,0,0,1,"43,434"
,Metropolitan Counties,,,,,,
,,Ada,1,0,0,0,
,,Bonneville,0,1,0,0,
,,Kootenai,0,1,0,1,
,Nonmetropolitan Counties,,,,,,
,,Elmore,0,0,1,0,
ILLINOIS,Total,,,,,,
,Cities,,,,,,
,,Aurora,0,1,0,0,"174,255"
,,Bradley,0,0,1,0,"15,131"
,,Burbank,0,0,0,1,"27,135"
,,Cahokia,0,1,0,0,"14,826"
,,Carol Stream,0,0,0,1,"39,577"
,,Casey,0,0,1,0,"2,829"
,,Centralia,0,1,0,0,"13,237"
,,Champaign,0,0,0,1,"80,489"
,,Chicago,6,2,4,5,"2,833,649"
,,Decatur,1,1,1,0,"74,857"
,,Downers Grove,0,0,0,1,"48,574"
,,East Peoria,1,0,0,0,"22,638"
,,Evanston,1,2,0,2,"77,418"
,,Evergreen Park,0,0,2,0,"18,888"
,,Galesburg,0,0,0,1,"30,424"
,,Grand Ridge,1,0,0,0,510
,,Marion,1,,,,"17,405"
,,Minooka,0,0,1,0,"11,652"
,,Moline,0,1,0,0,"42,510"
,,Nauvoo,1,0,,,"1,136"
,,Normal,1,0,0,2,"53,014"
,,Oak Lawn,0,1,0,0,"52,172"
,,Pekin,2,0,0,0,"33,196"
,,Peoria,0,1,0,0,"114,557"
,,Rockford,0,1,0,0,"156,180"
,,Rock Island,0,0,0,1,"37,534"
,,Salem,0,1,0,0,"7,180"
,,Skokie,1,1,2,0,"66,088"
,,Springfield,1,1,2,1,"117,383"
,,Sycamore,0,1,0,0,"18,283"
,,Tinley Park,2,1,0,0,"59,607"
,,Urbana,0,2,1,1,"39,784"
,,Wood River,1,0,0,0,"10,787"
,Universities and Colleges,,,,,,
,,Illinois State University,0,0,2,0,"21,184"
,,Northwestern University: Evanston3,,,,1,
,,Oakton Community College,0,1,,,"12,087"
,,Western Illinois University,2,0,0,0,"12,679"
,Metropolitan Counties,,,,,,
,,Du Page,3,2,1,0,
,,Macon,0,0,0,1,
,,Madison,1,0,0,0,
,,Peoria,0,2,1,1,
,,Sangamon,1,0,0,0,
,,Will,2,0,0,1,
,,Woodford,0,0,0,1,
INDIANA,Total,,,,,,
,Cities,,,,,,
,,Bloomington,3,6,6,3,"72,286"
,,Fort Wayne,1,4,0,0,"257,009"
,,Frankfort,0,1,0,0,"16,533"
,,Goshen,0,1,0,0,"32,812"
,,Greenwood,1,0,0,0,"49,847"
,,Hammond,1,0,0,0,"76,216"
,,Highland,0,1,0,0,"22,583"
,,Indianapolis,10,9,16,8,"822,211"
,,La Porte,0,,2,,"21,282"
,,West Lafayette,0,0,0,1,"31,945"
,Universities and Colleges,,,,,,
,,Indiana State University,1,0,2,1,"10,534"
,,Indiana University:,,,,,
,,Bloomington,0,0,,1,"42,347"
,,Indianapolis3,0,0,1,0,
,,Purdue University,6,3,1,1,"41,052"
,Metropolitan Counties,,,,,,
,,Elkhart,0,1,0,0,
,Nonmetropolitan Counties,,,,,,
,,Noble,0,1,0,0,
,State Police Agencies,,,,,,
,,Indiana State Police,,,,1,
IOWA,Total,,,,,,
,Cities,,,,,,
,,Altoona,0,0,1,0,"15,012"
,,Bettendorf,0,0,1,1,"33,690"
,,Clarinda,0,1,0,0,"5,316"
,,Council Bluffs,0,0,0,1,"61,181"
,,Davenport,0,0,1,1,"102,628"
,,Des Moines,0,1,1,0,"202,564"
,,Dubuque,0,0,0,1,"57,744"
,,Fairfield,0,1,0,0,"9,251"
,,Grinnell,0,1,0,0,"9,147"
,,Iowa City,1,0,0,0,"70,411"
,,Manchester,0,0,0,1,"4,880"
,,Pleasant Hill,0,0,1,0,"8,922"
,Universities and Colleges,,,,,,
,,Iowa State University,0,0,0,1,"27,945"
,,University of Iowa,0,0,1,0,"28,987"
KANSAS,Total,,,,,,
,Cities,,,,,,
,,Abilene,0,0,1,1,"6,284"
,,Andover,0,1,0,0,"11,091"
,,Atchison,0,0,0,1,"10,483"
,,Bonner Springs,0,1,0,0,"7,349"
,,Emporia,2,1,0,0,"24,856"
,,Hays,0,0,1,2,"20,537"
,,Hutchinson,0,1,0,0,"40,981"
,,Independence,0,1,0,0,"9,203"
,,Iola,0,1,1,0,"5,704"
,,Lawrence,0,2,0,0,"93,945"
,,Leavenworth,0,0,0,1,"35,290"
,,Maize,0,0,0,1,"3,477"
,,Salina,0,1,2,0,"46,547"
,,Shawnee,0,0,1,0,"63,652"
,,Wichita,3,4,7,6,"376,880"
,,Winfield,0,1,0,0,"11,126"
,Universities and Colleges,,,,,,
,,Emporia State University,0,0,0,1,"6,314"
,,Kansas State University,1,1,0,0,"23,581"
,Metropolitan Counties,,,,,,
,,Johnson,0,2,2,0,
,,Riley County Police Department,0,0,0,1,
,,Sedgwick,0,0,1,0,
,,Shawnee,0,0,4,0,
,,Wyandotte,0,0,1,0,
KENTUCKY,Total,,,,,,
,Cities,,,,,,
,,Ashland,1,1,0,0,"21,209"
,,Bardstown,0,1,3,1,"11,339"
,,Beaver Dam,0,0,0,1,"3,120"
,,Bellevue,0,0,1,0,"5,822"
,,Bowling Green,1,2,0,3,"57,308"
,,Calvert City,0,1,0,0,"2,753"
,,Campbellsville,0,0,2,0,"11,340"
,,Covington,2,1,8,1,"43,054"
,,Danville,0,1,1,0,"15,646"
,,Dayton,1,0,0,0,"5,418"
,,Elizabethtown,0,1,2,0,"24,712"
,,Elsmere,0,0,1,0,"7,999"
,,Eminence,0,0,0,2,"2,245"
,,Flatwoods,2,0,0,1,"7,678"
,,Florence,2,0,2,1,"28,869"
,,Fort Mitchell,0,0,0,1,"7,539"
,,Fort Thomas,0,1,0,0,"15,141"
,,Glasgow,0,1,0,0,"14,381"
,,Grayson,0,0,0,1,"3,871"
,,Harrodsburg,0,2,0,0,"8,154"
,,Hopkinsville,0,0,1,2,"32,265"
,,Horse Cave,1,0,0,0,"2,292"
,,Independence,0,0,0,2,"22,935"
,,Irvine,0,0,1,0,"2,616"
,,Leitchfield,0,0,1,0,"6,562"
,,Louisa,0,0,1,0,"2,091"
,,Ludlow,0,2,0,0,"4,845"
,,Mayfield,0,0,0,1,"10,149"
,,Morehead,0,0,1,1,"7,714"
,,Newport,1,2,1,0,"15,738"
,,Nicholasville,0,0,0,1,"27,686"
,,Oak Grove,1,0,1,0,"9,673"
,,Owensboro,0,4,1,1,"55,848"
,,Paducah,0,1,2,0,"25,643"
,,Pikeville,1,0,0,1,"6,407"
,,Princeton,1,0,0,0,"6,366"
,,Radcliff,0,0,0,1,"22,251"
,,Richmond,1,1,1,1,"34,068"
,,Shelbyville,0,1,0,0,"11,637"
,,Shepherdsville,0,0,1,1,"9,424"
,,Shively,0,0,1,0,"16,609"
,,Somerset,1,0,0,0,"12,266"
,,St. Matthews,0,0,0,1,"18,885"
,,Taylor Mill,0,0,0,1,"7,123"
,,Versailles,0,1,0,0,"7,924"
,,Vine Grove,0,0,0,1,"4,558"
,,Winchester,1,0,0,0,"16,754"
,Universities and Colleges,,,,,,
,,Eastern Kentucky University,1,0,0,0,"16,268"
,,Morehead State University,1,0,0,1,"8,822"
,,Murray State University,0,0,1,0,"10,071"
,,Northern Kentucky University,0,0,4,0,"15,378"
,,University of Kentucky,1,0,0,0,"26,295"
,,University of Louisville,1,0,0,1,"21,016"
,,Western Kentucky University,0,0,0,1,"20,712"
,Metropolitan Counties,,,,,,
,,Boone,1,4,2,0,
,,Bourbon,1,0,0,0,
,,Boyd,0,0,1,0,
,,Bullitt,0,1,0,1,
,,Daviess,0,0,0,1,
,,Hardin,0,0,1,0,
,,Jessamine,0,0,0,1,
,,Kenton County Police Department,0,1,0,0,
,,Nelson,1,0,0,1,
,,Oldham,0,0,0,1,
,,Oldham County Police Department,0,0,2,0,
,,Shelby,1,0,0,0,
,,Warren,0,1,0,0,
,Nonmetropolitan Counties,,,,,,
,,Ballard,0,0,1,0,
,,Bell,0,0,0,1,
,,Calloway,0,1,1,0,
,,Franklin,1,0,0,1,
,,Fulton,1,0,0,0,
,,Hopkins,0,3,0,0,
,,Knox,0,1,0,0,
,,Lawrence,0,0,1,0,
,,Madison,2,0,0,0,
,,Marshall,0,1,0,0,
,,McCracken,0,2,0,0,
,,Menifee,0,1,0,0,
,,Rowan,0,2,0,0,
,,Simpson,0,1,0,0,
,,Washington,0,0,1,0,
,State Police Agencies,,,,,,
,,State Police:,,,,,
,,Bowling Green,1,1,0,0,
,,Dry Ridge,1,0,0,0,
,,Madisonville,2,1,1,0,
,,Mayfield,0,0,0,1,
,,Morehead,0,1,0,0,
,Other Agencies,,,,,,
,,Cincinnati-Northern Kentucky International Airport,0,0,1,0,
,,Fayette County Schools,0,0,1,0,
,,Jefferson County Board of Education,3,0,0,1,
,,McCracken County Public Schools,0,0,1,0,
LOUISIANA,Total,,,,,,
,Cities,,,,,,
,,Bossier City,0,0,1,0,"64,232"
,,Plaquemine,0,0,0,1,"6,646"
,Metropolitan Counties,,,,,,
,,Ascension,0,0,0,1,
,,Caddo,0,1,0,0,
,,Calcasieu,1,3,1,0,
,,Grant,,,,1,
,,Lafayette,,1,0,0,
,,Livingston,1,,,,
,Nonmetropolitan Counties,,,,,,
,,Madison,1,0,0,0,
MAINE,Total,,,,,,
,Cities,,,,,,
,,Augusta,0,2,3,3,"18,514"
,,Baileyville,0,1,0,0,"1,524"
,,Bangor,1,0,0,0,"31,587"
,,Bar Harbor,0,0,0,1,"5,243"
,,Belfast,0,0,1,1,"6,748"
,,Biddeford,0,0,2,1,"21,511"
,,Bucksport,0,0,0,1,"4,951"
,,Damariscotta,0,0,0,1,"1,905"
,,Kittery,1,0,0,0,"10,632"
,,Lewiston,1,0,0,0,"35,153"
,,Livermore Falls,0,0,1,0,"3,134"
,,Old Orchard Beach,0,0,2,0,"9,494"
,,Paris,0,0,0,1,"4,942"
,,Portland,1,4,2,0,"63,166"
,,Rockland,0,0,0,1,"7,458"
,,Saco,0,0,1,3,"18,417"
,,Sanford,2,1,1,0,"21,216"
,,South Portland,0,2,1,0,"24,144"
,,Yarmouth,0,0,1,0,"8,157"
,Universities and Colleges,,,,,,
,,University of Southern Maine,1,0,1,1,"9,655"
,Metropolitan Counties,,,,,,
,,Androscoggin,0,0,1,0,
,,Cumberland,1,0,0,0,
,,Sagadahoc,1,1,1,0,
,State Police Agencies,,,,,,
,,State Police:,,,,,
,,Androscoggin County,1,0,0,0,
,,Somerset County,0,3,0,0,
,,York County,2,0,2,1,
MARYLAND,Total,,,,,,
,Cities,,,,,,
,,Annapolis,0,1,0,0,"37,180"
,,Baltimore,4,2,3,2,"639,929"
,,Laurel,0,0,1,0,"22,960"
,,Takoma Park,0,0,1,0,"18,200"
,Universities and Colleges,,,,,,
,,Salisbury University,0,1,0,0,"8,204"
,,Towson University,0,0,0,1,"21,177"
,,University of Maryland: College Park,1,0,0,0,"37,195"
,Metropolitan Counties,,,,,,
,,Anne Arundel County Police Department,0,0,0,1,
,,Baltimore County Police Department,16,8,2,4,
,,Calvert,0,1,0,0,
,,Frederick,1,3,1,0,
,,Harford,0,3,0,1,
,,Montgomery County Police Department,5,1,3,5,
,,Prince George's County Police Department,0,0,1,2,
,,Wicomico,0,1,0,0,
,State Police Agencies,,,,,,
,,State Police: Carroll County,0,2,2,0,
MASSACHUSETTS,Total,,,,,,
,Cities,,,,,,
,,Acton,1,0,0,2,"21,090"
,,Amherst,0,2,1,0,"36,004"
,,Andover,0,1,0,0,"33,505"
,,Arlington,0,1,1,0,"41,212"
,,Barnstable,2,0,1,2,"45,599"
,,Belmont,1,0,0,0,"23,430"
,,Berlin,0,0,1,0,"2,978"
,,Beverly,0,1,1,0,"39,064"
,,Billerica,0,0,1,1,"39,519"
,,Boston,30,30,46,42,"644,064"
,,Bourne,1,0,0,0,"19,239"
,,Boylston,0,2,1,0,"4,384"
,,Braintree,0,0,0,1,"35,298"
,,Brockton,0,1,0,0,"92,383"
,,Cambridge,1,1,2,3,"108,356"
,,Chelsea,1,0,0,0,"37,335"
,,Chicopee,0,0,0,1,"55,444"
,,Danvers,0,0,1,1,"27,165"
,,Dedham,0,1,0,0,"24,687"
,,Dennis,0,0,1,0,"15,212"
,,Douglas,0,1,0,0,"8,109"
,,Duxbury,1,0,1,0,"14,222"
,,Easthampton,0,0,1,0,"16,116"
,,East Longmeadow,0,0,0,1,"15,916"
,,Egremont,,3,1,,"1,329"
,,Everett,0,2,0,0,"37,897"
,,Great Barrington,0,0,0,1,"7,263"
,,Greenfield,1,1,0,0,"17,625"
,,Hampden,0,1,0,0,"5,346"
,,Hinsdale,,,1,,"1,890"
,,Hudson,0,1,0,0,"19,985"
,,Hull,0,1,1,0,"11,008"
,,Ipswich,0,3,0,0,"13,307"
,,Kingston,0,0,1,0,"12,419"
,,Lee,0,0,0,1,"5,654"
,,Lincoln,0,0,0,2,"8,622"
,,Lynn,0,0,0,1,"86,340"
,,Malden,2,0,0,0,"55,540"
,,Marblehead,1,0,1,0,"19,705"
,,Mashpee,0,1,0,0,"14,347"
,,Medfield,1,0,0,0,"12,134"
,,Medway,0,1,0,0,"12,820"
,,Methuen,0,0,1,0,"43,938"
,,Natick,0,1,1,0,"32,017"
,,New Bedford,0,1,0,0,"89,613"
,,Newton,2,0,1,0,"83,781"
,,North Adams,2,0,0,0,"13,590"
,,North Attleboro,0,0,1,0,"27,559"
,,Norton,0,0,0,2,"19,217"
,,Pittsfield,0,0,0,2,"41,666"
,,Plymouth,2,2,0,1,"56,751"
,,Quincy,0,0,4,1,"90,304"
,,Revere,2,4,2,2,"51,597"
,,Salem,,,2,,"41,017"
,,Sharon,0,0,1,0,"17,903"
,,Southampton,0,0,1,0,"5,957"
,,Southbridge,0,0,2,0,"17,305"
,,Spencer,0,0,1,0,"11,909"
,,Springfield,1,5,0,5,"154,314"
,,Stoneham,0,0,0,1,"21,285"
,,Stoughton,0,1,0,0,"26,866"
,,Waltham,0,1,0,0,"60,106"
,,Webster,0,0,0,1,"16,721"
,,Wellesley,0,0,1,0,"27,143"
,,West Bridgewater,0,0,0,1,"6,619"
,,Westfield,0,0,0,1,"41,899"
,,Weymouth,1,0,0,0,"53,400"
,,Williamsburg,0,0,0,1,"2,491"
,,Wilmington,0,0,0,1,"22,230"
,,Winthrop,0,1,0,0,"19,127"
,,Worcester,0,5,1,0,"181,908"
,,Wrentham,0,1,0,0,"11,166"
,Universities and Colleges,,,,,,
,,Assumption College,0,0,0,1,"2,794"
,,Bentley College,1,,,,"5,628"
,,Brandeis University,1,,,,"5,598"
,,Clark University,4,,1,1,"3,416"
,,Emerson College,,,,1,"4,556"
,,Harvard University,,,1,0,"27,651"
,,Massachusetts Institute of Technology,1,0,0,0,"10,384"
,,Merrimack College,,,1,,"2,090"
,,Northeastern University,3,1,,3,"27,537"
,,University of Massachusetts: ,,,,,
,,Amherst,2,1,0,0,"27,016"
,,Dartmouth,,,,1,"9,302"
,Other Agencies,,,,,,
,,Massachusetts Bay Transportation Authority: Suffolk County,,,,1,
MICHIGAN,Total,,,,,,
,Cities,,,,,,
,,Adrian,0,1,0,,"20,997"
,,Alpena,0,2,1,0,"10,184"
,,Ann Arbor,0,1,3,0,"111,745"
,,Auburn Hills,1,0,0,0,"20,870"
,,Battle Creek,1,0,0,0,"60,386"
,,Bay City,1,0,0,2,"33,200"
,,Belleville,2,0,0,0,"3,392"
,,Berkley,0,0,1,0,"14,609"
,,Beverly Hills,0,1,0,0,"9,739"
,,Birmingham,0,0,0,4,"18,823"
,,Blackman Township,0,0,0,1,"37,751"
,,Bloomfield Hills,0,1,0,0,"3,731"
,,Bloomfield Township,0,0,1,1,"40,490"
,,Boyne City,0,1,0,0,"3,049"
,,Brown City,0,0,1,,"1,203"
,,Cadillac,2,1,0,4,"10,101"
,,Canton Township,3,2,3,0,"80,039"
,,Center Line,0,0,1,0,"8,017"
,,Chelsea,1,0,0,0,"5,051"
,,Chesterfield Township,0,0,3,4,"45,027"
,,Clawson,0,0,0,1,"12,025"
,,Clinton,0,0,1,0,"2,358"
,,Clinton Township,0,2,3,1,"95,167"
,,Clio,0,0,0,1,"2,434"
,,Covert Township,0,0,1,0,"3,047"
,,Davison Township,0,1,0,0,"18,214"
,,Dearborn,1,4,1,2,"82,612"
,,Dearborn Heights,0,0,2,0,"49,674"
,,Decatur,0,1,0,0,"1,806"
,,Detroit,0,1,1,2,"899,447"
,,Dewitt Township,0,1,0,0,"13,074"
,,East Lansing,0,1,0,0,"45,058"
,,Eastpointe,1,1,3,1,"32,016"
,,Elk Rapids,0,1,0,0,"1,630"
,,Escanaba,1,0,2,0,"11,918"
,,Ferndale,1,0,0,1,"20,847"
,,Flint Township,0,0,0,1,"30,778"
,,Flushing,0,0,0,1,"7,584"
,,Fremont,0,1,,,"4,077"
,,Genesee Township,0,0,1,0,"22,571"
,,Grand Blanc Township,0,0,0,1,"34,634"
,,Grand Rapids,3,0,1,3,"191,566"
,,Greenville,0,1,0,0,"7,957"
,,Hillsdale,0,1,0,0,"7,574"
,,Holland,0,1,1,2,"33,652"
,,Inkster,1,0,0,0,"25,428"
,,Jackson,1,1,1,0,"32,741"
,,Jonesville,0,1,1,0,"2,164"
,,Kalamazoo,0,1,1,1,"71,775"
,,Keego Harbor,0,0,0,1,"2,828"
,,Laingsburg,0,1,0,0,"1,220"
,,Lansing,2,1,0,1,"112,254"
,,Lincoln Township,0,1,,,"14,281"
,,Litchfield,1,0,0,0,"1,351"
,,Livonia,0,4,1,0,"87,434"
,,Madison Heights,2,2,0,0,"29,174"
,,Manistee,0,0,1,0,"5,985"
,,Manistique,0,1,0,0,"2,969"
,,Marshall,0,0,1,0,"7,005"
,,Mattawan,2,1,0,0,"2,846"
,,Meridian Township,3,3,1,0,"38,105"
,,Monroe,1,1,0,1,"21,062"
,,Morenci,1,0,1,,"2,195"
,,Mount Morris Township,2,0,1,0,"21,614"
,,Mundy Township,0,1,0,0,"13,810"
,,Muskegon,0,1,0,1,"38,829"
,,Muskegon Heights,0,0,1,0,"11,420"
,,New Baltimore,0,0,0,1,"11,701"
,,Niles,0,0,0,1,"11,084"
,,Northville,1,0,0,0,"5,839"
,,Oak Park,0,0,1,0,"30,131"
,,Owosso,0,1,2,1,"14,526"
,,Paw Paw,0,1,0,0,"3,179"
,,Pentwater,1,0,0,0,928
,,Pittsfield Township,0,0,1,1,"34,681"
,,Pontiac,0,0,1,0,"65,517"
,,Port Huron,0,1,0,1,"30,132"
,,Richfield Township: Roscommon County,0,0,0,1,"3,971"
,,Rochester,1,0,0,0,"10,982"
,,Royal Oak,1,0,3,1,"56,408"
,,Saginaw,0,0,1,1,"54,155"
,,Saginaw Township,0,0,1,0,"37,872"
,,Shelby Township,0,0,1,1,"71,589"
,,Somerset Township,1,0,0,0,"4,584"
,,Southfield,0,1,1,1,"74,587"
,,St. Clair,0,0,1,0,"5,646"
,,St. Clair Shores,0,0,1,0,"59,522"
,,Sterling Heights,2,0,1,0,"126,291"
,,Taylor,1,0,1,0,"58,158"
,,Trenton,0,0,1,1,"17,217"
,,Troy,0,1,0,0,"79,794"
,,Van Buren Township,1,1,0,0,"25,627"
,,Warren,1,1,4,1,"132,266"
,,Waterford Township,0,0,0,1,"70,013"
,,Wayne,1,0,0,0,"16,454"
,,West Bloomfield Township,0,0,0,1,"63,345"
,,Westland,0,1,0,1,"75,726"
,,White Lake Township,0,0,1,1,"29,890"
,,Wyandotte,1,0,0,0,"23,607"
,,Wyoming,0,1,2,0,"70,160"
,Universities and Colleges,,,,,,
,,Central Michigan University,1,0,0,0,"27,247"
,,Eastern Michigan University,1,0,0,1,"22,893"
,,Ferris State University,0,0,0,1,"13,865"
,,Lansing Community College,2,0,0,0,"21,123"
,,Michigan State University,0,1,0,0,"47,071"
,,University of Michigan: Ann Arbor,0,1,1,3,"41,674"
,Metropolitan Counties,,,,,,
,,Calhoun,2,0,0,0,
,,Eaton,0,0,1,0,
,,Genesee,0,0,0,1,
,,Jackson,0,1,1,1,
,,Kalamazoo,0,0,0,1,
,,Kent,1,3,1,1,
,,Livingston,2,1,0,0,
,,Macomb,1,2,0,2,
,,Monroe,1,0,1,0,
,,Oakland,7,4,3,3,
,,Ottawa,1,1,1,0,
,,Saginaw,0,0,1,0,
,,St. Clair,0,0,0,1,
,,Van Buren,0,0,1,1,
,,Washtenaw,1,1,2,0,
,Nonmetropolitan Counties,,,,,,
,,Alger,0,0,1,0,
,,Allegan,1,0,0,0,
,,Benzie,0,1,0,0,
,,Chippewa,0,0,0,1,
,,Grand Traverse,1,0,0,0,
,,Missaukee,0,0,1,0,
,,Montcalm,2,1,0,0,
,,Ogemaw,0,0,1,1,
,,Oscoda,0,1,0,0,
,,Presque Isle,0,0,1,0,
,,St. Joseph,0,0,0,1,
,,Tuscola,0,0,1,0,
,State Police Agencies,,,,,,
,,State Police:,,,,,
,,Ionia County,0,0,1,0,
,,Van Buren County,0,0,0,1,
,,Wayne County,1,0,0,0,
,Other Agencies,,,,,,
,,Wayne County Airport,0,0,0,1,
MINNESOTA,Total,,,,,,
,Cities,,,,,,
,,Bemidji,0,0,0,1,"13,911"
,,Benson,0,0,1,0,"2,930"
,,Blaine,1,1,0,,"57,561"
,,Bloomington,,,1,,"82,715"
,,Brooklyn Park,3,1,,,"72,682"
,,Duluth,1,1,2,1,"84,249"
,,Eagan,,,1,,"64,239"
,,Eden Prairie,0,1,1,,"63,159"
,,Elk River,1,2,1,,"24,025"
,,Fridley,,1,,,"25,857"
,,Jordan,,,1,,"5,731"
,,Lino Lakes,,1,,,"20,953"
,,Mankato,4,2,5,3,"36,921"
,,Maplewood,,,,1,"36,907"
,,Mendota Heights,,,1,,"11,697"
,,Minneapolis,8,15,14,10,"385,704"
,,Minnetonka,1,,,,"50,753"
,,New Brighton,0,0,1,0,"21,689"
,,Plymouth,1,1,,,"73,579"
,,Robbinsdale,,1,,,"13,822"
,,Rochester,0,2,1,2,"105,027"
,,South St. Paul,0,1,0,0,"19,434"
,,St. Louis Park,,3,4,,"45,690"
,,St. Paul,2,2,1,3,"281,166"
,Universities and Colleges,,,,,,
,,University of Minnesota: Twin Cities,0,2,1,0,"51,659"
,Metropolitan Counties,,,,,,
,,Chisago,0,1,0,,
,,Dakota,,1,,,
,,Olmsted,1,3,1,,
,,Polk,0,0,1,0,
,,Washington,0,1,0,0,
,Nonmetropolitan Counties,,,,,,
,,Beltrami,0,,1,0,
,,Mille Lacs,0,1,,,
MISSISSIPPI,Total,,,,,,
,Cities,,,,,,
,,Gulfport,3,5,2,1,"70,806"
MISSOURI,Total,,,,,,
,Cities,,,,,,
,,Bolivar,0,0,0,1,"11,308"
,,Bridgeton,0,0,1,0,"14,900"
,,Byrnes Mill,0,0,0,1,"2,977"
,,Canton,0,0,0,1,"2,403"
,,Cape Girardeau,0,1,0,0,"37,627"
,,Columbia,1,0,1,1,"103,417"
,,Independence,0,1,2,1,"121,141"
,,Joplin,1,0,0,0,"50,346"
,,Kansas City,13,16,21,26,"483,191"
,,Kirksville,0,1,0,0,"17,406"
,,Lee's Summit,0,0,1,2,"87,707"
,,O'Fallon,0,1,0,0,"81,851"
,,Raytown,0,1,1,0,"28,616"
,,Riverview,0,1,0,0,"2,874"
,,Rolla,1,0,0,1,"18,575"
,,Springfield,4,5,5,0,"157,110"
,,St. Charles,0,0,1,0,"65,729"
,,St. Joseph,0,0,1,0,"75,922"
,,St. Louis,1,1,2,0,"355,151"
,,St. Peters,0,2,0,1,"56,518"
,,Town and Country,1,0,0,0,"10,626"
,Universities and Colleges,,,,,,
,,University of Missouri: Columbia,1,1,1,1,"31,237"
,Metropolitan Counties,,,,,,
,,Franklin,0,1,0,0,
,,Jefferson,2,0,2,0,
,,St. Charles,2,0,0,0,
,,St. Louis County Police Department,1,3,1,0,
,Nonmetropolitan Counties,,,,,,
,,Laclede,0,1,0,0,
,,Ste. Genevieve,0,1,0,0,
,State Police Agencies,,,,,,
,,State Highway Patrol: St. Joseph,1,0,0,0,
MONTANA,Total,,,,,,
,Cities,,,,,,
,,Billings,1,0,0,0,"108,039"
,,Helena,0,1,1,1,"30,520"
,,Kalispell,0,0,1,0,"22,568"
,,Miles City,0,1,0,0,"8,141"
,,Missoula,1,4,3,1,"70,559"
,,Red Lodge,0,0,1,0,"2,531"
,,Troy,0,0,0,1,969
,Metropolitan Counties,,,,,,
,,Missoula,0,0,1,0,
,Nonmetropolitan Counties,,,,,,
,,Big Horn,0,2,0,0,
,,Deer Lodge,0,1,0,0,
,,Lewis and Clark,0,2,1,0,
,,Phillips,0,1,0,0,
,,Ravalli,2,0,0,1,
,,Silver Bow,0,3,0,0,
NEBRASKA,Total,,,,,,
,Cities,,,,,,
,,Fremont,0,0,4,0,"25,262"
,,Lincoln,8,5,19,8,"259,672"
,,Omaha,7,6,0,3,"464,628"
,Nonmetropolitan Counties,,,,,,
,,Adams,0,0,1,0,
NEVADA,Total,,,,,,
,Cities,,,,,,
,,Fallon,0,0,0,1,"8,552"
,,Henderson,1,3,1,1,"264,280"
,,Las Vegas Metropolitan Police Department,14,15,11,12,"1,416,401"
,,North Las Vegas,0,4,1,1,"238,004"
,Universities and Colleges,,,,,,
,,University of Nevada: Las Vegas  ,2,0,0,0,"29,080"
,Nonmetropolitan Counties,,,,,,
,,Humboldt,1,0,0,0,
NEW HAMPSHIRE,Total,,,,,,
,Cities,,,,,,
,,Bristol,0,0,1,0,"3,110"
,,Concord,0,0,1,0,"42,190"
,,Conway,0,2,0,0,"9,195"
,,Danville,0,0,1,0,"4,326"
,,Derry,1,0,1,0,"34,075"
,,Durham,0,0,1,0,"14,465"
,,Exeter,0,1,0,0,"14,924"
,,Farmington,0,0,1,0,"6,764"
,,Hampton,1,0,1,0,"15,270"
,,Hinsdale,1,0,0,0,"4,124"
,,Hooksett,0,0,1,0,"14,075"
,,Laconia,0,0,1,0,"16,973"
,,Lee,0,1,0,0,"4,461"
,,Littleton,0,0,1,0,"6,111"
,,Manchester,1,1,0,2,"108,101"
,,Marlborough,0,0,0,1,"2,052"
,,Merrimack,0,1,0,1,"26,501"
,,Pelham,1,0,0,0,"12,770"
,,Plymouth,0,0,1,2,"6,647"
,,Sandown,0,1,0,0,"5,907"
,,Seabrook,0,1,0,0,"8,471"
,,Tilton,0,0,1,0,"3,542"
NEW JERSEY,Total,,,,,,
,Cities,,,,,,
,,Aberdeen Township,1,1,2,1,"18,575"
,,Asbury Park,0,4,1,2,"16,625"
,,Atlantic City,2,2,1,2,"39,787"
,,Avalon,0,0,1,0,"2,094"
,,Barnegat Township,0,0,3,0,"23,692"
,,Bayonne,0,1,1,0,"58,393"
,,Beachwood,0,0,0,2,"11,001"
,,Belleville,1,0,0,0,"33,849"
,,Bergenfield,0,1,0,0,"25,680"
,,Berkeley Township,0,0,1,1,"43,531"
,,Blairstown Township,1,0,0,0,"5,985"
,,Bogota,0,0,0,1,"7,933"
,,Boonton,0,0,1,0,"8,552"
,,Boonton Township,0,0,4,0,"4,539"
,,Branchburg Township,1,0,0,0,"15,263"
,,Brick Township,0,1,1,0,"79,569"
,,Camden,0,0,1,0,"79,081"
,,Carney's Point Township,0,0,1,0,"8,076"
,,Chatham Township,0,0,0,1,"10,302"
,,Chesterfield Township,0,0,1,0,"7,860"
,,Cliffside Park,0,1,0,0,"23,139"
,,Clifton,1,0,0,0,"78,632"
,,Colts Neck Township,0,0,1,1,"10,180"
,,Cranbury Township,0,0,0,1,"4,023"
,,Delanco Township,2,0,0,0,"5,000"
,,Eastampton Township,0,1,0,0,"6,597"
,,East Brunswick Township,4,10,1,3,"47,620"
,,East Newark,0,0,1,0,"2,116"
,,East Windsor Township,2,1,0,0,"27,424"
,,Eatontown,0,0,0,1,"14,428"
,,Edison Township,1,0,7,0,"100,395"
,,Elk Township,0,0,6,0,"4,084"
,,Englewood,1,2,0,1,"30,023"
,,Evesham Township,2,5,4,0,"45,959"
,,Ewing Township,0,1,1,0,"36,612"
,,Fort Lee,0,1,1,1,"36,580"
,,Franklin Township: Gloucester County,0,0,0,1,"17,679"
,,Freehold,0,0,1,1,"11,548"
,,Freehold Township,0,2,0,0,"35,117"
,,Galloway Township,1,1,0,0,"37,367"
,,Gibbsboro,0,2,0,0,"2,447"
,,Glassboro,,0,2,4,"20,047"
,,Glen Rock,0,0,1,0,"11,158"
,,Gloucester Township,1,0,1,1,"65,239"
,,Hackettstown,0,0,1,0,"9,653"
,,Haddon Township,0,1,0,0,"14,432"
,,Hamilton Township: Atlantic County,1,0,0,1,"24,892"
,,Hammonton,0,0,1,1,"13,603"
,,Hanover Township,0,1,0,0,"13,905"
,,Harding Township,0,2,0,0,"3,375"
,,Hardyston Township,1,1,0,1,"8,621"
,,Harrison Township,0,0,1,0,"13,122"
,,Hazlet Township,1,0,0,0,"21,013"
,,High Bridge,1,0,0,0,"3,712"
,,Highlands,1,0,0,0,"5,299"
,,Hillsborough Township,0,1,1,1,"40,011"
,,Hillsdale,0,1,0,0,"9,884"
,,Hoboken,2,1,3,0,"41,515"
,,Hopewell Township,0,0,1,0,"18,060"
,,Howell Township,3,0,7,1,"52,130"
,,Jackson Township,1,0,7,1,"54,638"
,,Jersey City,0,1,1,3,"244,201"
,,Keansburg,11,6,7,2,"10,579"
,,Lacey Township,0,0,2,0,"26,852"
,,Lakehurst,0,1,0,0,"2,743"
,,Lakewood Township,2,10,10,5,"72,960"
,,Lambertville,0,0,1,0,"3,802"
,,Lawrence Township: Mercer County,1,1,,0,"32,104"
,,Linden,1,0,0,0,"39,680"
,,Little Egg Harbor Township,0,2,4,3,"21,508"
,,Little Falls Township,0,1,3,3,"11,703"
,,Little Silver,1,1,0,0,"6,175"
,,Livingston Township,0,0,1,0,"27,775"
,,Lodi,2,1,1,1,"23,895"
,,Long Beach Township,0,1,1,0,"3,628"
,,Lopatcong Township,2,0,1,0,"8,744"
,,Lower Township,0,3,0,0,"20,114"
,,Lumberton Township,0,2,1,0,"12,184"
,,Manalapan Township,0,3,3,1,"40,301"
,,Manasquan,1,1,1,0,"6,309"
,,Manchester Township,0,2,2,1,"42,400"
,,Mansfield Township: Burlington County,0,1,1,0,"8,405"
,,Mansfield Township: Warren County,1,0,1,0,"8,139"
,,Maple Shade Township,1,0,1,0,"19,297"
,,Marlboro Township,2,3,6,1,"41,231"
,,Medford Township,3,2,0,3,"22,914"
,,Merchantville,0,1,0,0,"3,784"
,,Middlesex,0,0,2,0,"13,732"
,,Middle Township,0,0,0,1,"16,580"
,,Middletown Township,0,3,1,0,"66,915"
,,Milltown,0,1,0,0,"7,007"
,,Millville,0,0,1,0,"29,497"
,,Monroe Township: Middlesex County,0,2,4,3,"38,777"
,,Montclair,2,2,0,0,"37,425"
,,Montville Township,0,1,0,7,"21,253"
,,Moorestown Township,1,1,2,0,"19,653"
,,Mount Holly Township,1,0,0,0,"10,246"
,,Mount Laurel Township,0,1,1,1,"39,696"
,,Mount Olive Township,0,0,2,1,"26,431"
,,Mullica Township,0,1,0,0,"6,104"
,,Neptune Township,2,6,4,8,"28,586"
,,New Brunswick,1,1,1,1,"52,245"
,,North Brunswick Township,1,0,2,0,"40,123"
,,North Caldwell,0,0,0,1,"7,086"
,,North Haledon,1,0,0,0,"9,058"
,,North Plainfield,0,0,0,4,"21,373"
,,Norwood,0,1,0,0,"6,290"
,,Oakland,1,0,0,0,"13,454"
,,Oaklyn,1,0,0,0,"4,047"
,,Ocean City,0,0,2,0,"14,725"
,,Ocean Gate,0,0,1,0,"2,171"
,,Old Bridge Township,1,1,0,4,"66,913"
,,Oradell,1,0,0,0,"7,811"
,,Palmyra,0,1,0,,"7,400"
,,Paramus,1,0,0,0,"26,340"
,,Passaic,0,0,0,1,"67,356"
,,Paterson,0,0,0,1,"146,356"
,,Pine Hill,1,0,0,1,"11,449"
,,Piscataway Township,0,0,3,1,"52,897"
,,Pitman,0,0,2,0,"9,271"
,,Plainfield,0,0,0,2,"46,459"
,,Plainsboro Township,0,0,1,0,"21,407"
,,Plumsted Township,2,0,0,0,"8,446"
,,Pohatcong Township,0,0,0,1,"3,331"
,,Point Pleasant,2,0,0,0,"20,569"
,,Point Pleasant Beach,1,0,0,0,"5,492"
,,Ramsey,0,2,0,1,"14,846"
,,Randolph Township,0,2,0,0,"25,391"
,,Ridgefield,1,0,0,0,"10,953"
,,Ridgewood,0,1,0,1,"24,260"
,,Ringwood,0,0,0,1,"12,822"
,,River Edge,0,1,1,0,"10,733"
,,River Vale Township,0,0,0,1,"9,730"
,,Runnemede,1,1,0,0,"8,449"
,,Scotch Plains Township,0,2,1,0,"23,231"
,,Somerville,0,0,0,1,"12,847"
,,South Brunswick Township,8,3,5,1,"41,861"
,,South Plainfield,0,1,1,1,"22,848"
,,South River,0,1,0,0,"15,809"
,,South Toms River,0,1,2,0,"3,759"
,,Sparta Township,0,0,1,0,"19,466"
,,Spotswood,1,0,1,0,"8,261"
,,Springfield,0,2,1,0,"15,353"
,,Teaneck Township,1,1,4,0,"38,666"
,,Tinton Falls,4,1,0,0,"20,257"
,,Trenton,0,1,0,0,"83,552"
,,Union City,0,0,0,1,"61,855"
,,Union Township,2,1,0,0,"53,945"
,,Vernon Township,0,1,0,0,"24,993"
,,Verona,0,1,0,0,"12,636"
,,Voorhees Township,0,0,1,0,"32,441"
,,Waldwick,0,0,0,1,"9,643"
,,Warren Township,0,0,0,1,"16,356"
,,Washington Township: Gloucester County,3,4,1,1,"52,251"
,,Washington Township: Warren County,1,0,0,0,"6,949"
,,Watchung,1,0,0,0,"6,752"
,,Waterford Township,1,0,0,0,"10,774"
,,Weehawken Township,0,0,2,0,"12,351"
,,Westampton Township,0,1,0,1,"8,877"
,,West Deptford Township,0,2,4,0,"22,482"
,,West Long Branch,0,2,1,0,"8,482"
,,West New York,0,0,1,0,"46,907"
,,West Orange,0,1,0,1,"42,590"
,,Wildwood,0,1,0,0,"5,222"
,,Willingboro Township,1,0,0,0,"36,888"
,,Winslow Township,0,0,2,2,"40,393"
,,Woodbridge Township,2,2,1,0,"98,576"
,,Woodbury,0,,1,1,"10,527"
,,Woodbury Heights,0,0,0,1,"3,079"
,,Woodstown,0,0,0,3,"3,392"
,State Police Agencies,,,,,,
,,State Police:,,,,,
,,Hunterdon County,1,0,0,0,
,,Sussex County,1,0,0,0,
NEW MEXICO,Total,,,,,,
,Cities,,,,,,
,,Albuquerque,10,4,6,1,"545,389"
,Metropolitan Counties,,,,,,
,,Bernalillo,1,0,0,0,
,,San Juan,,1,1,,
NEW YORK,Total,,,,,,
,Cities,,,,,,
,,Albany,0,5,5,2,"92,713"
,,Amherst Town,0,2,0,0,"109,138"
,,Auburn,0,1,0,0,"26,448"
,,Buchanan Village,0,1,0,0,"2,223"
,,Buffalo,11,9,2,9,"265,128"
,,Camden Village,0,1,0,0,"2,219"
,,Canandaigua,1,0,0,0,"11,054"
,,Cheektowaga Town,1,1,2,0,"76,671"
,,Clarkstown Town,1,2,3,0,"78,365"
,,Coeymans Town,0,0,0,1,"7,939"
,,Cooperstown Village,0,1,0,0,"1,849"
,,Cortland,1,1,0,0,"17,930"
,,Crawford Town,1,0,0,1,"9,492"
,,Deerpark Town,0,0,2,0,"8,495"
,,Dewitt Town,0,1,0,0,"21,202"
,,Dobbs Ferry Village,0,1,0,0,"11,151"
,,East Greenbush Town,0,0,1,0,"16,873"
,,Elmira Heights Village,1,0,0,0,"3,849"
,,Evans Town,0,0,0,1,"16,561"
,,Frankfort Village,1,,,,"2,308"
,,Geddes Town,1,0,0,0,"10,269"
,,Goshen Village,0,1,0,0,"5,553"
,,Greece Town,0,0,1,0,"92,282"
,,Greenburgh Town,0,0,0,1,"43,314"
,,Hamburg Town,2,0,0,0,"43,642"
,,Hastings-on-Hudson Village,0,1,0,0,"7,887"
,,Haverstraw Town,0,1,1,0,"37,489"
,,Hempstead Village,1,0,0,0,"53,443"
,,Hudson,0,1,1,0,"6,691"
,,Hudson Falls Village,0,0,1,0,"6,491"
,,Ithaca,2,0,0,2,"29,791"
,,Jamestown,0,0,1,0,"28,785"
,,Mechanicville,0,0,1,0,"4,827"
,,Monticello Village,0,0,0,2,"6,240"
,,Mount Vernon,0,0,1,0,"68,081"
,,Newburgh,0,1,1,0,"27,836"
,,New Rochelle,0,2,2,1,"73,648"
,,New York,89,90,79,90,"8,336,002"
,,Niagara Falls,0,0,2,0,"50,321"
,,North Syracuse Village,0,0,1,0,"6,477"
,,Norwich,1,0,1,0,"6,778"
,,Oswego City,0,0,1,0,"16,897"
,,Port Jervis,0,1,0,0,"9,061"
,,Poughkeepsie,3,2,1,1,"29,175"
,,Poughkeepsie Town,1,3,0,0,"42,538"
,,Ramapo Town,1,2,1,3,"77,482"
,,Rhinebeck Village,0,0,1,0,"2,982"
,,Rochester,2,2,4,3,"203,802"
,,Saranac Lake Village,0,1,0,0,"4,689"
,,Saratoga Springs,0,1,0,1,"29,080"
,,Saugerties Town,2,2,0,0,"19,375"
,,Scarsdale Village,0,1,0,0,"17,530"
,,Schenectady,0,2,1,1,"60,751"
,,Shelter Island Town,0,1,0,0,"2,555"
,,South Glens Falls Village,1,0,0,0,"3,371"
,,South Nyack Village,0,0,1,0,"3,306"
,,Spring Valley Village,0,2,1,4,"24,965"
,,Suffern Village,0,1,0,0,"10,917"
,,Ticonderoga Town,1,0,0,0,"4,853"
,,Tonawanda,0,1,0,0,"14,475"
,,Troy,0,0,1,0,"46,861"
,,Washingtonville Village,1,0,0,0,"6,122"
,,Waterloo Village,1,0,0,1,"4,905"
,,West Seneca Town,0,1,0,1,"43,061"
,,Yonkers,1,0,2,0,"199,296"
,,Yorktown Town,1,1,1,2,"37,684"
,Universities and Colleges,,,,,,
,,Cornell University,1,0,0,0,"20,633"
,,State University of New York:,,,,,
,,Albany,0,0,0,1,"18,020"
,,Stony Brook3,1,0,0,0,
,,State University of New York College:,,,,,
,,Buffalo,2,2,0,1,"11,714"
,,Cortland,0,1,1,0,"7,322"
,,New Paltz,0,0,0,1,"7,907"
,,Oneonta,0,0,0,1,"5,893"
,,Oswego,4,3,1,0,"8,119"
,,Plattsburgh,0,1,0,4,"6,453"
,,Potsdam,0,1,1,0,"4,299"
,,Purchase,0,0,1,1,"4,192"
,Metropolitan Counties,,,,,,
,,Broome,0,1,1,0,
,,Erie,0,1,1,0,
,,Monroe,0,2,0,0,
,,Nassau,10,22,18,11,
,,Orange,0,1,0,0,
,,Orleans,0,0,1,0,
,,Suffolk County Police Department,8,8,18,15,
,,Wayne,0,2,1,0,
,,Westchester Public Safety,0,0,0,1,
,Nonmetropolitan Counties,,,,,,
,,Chenango,0,0,1,0,
,,Sullivan,0,1,0,0,
,State Police Agencies,,,,,,
,,State Police:,,,,,
,,Broome County,0,1,0,0,
,,Clinton County,1,0,0,0,
,,Orange County,0,0,1,0,
,,Saratoga County,1,0,0,0,
,,Steuben County,0,2,0,0,
,,Westchester County,0,0,1,0,
,Other Agencies,,,,,,
,,New York City Metropolitan Transportation Authority,3,3,2,3,
,,State Park: Finger Lakes Region,0,0,1,0,
,,Suffolk County Parks,0,0,1,0,
NORTH CAROLINA,Total,,,,,,
,Cities,,,,,,
,,Albemarle,0,1,0,0,"15,446"
,,Asheboro,1,0,0,0,"25,017"
,,Asheville,0,2,1,5,"77,067"
,,Black Mountain,0,1,0,2,"7,953"
,,Carrboro,0,1,0,0,"18,448"
,,Charlotte-Mecklenburg,1,4,8,1,"797,733"
,,Creedmoor,1,0,1,0,"3,898"
,,Durham,1,0,0,0,"233,790"
,,Elkin,0,1,0,0,"4,117"
,,Gastonia,0,2,1,0,"73,533"
,,Greensboro,1,1,2,0,"257,237"
,,Hickory,1,0,0,0,"41,892"
,,High Point,0,0,2,0,"105,278"
,,Jacksonville,0,1,0,0,"82,254"
,,Kannapolis,0,1,0,0,"44,084"
,,King,0,1,0,0,"7,092"
,,Long View,0,1,0,0,"5,005"
,,Matthews,0,0,0,1,"27,989"
,,Mint Hill,0,1,0,0,"21,032"
,,Mooresville,0,1,0,1,"22,430"
,,Morganton,0,1,0,0,"17,001"
,,New Bern,0,1,2,0,"29,657"
,,Oxford,0,0,0,1,"8,699"
,,Raleigh,0,0,0,1,"419,700"
,,Roanoke Rapids,0,0,1,0,"16,121"
,,Roxboro,0,0,1,0,"8,683"
,,Salisbury,1,1,0,0,"31,106"
,,Smithfield,0,0,0,1,"13,448"
,,Sylva,1,1,0,0,"2,460"
,,Wadesboro,0,0,0,1,"5,145"
,,Wilson,0,0,1,0,"49,134"
,Universities and Colleges,,,,,,
,,North Carolina State University: Raleigh,0,1,1,0,"33,819"
,Metropolitan Counties,,,,,,
,,Buncombe,0,0,1,2,
,,Caldwell,0,0,1,1,
,,Catawba,0,0,1,0,
,,Chatham,0,1,0,0,
,,Davie,0,1,0,0,
,,Forsyth,1,1,1,1,
,,Gaston County Police Department,2,0,1,0,
,,Guilford,2,2,0,0,
,,Henderson,0,0,0,1,
,,Person,0,1,0,0,
,Nonmetropolitan Counties,,,,,,
,,Jackson,0,1,0,0,
,,Rutherford,0,0,0,2,
,,Transylvania,2,0,0,0,
,Other Agencies,,,,,,
,,Raleigh-Durham International Airport,0,1,0,0,
NORTH DAKOTA,Total,,,,,,
,Cities,,,,,,
,,Bismarck,0,0,1,0,"64,142"
,,Devils Lake,0,1,1,0,"6,917"
,,Dickinson,0,0,1,0,"16,917"
,,Fargo,0,0,0,1,"99,694"
,,Grand Forks,0,0,0,1,"53,382"
,,Mandan,0,0,1,0,"19,134"
,,Watford City,0,0,1,0,"1,450"
OHIO,Total,,,,,,
,Cities,,,,,,
,,Akron,1,4,6,2,"205,760"
,,Alliance,,,,1,"22,467"
,,Athens,2,0,0,0,"22,161"
,,Bath Township: Summit County,0,0,1,0,"10,214"
,,Boardman,0,4,0,0,"38,524"
,,Bowling Green,1,0,0,1,"28,617"
,,Brookfield Township,0,1,0,1,"9,310"
,,Canal Fulton,0,0,1,0,"5,037"
,,Chillicothe,1,0,0,1,"22,143"
,,Cincinnati,1,1,4,4,"332,365"
,,Cleveland,4,2,6,2,"426,042"
,,Columbus,14,13,15,4,"772,974"
,,Cortland,0,1,0,0,"6,257"
,,Dayton,1,2,1,1,"152,319"
,,Englewood,0,1,1,0,"12,647"
,,Fairfield Township,0,0,0,1,"17,538"
,,Findlay,0,3,0,0,"36,324"
,,Fostoria,0,7,1,0,"12,741"
,,Franklin,0,1,0,2,"13,260"
,,Fremont,0,1,0,0,"16,305"
,,Gahanna4,2,0,0,0,"34,335"
,,Grove City,1,2,0,0,"35,339"
,,Hamilton,0,0,0,1,"62,805"
,,Heath,1,0,0,0,"8,950"
,,Hubbard,0,0,0,1,"7,549"
,,Huber Heights,1,0,0,0,"36,736"
,,Hudson,0,0,0,1,"23,023"
,,Jackson Township: Stark County,1,0,0,0,"40,877"
,,Kettering,1,1,0,1,"52,931"
,,Lakewood,1,0,0,1,"49,526"
,,Lorain,0,3,2,1,"70,242"
,,Madison Township: Lake County,0,1,0,0,"17,187"
,,Mansfield,1,6,3,4,"49,069"
,,Marion,1,0,0,0,"35,540"
,,Mason,1,0,0,0,"30,805"
,,Massillon,2,0,0,0,"32,768"
,,Miamisburg,0,0,1,0,"19,679"
,,Miami Township: Montgomery County,1,0,1,1,"24,822"
,,Montgomery,0,1,0,1,"10,606"
,,Montpelier,0,0,0,1,"3,928"
,,New Albany,0,1,0,0,"7,766"
,,Niles,2,2,0,0,"18,906"
,,Norwood,0,0,0,1,"20,240"
,,Ottawa Hills,0,0,1,0,"4,578"
,,Parma,0,1,0,0,"76,303"
,,Perry Township: Stark County,0,1,0,,"27,930"
,,Pickerington,1,1,2,0,"18,801"
,,Piqua,0,0,0,1,"20,478"
,,Portsmouth,1,0,1,1,"20,254"
,,Powell,0,1,0,0,"14,121"
,,Reynoldsburg,0,0,3,0,"34,208"
,,Salem,0,0,1,1,"11,676"
,,Sharonville,0,1,1,0,"13,337"
,,South Euclid,1,1,0,0,"20,750"
,,Springdale,0,1,0,0,"10,436"
,,Springfield Township: Hamilton County,0,1,1,0,"39,931"
,,Stow,0,0,0,1,"33,938"
,,Trotwood,0,0,0,1,"25,685"
,,Washington Court House,0,0,0,1,"13,468"
,,Weathersfield,0,0,1,0,"8,071"
,,Westerville,1,0,0,1,"36,966"
,,Whitehall,0,1,0,0,"18,332"
,,Wilmington,0,1,0,1,"12,578"
,,Youngstown,1,0,0,1,"71,380"
,Universities and Colleges,,,,,,
,,Capital University,0,0,0,1,"3,540"
,,Ohio State University: Columbus,0,1,0,0,"55,014"
,,Wright State University,5,0,0,0,"17,558"
,Metropolitan Counties,,,,,,
,,Butler,1,0,1,2,
,,Delaware,1,0,0,0,
,,Franklin,0,1,,,
,,Geauga,0,0,1,0,
,,Licking,0,1,0,0,
,,Montgomery,0,0,4,0,
,,Pickaway,0,0,1,0,
,,Stark,0,1,0,1,
,,Summit,1,0,0,0,
,Nonmetropolitan Counties,,,,,,
,,Ashland,0,0,1,0,
,,Clinton,0,1,0,0,
,,Coshocton,0,1,1,0,
,,Fayette,0,2,1,0,
,,Putnam,0,1,0,0,
,,Ross,2,0,2,0,
,,Shelby,,0,0,1,
OKLAHOMA,Total,,,,,,
,Cities,,,,,,
,,Ada,2,0,0,0,"17,298"
,,Apache,0,1,0,0,"1,540"
,,Atoka,0,0,1,0,"3,092"
,,Bixby,1,0,0,0,"22,683"
,,Blackwell,1,0,0,0,"7,238"
,,Chickasha,0,1,0,0,"17,507"
,,Choctaw,1,0,1,0,"11,942"
,,Coweta,1,0,1,0,"9,248"
,,Edmond,2,0,0,0,"83,337"
,,Heavener,0,0,0,1,"3,254"
,,Hinton,1,0,0,0,"3,746"
,,Moore,0,0,0,1,"55,788"
,,Norman,0,2,3,2,"111,534"
,,Oklahoma City,3,3,2,6,"571,865"
,,Okmulgee,1,0,0,0,"12,648"
,,Perkins,1,0,0,0,"2,680"
,,Sallisaw,0,1,0,0,"8,985"
,,The Village,1,0,0,0,"9,923"
,,Tulsa,1,0,2,0,"393,412"
,,Valliant,0,0,0,1,743
,,Warr Acres,0,0,1,0,"9,579"
,,Yukon,1,0,0,0,"24,023"
,Universities and Colleges,,,,,,
,,Tulsa Community College,1,0,0,0,"19,730"
,Metropolitan Counties,,,,,,
,,Tulsa,0,1,0,0,
OREGON,Total,,,,,,
,Cities,,,,,,
,,Albany,,,1,,"48,777"
,,Beaverton,2,3,1,2,"93,993"
,,Bend,1,0,0,0,"79,556"
,,Central Point,1,0,0,0,"16,819"
,,Corvallis,4,0,0,1,"51,276"
,,Eugene,14,8,8,,"153,269"
,,Lake Oswego,,,,1,"37,349"
,,Lebanon,0,1,2,0,"16,084"
,,McMinnville,0,0,1,0,"31,748"
,,Medford,1,0,0,0,"73,525"
,,Newport,1,0,0,0,"9,877"
,,Portland,6,10,10,3,"564,392"
,,Redmond,0,1,0,1,"25,480"
,,Roseburg,1,0,0,0,"20,169"
,,Salem,3,1,1,1,"155,820"
,,Seaside,,,1,,"6,157"
,,Springfield,2,6,0,4,"57,081"
,,Sutherlin,0,0,0,1,"7,064"
,,Tigard,1,2,2,2,"49,466"
,,Woodburn,1,0,0,0,"23,032"
,Metropolitan Counties,,,,,,
,,Benton,1,0,0,0,
,,Clackamas,3,,,,
,,Deschutes,0,0,0,1,
,,Lane,4,,,,
,,Yamhill,0,0,1,0,
,Nonmetropolitan Counties,,,,,,
,,Douglas,2,1,0,0,
,,Lincoln,2,1,0,0,
,,Tillamook,0,0,1,0,
,,Umatilla,0,1,2,0,
,,Union,0,1,0,0,
PENNSYLVANIA,Total,,,,,,
,Cities,,,,,,
,,Abington Township,0,0,0,1,"54,235"
,,Ambler,1,0,0,0,"6,228"
,,Avoca,1,0,0,0,"2,659"
,,Chester,1,0,0,0,"37,308"
,,Corry,1,0,0,0,"6,315"
,,East Hempfield Township,0,1,1,0,"24,035"
,,Harrisburg,1,0,0,2,"47,509"
,,Hastings,0,0,1,0,"1,285"
,,Johnstown,0,1,1,0,"22,900"
,,Lancaster,,1,0,0,"55,582"
,,Lower Paxton Township,0,0,0,1,"46,144"
,,Old Forge,0,1,0,0,"8,525"
,,Paxtang,1,0,0,0,"1,493"
,,Philadelphia,4,2,2,0,"1,558,378"
,,Pine Grove,0,1,0,,"2,036"
,,Pittsburgh,0,2,3,4,"312,737"
,,Reading,0,0,0,1,"81,370"
,,Shenandoah,1,0,0,0,"5,121"
,,South Park Township,0,0,0,1,"14,057"
,,State College,0,0,1,1,"54,649"
,,West Hills Regional,0,0,1,0,"10,549"
,Universities and Colleges,,,,,,
,,Pennsylvania State University: University Park,0,1,2,1,"45,185"
,,West Chester University,0,0,2,0,"14,211"
,State Police Agencies,,,,,,
,,State Police:,,,,,
,,Adams County,0,0,0,1,
,,Chester County,0,0,0,1,
,,Elk County,0,0,2,,
,,Juniata County,1,0,0,0,
,,Lawrence County,0,0,1,0,
,,Monroe County,0,0,1,0,
,,Potter County,0,0,0,1,
,,Washington County,0,1,1,0,
RHODE ISLAND,Total,,,,,,
,Cities,,,,,,
,,Burrillville,0,0,0,1,"16,637"
,,Charlestown,0,0,0,1,"8,093"
,,Coventry,1,0,0,0,"35,021"
,,East Providence,1,0,0,1,"48,507"
,,Hopkinton,1,0,0,0,"8,021"
,,Newport,0,1,1,0,"23,173"
,,Pawtucket,1,1,1,0,"71,782"
,,Providence,0,0,0,1,"171,565"
,,West Warwick,0,0,0,1,"29,251"
,Universities and Colleges,,,,,,
,,Brown University,0,1,0,0,"8,574"
,,University of Rhode Island,1,2,0,3,"16,389"
SOUTH CAROLINA,Total,,,,,,
,Cities,,,,,,
,,Aiken,0,0,1,0,"29,875"
,,Anderson,0,0,0,1,"27,325"
,,Andrews,2,1,0,0,"2,965"
,,Batesburg-Leesville,0,0,1,0,"5,670"
,,Beaufort,1,1,0,0,"12,076"
,,Bennettsville,1,0,0,0,"8,941"
,,Cayce,2,1,0,1,"13,161"
,,Charleston,0,1,0,0,"117,551"
,,Chester,0,0,0,2,"5,915"
,,Columbia,1,2,2,3,"130,498"
,,Florence,0,1,0,2,"32,273"
,,Goose Creek,0,2,0,0,"39,955"
,,Greeleyville,0,0,0,1,369
,,Hardeeville,1,0,0,0,"3,795"
,,Marion,0,0,2,0,"6,649"
,,Mauldin,1,1,0,0,"23,218"
,,Mount Pleasant,0,1,0,0,"68,555"
,,Myrtle Beach,1,3,1,0,"32,907"
,,Ninety Six,0,0,0,1,"1,951"
,,North Charleston,0,0,1,0,"99,447"
,,Pageland,0,0,2,0,"2,508"
,,Prosperity,0,0,2,0,"1,063"
,,Rock Hill,0,0,0,1,"71,456"
,,Spartanburg,0,1,0,0,"40,448"
,,St. George,0,1,0,0,"2,156"
,,Sumter,1,0,0,0,"38,228"
,,Walterboro,3,3,2,1,"5,841"
,,Williston,0,0,0,1,"3,121"
,,York,1,0,0,1,"8,327"
,Universities and Colleges,,,,,,
,,Clemson University,0,1,0,0,"19,111"
,,College of Charleston,4,0,0,0,"11,772"
,Metropolitan Counties,,,,,,
,,Anderson,3,1,2,2,
,,Berkeley,1,0,0,0,
,,Charleston,0,1,0,1,
,,Horry County Police Department,2,4,0,0,
,,Laurens,0,1,0,0,
,,Pickens,0,0,1,0,
,,Richland,1,1,2,0,
,,Spartanburg,1,0,1,0,
,Nonmetropolitan Counties,,,,,,
,,Chesterfield,3,0,0,0,
,,Colleton,0,2,1,0,
,,Dillon,0,1,0,0,
,,Greenwood,0,0,1,0,
,,Hampton,1,2,1,0,
,,Oconee,0,0,0,1,
,,Union,0,1,1,0,
,,Williamsburg,0,0,0,1,
SOUTH DAKOTA,Total,,,,,,
,Cities,,,,,,
,,Belle Fourche,0,1,0,0,"4,972"
,,Box Elder,0,0,0,1,"4,340"
,,Flandreau,0,0,0,1,"2,171"
,,Freeman,0,0,1,0,"1,157"
,,Pierre,2,0,2,0,"14,003"
,,Rapid City,1,1,1,2,"67,436"
,,Sioux Falls,8,6,7,6,"160,679"
,,Spearfish,0,1,0,0,"10,057"
,,Tea,0,0,1,5,"5,058"
,,Watertown,1,1,1,0,"20,232"
,Metropolitan Counties,,,,,,
,,Minnehaha,0,1,0,0,
TENNESSEE,Total,,,,,,
,Cities,,,,,,
,,Alcoa,1,0,0,0,"8,775"
,,Bolivar,0,2,0,0,"5,516"
,,Brownsville,0,0,2,0,"10,138"
,,Chattanooga,0,1,2,2,"172,460"
,,Clarksville,0,0,1,0,"126,548"
,,Cleveland,2,0,1,1,"40,452"
,,Collierville,1,0,0,1,"40,286"
,,Columbia,3,0,0,1,"35,364"
,,Cookeville,1,0,3,1,"30,179"
,,Covington,0,0,0,1,"9,396"
,,Cross Plains,1,0,0,0,"1,728"
,,Dickson,0,3,3,0,"14,100"
,,Dyersburg,0,1,0,0,"17,104"
,,Franklin,0,0,1,0,"62,127"
,,Gallatin,0,1,0,0,"31,229"
,,Germantown,1,0,0,0,"41,347"
,,Greenbrier,0,0,3,0,"6,899"
,,Hendersonville,0,1,1,0,"49,010"
,,Jackson,0,0,1,0,"63,969"
,,Johnson City,2,0,1,0,"63,750"
,,Kingsport,0,1,0,2,"44,587"
,,Lawrenceburg,1,0,0,0,"10,877"
,,Lexington,7,1,0,1,"7,876"
,,Madisonville,0,0,0,1,"4,761"
,,Manchester,0,0,0,1,"10,210"
,,Memphis,1,2,7,5,"673,650"
,,Morristown,0,2,0,1,"28,147"
,,Mount Carmel,0,0,0,1,"5,525"
,,Murfreesboro,1,2,0,0,"109,199"
,,Nashville,0,3,4,1,"616,366"
,,Oakland,0,0,1,0,"5,878"
,,Oak Ridge,0,0,1,0,"27,728"
,,Pigeon Forge,0,0,1,0,"6,532"
,,Red Bank,1,1,1,1,"11,680"
,,Rockwood,0,1,0,0,"5,536"
,,Shelbyville,1,0,0,0,"20,527"
,,Smithville,0,0,0,1,"4,465"
,,Smyrna,1,1,0,1,"41,071"
,,Soddy-Daisy,0,1,0,1,"12,967"
,,Spring Hill,0,3,1,0,"30,829"
,,Union City,0,0,1,0,"10,486"
,,Westmoreland,0,0,0,2,"2,243"
,Universities and Colleges,,,,,,
,,Middle Tennessee State University,2,0,0,0,"25,188"
,,Vanderbilt University,0,0,1,0,"12,506"
,Metropolitan Counties,,,,,,
,,Anderson,0,0,0,1,
,,Bradley,0,0,0,1,
,,Cheatham,0,0,0,1,
,,Hamblen,0,1,0,0,
,,Hamilton,1,3,1,3,
,,Knox,1,0,0,0,
,,Rutherford,1,1,0,1,
,,Stewart,2,0,0,0,
,,Sumner,0,3,0,1,
,,Washington,0,0,1,0,
,Nonmetropolitan Counties,,,,,,
,,Decatur,0,0,0,4,
,,Lewis,0,0,1,0,
,,Maury,0,0,1,0,
,Other Agencies,,,,,,
,,Memphis International Airport,0,0,1,0,
TEXAS,Total,,,,,,
,Cities,,,,,,
,,Abilene,1,0,0,0,"116,938"
,,Allen,0,1,0,0,"89,459"
,,Arlington,0,2,1,0,"383,715"
,,Austin,2,1,1,1,"796,310"
,,Beaumont,1,1,1,0,"109,430"
,,Bedford,1,1,1,0,"49,993"
,,Bryan,1,0,0,1,"75,350"
,,Cedar Park,0,0,0,1,"70,363"
,,Center,0,0,0,1,"5,769"
,,Collinsville,0,1,0,0,"1,539"
,,Corpus Christi,2,1,0,0,"287,559"
,,Dallas,8,1,3,0,"1,306,775"
,,Denton,1,0,1,0,"127,251"
,,Edgewood,0,1,0,0,"1,429"
,,Elgin,1,0,0,0,"10,437"
,,El Paso,0,2,1,2,"624,322"
,,Floydada,1,0,0,0,"3,003"
,,Fort Worth,0,5,5,4,"746,433"
,,Gainesville,0,1,0,0,"16,558"
,,Galveston,1,0,2,1,"55,835"
,,Garland,0,0,0,2,"221,921"
,,Grapevine,0,3,1,0,"51,869"
,,Henderson,0,0,0,1,"11,652"
,,Houston,2,3,5,3,"2,280,859"
,,Hurst,0,0,1,0,"39,147"
,,Hutto,0,1,0,0,"17,962"
,,Lake Jackson,1,0,0,0,"29,037"
,,La Porte,1,0,0,0,"34,304"
,,Lewisville,0,0,2,0,"107,968"
,,Longview,0,0,0,1,"78,319"
,,McKinney,2,2,0,3,"138,306"
,,Missouri City,0,0,1,0,"77,181"
,,New Braunfels,0,1,0,0,"57,796"
,,North Richland Hills,1,0,0,2,"66,897"
,,Orange,1,0,0,0,"19,452"
,,Pearland,1,4,0,1,"91,679"
,,Plano,0,4,0,0,"278,244"
,,Richland Hills,0,1,0,0,"8,196"
,,Round Rock,0,1,1,0,"111,099"
,,Rowlett,0,1,2,1,"57,852"
,,Sachse,0,1,0,0,"20,548"
,,San Angelo,1,0,0,1,"92,234"
,,San Antonio,3,2,0,0,"1,392,198"
,,San Marcos,0,0,1,0,"55,100"
,,Schertz,0,1,0,0,"33,451"
,,Sherman,1,0,0,0,"38,623"
,,Sweetwater,0,2,2,0,"10,607"
,,Terrell,0,2,1,0,"20,241"
,,Thorndale,0,0,0,1,"1,308"
,,Tomball,2,0,0,0,"10,272"
,,Tyler,0,0,2,0,"100,125"
,,Universal City,0,0,0,1,"18,511"
,,Victoria,1,0,0,0,"63,215"
,,Vidor,2,0,1,0,"10,611"
,,Wichita Falls,1,2,1,2,"100,716"
,,Wylie,0,1,0,0,"43,508"
,Universities and Colleges,,,,,,
,,Houston Community College,0,0,0,1,"54,942"
,,Texas A&M University: College Station,0,2,1,0,"48,702"
,,University of Texas:,,,,,
,,Austin,0,0,0,1,"50,995"
,,Permian Basin,0,1,0,0,"3,546"
,Metropolitan Counties,,,,,,
,,Comal,0,0,1,0,
,,Harris,0,0,1,1,
,,Kaufman,0,2,2,0,
,,Travis,1,0,0,0,
,,Wise,1,0,0,0,
,Other Agencies,,,,,,
,,Dallas-Fort Worth International Airport,0,0,2,0,
UTAH,Total,,,,,,
,Cities,,,,,,
,,Bluffdale,,0,1,1,"8,246"
,,Bountiful,2,1,0,2,"43,485"
,,Draper,1,1,1,0,"44,259"
,,Farmington,0,1,0,0,"17,977"
,,Layton,1,1,2,1,"65,610"
,,Midvale,0,0,0,1,"28,739"
,,Murray,0,1,3,1,"45,305"
,,Ogden,0,1,0,0,"81,431"
,,Pleasant Grove,0,1,0,0,"35,589"
,,Price,0,0,1,0,"7,979"
,,Provo,1,1,0,0,"117,734"
,,Salt Lake City,0,1,1,0,"177,873"
,,Sandy,1,0,0,0,"95,173"
,,Saratoga Springs,1,0,0,0,"20,490"
,,South Jordan,0,1,0,0,"56,502"
,,South Salt Lake,0,1,1,1,"21,107"
,,St. George,0,0,1,0,"73,086"
,,Syracuse,1,0,0,0,"23,780"
,,Tooele,1,4,2,0,"30,663"
,,Vernal,0,0,1,0,"9,121"
,,West Jordan,0,1,1,0,"104,783"
,,West Valley,0,2,0,0,"123,089"
,,Woods Cross,0,1,0,0,"8,899"
,Universities and Colleges,,,,,,
,,University of Utah,0,0,1,0,"29,284"
,,Utah State University,0,0,2,0,"15,612"
,Metropolitan Counties,,,,,,
,,Davis,0,0,0,1,
,,Salt Lake County Unified Police Department,1,0,0,0,
,,Summit,0,1,0,0,
,,Utah,0,1,0,0,
,,Washington,1,1,0,2,
,Nonmetropolitan Counties,,,,,,
,,Uintah,0,1,0,0,
,Other Agencies,,,,,,
,,Utah Transit Authority,1,0,0,0,
VERMONT,Total,,,,,,
,Cities,,,,,,
,,Bennington,0,1,1,1,"15,086"
,,Brattleboro,0,0,0,2,"11,573"
,,Burlington,3,1,0,1,"38,699"
,,Middlebury,1,0,0,0,"8,340"
,,Montpelier,0,1,0,0,"7,708"
,,Rutland,0,0,0,1,"16,643"
,,Vergennes,0,1,1,0,"2,675"
,Nonmetropolitan Counties,,,,,,
,,Lamoille,0,1,0,0,
,,Orange,0,1,0,0,
VIRGINIA,Total,,,,,,
,Cities,,,,,,
,,Alexandria,0,3,1,0,"152,801"
,,Bedford,0,1,0,0,"6,377"
,,Charlottesville,1,0,0,1,"42,590"
,,Chesapeake,3,2,0,3,"225,627"
,,Christiansburg,0,0,0,1,"19,997"
,,Danville,1,0,0,0,"44,192"
,,Fredericksburg,1,0,1,0,"23,704"
,,Front Royal,1,0,1,0,"14,725"
,,Grottoes,1,0,0,0,"2,212"
,,Hampton,1,3,2,0,"144,545"
,,Harrisonburg,1,1,0,1,"45,804"
,,Manassas,0,0,1,0,"36,822"
,,Newport News,1,1,8,1,"195,225"
,,Norfolk,1,0,1,1,"234,100"
,,Portsmouth,4,1,1,2,"99,576"
,,Purcellville,0,1,0,1,"5,533"
,,Richmond,0,3,1,2,"205,883"
,,Roanoke,0,0,1,1,"94,795"
,,Smithfield,0,0,0,1,"7,173"
,,Suffolk,1,1,0,0,"86,226"
,,Vienna,0,0,0,1,"15,343"
,,Vinton,0,0,0,1,"7,851"
,,Virginia Beach,3,5,5,6,"435,873"
,,Williamsburg,0,0,0,1,"12,854"
,Universities and Colleges,,,,,,
,,Christopher Newport University,0,0,0,1,"4,952"
,,College of William and Mary,2,2,0,0,"7,874"
,,George Mason University,0,1,1,0,"32,067"
,,Longwood University,1,0,0,0,"4,832"
,,Old Dominion University,0,0,1,0,"24,013"
,,Radford University,1,0,0,2,"8,878"
,,University of Mary Washington,0,1,0,0,"5,381"
,Metropolitan Counties,,,,,,
,,Albemarle County Police Department,2,3,3,0,
,,Amelia,0,1,1,0,
,,Arlington County Police Department,0,3,2,2,
,,Campbell,0,1,0,0,
,,Chesterfield County Police Department,1,3,3,2,
,,Fairfax County Police Department,4,6,8,2,
,,Fauquier,0,0,0,1,
,,Goochland,1,0,0,0,
,,Henrico County Police Department,0,2,3,1,
,,James City County Police Department,1,0,0,0,
,,Loudoun,0,0,0,2,
,,Montgomery,0,0,0,1,
,,Prince George County Police Department,1,0,1,0,
,,Rockingham,0,0,0,1,
,,Spotsylvania,0,0,1,1,
,,Warren,0,1,0,0,
,Nonmetropolitan Counties,,,,,,
,,Accomack,1,0,0,0,
,,King George,1,0,0,0,
,,Madison,0,1,0,0,
,,Page,2,1,0,0,
,State Police Agencies,,,,,,
,,State Police: Fauquier County,0,0,0,1,
,Other Agencies,,,,,,
,,Richmond International Airport,0,1,0,0,
WASHINGTON,Total,,,,,,
,Cities,,,,,,
,,Auburn,2,2,1,0,"64,139"
,,Battle Ground,0,1,0,2,"18,076"
,,Bellevue,0,1,3,3,"127,735"
,,Bellingham,2,1,4,2,"81,139"
,,Burien,0,0,2,0,"31,831"
,,Camas,0,2,0,2,"18,850"
,,Centralia,1,0,1,2,"15,736"
,,Cheney,0,2,2,0,"11,030"
,,Everett,1,0,1,0,"99,387"
,,Federal Way,1,0,0,0,"85,623"
,,Grand Coulee,1,0,0,0,"1,969"
,,Issaquah,0,1,0,0,"25,784"
,,Kennewick,0,2,0,0,"68,501"
,,Lakewood,1,1,0,0,"57,459"
,,Liberty Lake,0,1,0,0,"8,300"
,,Longview,0,1,0,0,"36,550"
,,Lynden,1,0,0,1,"12,377"
,,Maple Valley,0,0,1,0,"21,797"
,,Mercer Island,0,0,1,0,"24,715"
,,Mount Vernon,1,1,0,1,"32,630"
,,Oak Harbor,0,1,0,0,"22,873"
,,Olympia,2,1,0,1,"46,264"
,,Port Angeles,0,0,0,1,"18,901"
,,Poulsbo,0,1,0,0,"8,386"
,,Pullman,0,1,2,1,"27,806"
,,Puyallup,2,0,3,2,"37,964"
,,Redmond,0,0,0,1,"52,972"
,,Richland,1,0,3,1,"48,335"
,,Sammamish,0,0,1,0,"43,048"
,,Seattle,5,4,3,3,"620,195"
,,Sequim,1,0,0,1,"5,978"
,,Shoreline,0,0,1,0,"52,567"
,,Spokane,2,10,5,1,"203,272"
,,Stanwood,0,0,1,0,"5,519"
,,Tacoma,5,7,11,12,"199,595"
,,Tukwila,0,0,0,1,"17,337"
,,University Place,0,0,1,0,"30,655"
,,Vancouver,3,0,4,5,"167,264"
,,Walla Walla,2,0,0,0,"31,265"
,,West Richland,0,0,1,0,"11,840"
,,Yakima,0,1,0,0,"85,802"
,Universities and Colleges,,,,,,
,,Eastern Washington University,3,3,0,1,"11,300"
,,Evergreen State College,0,1,0,1,"4,891"
,,University of Washington,1,1,0,1,"45,943"
,Metropolitan Counties,,,,,,
,,Chelan,1,0,1,0,
,,Clark,1,6,4,5,
,,King,5,3,1,3,
,,Kitsap,0,0,0,1,
,,Pierce,2,4,0,2,
,,Spokane,0,1,0,0,
,,Thurston,0,2,1,0,
,,Yakima,0,1,0,0,
,Nonmetropolitan Counties,,,,,,
,,Adams,0,0,0,1,
,,Clallam,0,1,0,0,
,,Walla Walla,0,0,1,0,
,Other Agencies,,,,,,
,,Port of Seattle,0,0,1,1,
WEST VIRGINIA,Total,,,,,,
,Cities,,,,,,
,,Beckley,0,0,2,0,"16,990"
,,Buckhannon,1,0,0,0,"5,601"
,,Ceredo,0,1,0,0,"1,608"
,,Charleston,0,0,1,0,"50,822"
,,Clarksburg,0,1,0,0,"16,652"
,,Fairmont,0,0,2,0,"19,332"
,,Huntington,2,0,1,1,"49,703"
,,Martinsburg,0,1,0,0,"17,654"
,,Nitro,0,1,0,0,"6,836"
,,Parkersburg,0,0,1,1,"32,001"
,,South Charleston,0,1,0,1,"12,691"
,,Wheeling,1,0,0,0,"29,054"
,Universities and Colleges,,,,,,
,,West Virginia University,0,0,0,1,"28,898"
,Metropolitan Counties,,,,,,
,,Berkeley,0,0,0,1,
,,Brooke,1,1,0,4,
,,Kanawha,0,2,3,0,
,Nonmetropolitan Counties,,,,,,
,,Raleigh,0,0,1,0,
WISCONSIN,Total,,,,,,
,Cities,,,,,,
,,Appleton,0,0,1,0,"70,975"
,,Berlin,1,0,0,0,"4,932"
,,Fond du Lac,0,0,1,0,"42,369"
,,Green Bay,0,1,0,0,"101,320"
,,Hudson,0,4,0,0,"12,832"
,,Janesville,1,0,0,1,"63,651"
,,Kaukauna,0,0,0,1,"15,948"
,,Kenosha,1,0,0,0,"98,961"
,,La Crosse,1,0,1,0,"51,184"
,,Madison,1,4,7,6,"238,224"
,,Merrill,0,1,0,0,"9,433"
,,Milwaukee,8,10,9,8,"605,921"
,,North Fond du Lac,0,1,0,0,"5,108"
,,Oak Creek,1,0,0,2,"34,572"
,,Rhinelander,0,0,0,1,"7,471"
,,Ripon,0,0,1,0,"7,481"
,,River Falls,0,0,0,1,"14,745"
,,Seymour,1,1,0,1,"3,396"
,,Sheboygan,0,2,0,0,"47,516"
,,Shiocton,0,0,0,2,943
,,Tomahawk,1,0,0,0,"3,580"
,,Wausau,0,0,0,1,"38,429"
,,Whitewater,0,0,1,0,"14,211"
,Universities and Colleges,,,,,,
,,University of Wisconsin: Platteville,,,0,1,"7,803"
,Metropolitan Counties,,,,,,
,,Dane,0,0,0,1,
,,Iowa,0,1,0,0,
,,Outagamie,1,0,0,0,
,,Racine,0,0,0,1,
,Nonmetropolitan Counties,,,,,,
,,Clark,2,0,0,0,
,,Manitowoc,1,0,0,0,
WYOMING,Total,,,,,,
,Metropolitan Counties,,,,,,
,,Laramie,0,0,0,1,
,Nonmetropolitan Counties,,,,,,
,,Niobrara,1,0,0,0,