Table 13,,,,,,,,,,,,,,,,,
Hate Crime Incidents,,,,,,,,,,,,,,,,,
per Bias Motivation and Quarter,,,,,,,,,,,,,,,,,
"by State and Agency, 2012",,,,,,,,,,,,,,,,,
State,Agency type,Agency name,Number of incidents per bias motivation,,,,,Number of incidents per quarter1,,,,Population2,,,,,
,,,Race,Religion,"Sexual
orientation",Ethnicity,Disability,"1st
quarter","2nd
quarter","3rd
quarter","4th
quarter",,,,,,
Alabama,Total,,3,2,0,1,0,,,,,,,,,, 
,Cities,,3,2,0,1,0,,,,,,,,,,
,,Hoover,3,2,0,1,0,2,3,1,0,"82,332",,,,,
Alaska,Total,,5,1,0,0,0,,,,,,,,,,
,Cities,,5,1,0,0,0,,,,,,,,,,
,,Anchorage,5,1,0,0,0,0,4,1,1,"299,143",,,,,
Arizona,Total,,75,25,43,32,1,,,,,,,,,,
,Cities,,71,23,42,30,1,,,,,,,,,,
,,Apache Junction,1,0,0,0,0,0,0,1,0,"36,986",,,,,
,,Coolidge,1,0,0,0,0,0,,0,1,"12,206",,,,,
,,Flagstaff,1,2,2,0,0,0,2,0,3,"66,633",,,,,
,,Gilbert,2,0,0,0,0,0,1,0,1,"214,264",,,,,
,,Glendale,2,2,2,2,0,1,,4,3,"232,997",,,,,
,,Maricopa,1,0,1,1,0,2,1,0,0,"44,881",,,,,
,,Mesa,0,2,0,0,0,,,0,2,"451,391",,,,,
,,Paradise Valley,0,1,0,0,0,1,,0,0,"13,177",,,,,
,,Phoenix,59,8,32,22,0,47,,39,35,"1,485,509",,,,,
,,Prescott Valley,0,0,1,0,0,1,,0,0,"39,407",,,,,
,,Scottsdale,1,2,0,0,0,,,1,2,"223,432",,,,,
,,Show Low,0,0,0,1,0,0,0,1,0,"10,773",,,,,
,,Tempe,1,2,2,0,0,0,,3,2,"166,061",,,,,
,,Tucson,2,4,2,2,0,,,4,6,"531,535",,,,,
,,Willcox,0,0,0,0,1,1,0,0,0,"3,837",,,,,
,,Yuma,0,0,0,2,0,1,,1,0,"95,568",,,,,
,Universities and Colleges,,1,1,1,1,0,,,,,,,,,,
,,"Arizona State University, Main Campus",0,0,1,1,0,0,0,2,0,"72,254",,,,,
,,University of Arizona,1,1,0,0,0,0,1,1,0,"39,236",,,,,
,Metropolitan Counties,,2,1,0,1,0,, ,,,,,,,,
,,Maricopa,2,0,0,0,0,1,,1,0,,,,,,
,,Mohave,0,1,0,0,0,0,0,1,0,,,,,,
,,Pima,0,0,0,1,0,,1,,0,,,,,,
,Other Agencies,,1,0,0,0,0,,,,,,,,,,
,,Tucson Airport Authority,1,0,0,0,0,1,,0,0,,,,,,
Arkansas,Total,,11,3,13,2,1,,,,,,,,,,
,Cities,,9,3,12,1,1,,,,,,,,,,
,,Benton,0,0,1,0,0,0,0,1,0,"31,486",,,,,
,,Bentonville,0,2,0,0,0,2,0,0,0,"36,433",,,,,
,,Bryant,1,0,0,0,0,0,0,0,1,"17,129",,,,,
,,Fort Smith,0,0,1,0,0,0,0,1,0,"87,483",,,,,
,,Jonesboro,1,0,0,0,0,0,1,0,0,"68,807",,,,,
,,McGehee,1,0,0,0,0,1,0,0,0,"4,157",,,,,
,,Newport,1,0,0,0,0,0,1,0,0,"7,862",,,,,
,,Ola,1,0,0,0,0,1,0,0,0,"1,276",,,,,
,,Paragould,1,0,0,0,0,1,0,0,0,"26,602",,,,,
,,Pine Bluff,0,1,1,0,0,0,0,2,0,"48,522",,,,,
,,Rogers,0,0,1,0,0,1,0,0,0,"57,757",,,,,
,,Sherwood,2,0,7,0,0,5,2,1,1,"29,914",,,,,
,,Springdale,1,0,1,1,1,2,0,0,2,"71,668",,,,,
,Universities and Colleges,,1,0,1,0,0,,,,,,,,,,
,,University of Arkansas:,,,,,,,,,,,,,,,
,,Fayetteville,1,0,0,0,0,0,0,0,1,"23,199",,,,,
,,Little Rock,0,0,1,0,0,0,0,0,1,"13,068",,,,,
,Metropolitan Counties,,1,0,0,0,0,,,,,,,,,,
,,Pulaski,1,0,0,0,0,0,0,0,1,,,,,,
,Nonmetropolitan Counties,,0,0,0,1,0,,,,, ,,,,,
,,Independence,0,0,0,1,0,1,0,0,0,,,,,,
California,Total, ,379,144,234,151,2,,,,,,,,,,
,Cities,,296,123,203,114,1,,,,,,,,,,
,,Adelanto,1,0,0,0,0,0,0,1,0,"32,520",,,,,
,,Agoura Hills,1,2,1,0,0,0,1,3,0,"20,667",,,,,
,,Aliso Viejo,0,1,0,0,0,0,0,1,0,"48,999",,,,,
,,Anaheim,0,0,1,0,0,0,0,0,1,"344,526",,,,,
,,Antioch,2,0,2,0,0,0,2,1,1,"105,009",,,,,
,,Apple Valley,0,0,0,2,0,0,0,0,2,"70,823",,,,,
,,Arcata,1,0,0,0,0,0,1,0,0,"17,408",,,,,
,,Atascadero,0,0,1,0,0,0,1,0,0,"28,825",,,,,
,,Azusa,3,0,0,0,0,1,0,1,1,"47,111",,,,,
,,Bakersfield,2,0,2,0,0,0,0,3,1,"355,696",,,,,
,,Bellflower,0,0,1,0,0,0,0,0,1,"77,886",,,,,
,,Benicia,0,0,1,0,0,1,0,0,0,"27,459",,,,,
,,Berkeley,3,2,1,2,0,1,1,5,1,"114,961",,,,,
,,Beverly Hills,2,2,1,0,0,0,2,2,1,"34,677",,,,,
,,Brentwood,1,0,0,0,0,0,1,0,0,"52,811",,,,,
,,Buena Park,2,0,1,0,0,0,2,1,0,"82,505",,,,,
,,Burbank,1,1,3,4,0,2,5,1,1,"105,057",,,,,
,,Calabasas,0,2,0,0,0,0,1,1,0,"23,442",,,,,
,,Calimesa,0,0,2,0,0,0,0,0,2,"8,136",,,,,
,,Camarillo,0,3,1,0,0,0,0,2,2,"66,506",,,,,
,,Campbell,1,0,0,0,0,1,0,0,0,"40,339",,,,,
,,Capitola,0,0,1,0,0,0,0,1,0,"10,085",,,,,
,,Carson,2,0,0,1,0,0,2,1,0,"93,233",,,,,
,,Cerritos,1,0,0,0,0,0,0,0,1,"49,856",,,,,
,,Chico,1,1,1,2,0,2,0,3,0,"87,090",,,,,
,,Chino,1,0,2,0,0,0,1,1,1,"79,792",,,,,
,,Chino Hills,1,0,0,0,0,0,0,1,0,"76,632",,,,,
,,Chula Vista,2,0,2,0,0,3,1,0,0,"249,830",,,,,
,,Citrus Heights,0,0,1,0,0,0,0,0,1,"85,112",,,,,
,,Claremont,1,0,1,0,0,0,1,1,0,"35,469",,,,,
,,Clearlake,3,1,0,0,0,2,0,2,0,"15,311",,,,,
,,Clovis,0,1,1,0,0,1,0,0,1,"97,828",,,,,
,,Colton,1,0,1,0,0,0,0,2,0,"53,431",,,,,
,,Compton,1,0,0,0,0,0,0,0,1,"98,057",,,,,
,,Concord,0,0,2,0,0,0,1,1,0,"125,205",,,,,
,,Corona,1,0,1,1,0,2,1,0,0,"157,342",,,,,
,,Coronado,0,1,0,0,0,1,0,0,0,"19,345",,,,,
,,Covina,3,0,1,0,0,2,2,0,0,"48,588",,,,,
,,Cudahy,0,0,1,0,0,1,0,0,0,"24,201",,,,,
,,Cupertino,1,2,1,0,0,0,1,1,2,"59,769",,,,,
,,Cypress,1,0,0,0,0,1,0,0,0,"48,976",,,,,
,,Daly City,0,0,0,1,0,0,1,0,0,"103,311",,,,,
,,Dana Point,0,0,0,1,0,0,0,1,0,"34,172",,,,,
,,Davis,1,0,1,3,0,1,2,0,2,"66,628",,,,,
,,Diamond Bar,1,0,0,0,0,1,0,0,0,"56,470",,,,,
,,Downey,1,0,0,0,0,0,1,0,0,"113,628",,,,,
,,Eastvale,3,0,1,0,0,0,1,3,0,"55,439",,,,,
,,El Cajon,0,0,0,1,0,0,0,0,1,"101,864",,,,,
,,El Monte,3,0,2,0,0,2,1,0,2,"115,356",,,,,
,,Encinitas,0,0,0,1,0,0,0,1,0,"60,960",,,,,
,,Escondido,9,0,0,1,0,6,0,2,2,"147,386",,,,,
,,Eureka,2,1,0,0,0,1,0,1,1,"27,469",,,,,
,,Fountain Valley,0,0,1,0,0,1,0,0,0,"56,674",,,,,
,,Fowler,1,0,0,0,0,1,0,0,0,"5,698",,,,,
,,Fresno,4,0,2,2,0,2,2,2,2,"506,011",,,,,
,,Fullerton,0,0,1,0,0,0,0,0,1,"138,455",,,,,
,,Gardena,1,0,0,0,0,0,1,0,0,"59,802",,,,,
,,Garden Grove,0,1,1,0,0,1,1,0,0,"175,079",,,,,
,,Gilroy,0,0,0,1,0,1,0,0,0,"50,042",,,,,
,,Glendale,1,0,0,0,0,0,0,0,1,"194,902",,,,,
,,Greenfield,1,0,0,0,0,1,0,0,0,"16,765",,,,,
,,Hanford,1,0,0,0,0,0,0,0,1,"54,787",,,,,
,,Hawaiian Gardens,2,0,0,0,0,1,0,0,1,"14,493",,,,,
,,Hawthorne,2,0,0,0,0,1,0,1,0,"85,692",,,,,
,,Hayward,2,1,1,0,0,1,1,2,0,"147,424",,,,,
,,Hemet,2,0,0,0,0,1,0,1,0,"81,213",,,,,
,,Hercules,0,0,1,0,0,0,1,0,0,"24,682",,,,,
,,Hermosa Beach,1,0,0,0,0,0,0,1,0,"19,830",,,,,
,,Hesperia,1,0,0,0,0,0,1,0,0,"92,383",,,,,
,,Highland,1,0,0,0,0,0,0,1,0,"54,403",,,,,
,,Hughson,0,1,0,0,0,0,0,0,1,"6,754",,,,,
,,Huntington Beach,4,2,2,2,0,3,0,2,5,"194,677",,,,,
,,Inglewood,0,0,1,0,0,0,0,1,0,"111,488",,,,,
,,Irvine,0,2,0,1,0,2,0,0,1,"217,528",,,,,
,,Laguna Beach,0,0,1,0,0,0,0,1,0,"23,283",,,,,
,,Laguna Hills,0,0,0,1,0,1,0,0,0,"31,090",,,,,
,,La Habra,0,0,1,0,0,0,0,1,0,"61,731",,,,,
,,Lake Elsinore,0,0,1,0,0,1,0,0,0,"53,912",,,,,
,,Lake Forest,0,0,0,1,0,0,0,1,0,"79,166",,,,,
,,Lakewood,3,0,0,0,0,1,0,2,0,"81,382",,,,,
,,La Mesa,1,0,1,0,0,1,0,1,0,"58,444",,,,,
,,La Mirada,0,0,0,1,0,1,0,0,0,"49,312",,,,,
,,Lancaster,4,2,0,1,0,1,5,1,0,"159,155",,,,,
,,La Quinta,0,0,1,0,0,1,0,0,0,"38,690",,,,,
,,Lawndale,1,0,0,0,0,0,0,1,0,"33,312",,,,,
,,Lemon Grove,1,0,1,0,0,0,2,0,0,"25,932",,,,,
,,Livermore,1,1,0,1,0,2,1,0,0,"82,800",,,,,
,,Livingston,0,0,1,0,0,0,0,1,0,"13,394",,,,,
,,Lodi,2,0,1,0,0,1,1,1,0,"63,718",,,,,
,,Lomita,2,0,0,0,0,0,0,1,1,"20,591",,,,,
,,Long Beach,1,2,1,0,0,0,2,1,1,"469,893",,,,,
,,Los Angeles,41,25,41,17,0,23,33,34,34,"3,855,122",,,,,
,,Los Gatos,0,0,1,0,0,0,0,0,1,"30,161",,,,,
,,Lynwood,1,0,0,0,0,1,0,0,0,"70,908",,,,,
,,Mammoth Lakes,0,0,0,1,0,0,1,0,0,"8,373",,,,,
,,Marysville,0,0,0,1,0,0,0,1,0,"12,254",,,,,
,,Merced,0,0,1,0,0,1,0,0,0,"80,976",,,,,
,,Milpitas,0,0,0,1,0,0,1,0,0,"68,433",,,,,
,,Modesto,3,0,1,0,1,2,1,0,2,"204,631",,,,,
,,Monrovia,1,1,0,0,0,0,0,2,0,"37,199",,,,,
,,Montclair,0,0,2,1,0,0,1,1,1,"37,556",,,,,
,,Monterey Park,1,0,1,0,0,0,1,1,0,"61,270",,,,,
,,Moreno Valley,1,0,0,0,0,0,0,0,1,"199,673",,,,,
,,Murrieta,0,1,1,0,0,0,0,1,1,"106,839",,,,,
,,Napa,0,0,0,1,0,0,0,1,0,"78,589",,,,,
,,National City,1,0,0,1,0,0,0,0,2,"59,920",,,,,
,,Newark,0,2,2,1,0,0,2,3,0,"43,539",,,,,
,,Newport Beach,0,5,1,1,0,0,1,4,2,"87,286",,,,,
,,Norwalk,1,0,1,0,0,0,2,0,0,"107,295",,,,,
,,Novato,1,0,0,1,0,1,0,1,0,"52,942",,,,,
,,Oakland,5,1,5,0,0,2,6,3,0,"399,487",,,,,
,,Oceanside,6,0,1,2,0,4,3,2,0,"171,141",,,,,
,,Ontario,1,0,0,1,0,1,0,0,1,"167,933",,,,,
,,Orange,1,0,0,0,0,0,0,0,1,"139,692",,,,,
,,Orland,0,0,0,1,0,1,0,0,0,"7,361",,,,,
,,Oxnard,3,0,1,0,0,0,1,1,2,"201,797",,,,,
,,Pacifica,1,2,0,0,0,0,1,2,0,"38,041",,,,,
,,Palmdale3,10,1,3,3,0,7,5,5,0,"155,294",,,,,
,,Palm Desert,1,0,0,0,0,1,0,0,0,"50,021",,,,,
,,Palm Springs,0,3,2,1,0,4,2,0,0,"45,996",,,,,
,,Palo Alto,2,2,0,0,0,0,3,0,1,"66,019",,,,,
,,Paradise,1,0,0,0,0,0,1,0,0,"26,492",,,,,
,,Paramount,3,0,0,1,0,2,1,0,1,"54,997",,,,,
,,Parlier,0,0,1,0,0,0,0,1,0,"14,828",,,,,
,,Pasadena,1,1,0,0,0,0,1,0,1,"139,382",,,,,
,,Paso Robles,0,0,0,1,0,0,0,1,0,"30,344",,,,,
,,Pico Rivera,0,0,1,0,0,0,0,0,1,"63,988",,,,,
,,Pinole,0,1,0,0,0,1,0,0,0,"18,864",,,,,
,,Pittsburg,1,0,0,0,0,0,1,0,0,"64,890",,,,,
,,Placerville,1,0,0,0,0,0,1,0,0,"10,479",,,,,
,,Pomona,1,1,2,0,0,0,2,1,1,"151,511",,,,,
,,Poway,0,1,0,0,0,0,1,0,0,"48,968",,,,,
,,Rancho Palos Verdes,1,0,0,0,0,1,0,0,0,"42,335",,,,,
,,Rancho Santa Margarita,0,1,0,0,0,0,0,0,1,"49,038",,,,,
,,Redding,9,0,1,4,0,2,3,6,3,"90,974",,,,,
,,Redlands,1,0,0,0,0,0,0,1,0,"70,399",,,,,
,,Redondo Beach,2,2,1,1,0,1,3,0,2,"67,856",,,,,
,,Redwood City,0,0,0,1,0,0,0,0,1,"78,466",,,,,
,,Reedley,0,0,0,1,0,1,0,0,0,"24,747",,,,,
,,Richmond,2,0,0,3,0,4,1,0,0,"106,357",,,,,
,,Riverside,4,5,2,1,0,5,2,3,2,"313,532",,,,,
,,Rosemead,1,0,1,0,0,0,2,0,0,"54,656",,,,,
,,Roseville,0,0,0,1,0,0,0,1,0,"122,896",,,,,
,,Sacramento,2,4,7,3,0,4,5,7,0,"476,557",,,,,
,,San Anselmo,1,0,0,0,0,0,1,0,0,"12,584",,,,,
,,San Bernardino,1,0,0,0,0,0,1,0,0,"214,987",,,,,
,,San Clemente,0,0,1,0,0,0,1,0,0,"65,089",,,,,
,,San Diego,12,7,9,6,0,10,6,8,10,"1,338,477",,,,,
,,San Dimas,1,0,0,0,0,1,0,0,0,"33,923",,,,,
,,San Francisco,8,1,20,6,0,8,9,8,10,"820,363",,,,,
,,San Gabriel,1,0,0,0,0,1,0,0,0,"40,376",,,,,
,,San Jose,3,5,5,2,0,6,2,1,6,"976,459",,,,,
,,San Leandro,3,0,0,0,0,2,0,0,1,"86,869",,,,,
,,San Luis Obispo,0,0,2,2,0,2,2,0,0,"45,947",,,,,
,,San Marcos,1,0,1,0,0,1,0,0,1,"85,810",,,,,
,,San Mateo,1,0,0,0,0,1,0,0,0,"99,303",,,,,
,,San Rafael,1,1,1,0,0,0,1,0,2,"58,854",,,,,
,,Santa Ana,2,0,3,2,0,3,4,0,0,"332,482",,,,,
,,Santa Barbara,0,0,1,0,0,,0,0,1,"89,871",,,,,
,,Santa Clarita3,2,2,2,3,0,4,2,2,1,"179,248",,,,,
,,Santa Cruz,2,5,3,0,0,2,3,3,2,"60,902",,,,,
,,Santa Maria,1,0,0,0,0,0,1,0,0,"101,207",,,,,
,,Santa Monica,6,2,0,3,0,2,4,4,1,"91,215",,,,,
,,Santa Paula,0,0,1,0,0,0,0,0,1,"29,899",,,,,
,,Santa Rosa,0,0,0,1,0,1,0,0,0,"170,862",,,,,
,,Saratoga,0,1,0,0,0,0,0,0,1,"30,683",,,,,
,,Scotts Valley,1,0,0,0,0,0,0,0,1,"11,775",,,,,
,,Sierra Madre,0,0,1,0,0,1,0,0,0,"11,098",,,,,
,,Simi Valley,2,1,0,0,0,3,0,0,0,"126,686",,,,,
,,Sonora,1,0,0,0,0,0,1,0,0,"4,911",,,,,
,,South Gate,1,0,0,0,0,0,0,1,0,"95,966",,,,,
,,Stockton,2,0,0,0,0,0,1,0,1,"299,105",,,,,
,,Sunnyvale,2,0,0,1,0,1,1,1,0,"143,606",,,,,
,,Taft,1,0,0,1,0,1,0,0,1,"9,552",,,,,
,,Tehachapi,1,0,0,0,0,1,0,0,0,"14,766",,,,,
,,Temecula,2,1,1,0,0,3,1,0,0,"103,414",,,,,
,,Temple City,1,0,0,0,0,0,0,1,0,"36,148",,,,,
,,Thousand Oaks,2,1,0,0,0,0,2,0,1,"129,171",,,,,
,,Torrance,1,0,1,0,0,1,1,0,0,"147,851",,,,,
,,Tracy,0,0,1,1,0,1,0,0,1,"85,047",,,,,
,,Tulare,0,0,1,0,0,0,0,0,1,"60,848",,,,,
,,Turlock,1,0,0,0,0,0,0,0,1,"69,730",,,,,
,,Ukiah,0,0,1,0,0,0,1,0,0,"16,172",,,,,
,,Union City,0,1,0,0,0,1,0,0,0,"71,089",,,,,
,,Upland,1,0,0,0,0,0,0,1,0,"75,531",,,,,
,,Vallejo,2,0,0,0,0,1,0,0,1,"117,912",,,,,
,,Ventura,1,0,2,0,0,0,2,1,0,"108,511",,,,,
,,Victorville,2,0,0,0,0,0,0,1,1,"118,687",,,,,
,,Villa Park,1,0,0,0,0,0,0,0,1,"5,956",,,,,
,,Visalia,2,0,0,0,0,1,0,1,0,"127,604",,,,,
,,Vista,2,1,0,1,0,0,1,3,0,"96,087",,,,,
,,Walnut Creek,0,1,0,0,0,0,0,0,1,"65,816",,,,,
,,Watsonville,1,0,0,2,0,2,0,0,1,"52,064",,,,,
,,West Covina,4,1,0,1,0,0,1,3,2,"107,861",,,,,
,,West Hollywood,4,0,9,0,0,2,5,2,4,"34,971",,,,,
,,Yorba Linda,0,1,0,0,0,0,0,0,1,"65,820",,,,,
,,Yucaipa,1,0,0,0,0,0,1,0,0,"52,622",,,,,
,Universities and Colleges,,15,7,4,6,1,,,,,,,,,,
,,Allan Hancock College,1,0,0,2,0,0,1,0,2,"10,955",,,,,
,,"California State Polytechnic University, Pomona",0,0,1,0,0,0,0,0,1,"21,107",,,,,
,,California State University:,,,,,,,,,,,,,,,
,,Dominguez Hills,1,0,0,0,0,0,0,0,1,"14,364",,,,,
,,Fullerton,1,1,1,0,0,1,1,1,0,"36,156",,,,,
,,Long Beach,1,0,0,0,0,0,0,0,1,"34,870",,,,,
,,Northridge,3,0,0,0,0,3,0,0,0,"36,911",,,,,
,,San Jose,0,0,1,1,0,0,0,0,2,"30,236",,,,,
,,San Marcos,0,2,0,0,0,0,0,0,2,"10,276",,,,,
,,Marin Community College,1,0,0,0,0,0,0,1,0,"7,075",,,,,
,,Riverside Community College,1,0,0,0,0,0,0,1,0,"18,395",,,,,
,,San Diego State University,1,0,0,0,0,0,1,0,0,"30,541",,,,,
,,Santa Rosa Junior College,0,0,0,1,1,0,1,1,0,"24,199",,,,,
,,University of California:,,,,,,,,,,,,,,,
,,Berkeley,1,1,1,2,0,0,1,2,2,"36,137",,,,,
,,Irvine,1,0,0,0,0,0,0,1,0,"27,189",,,,,
,,Los Angeles,1,0,0,0,0,1,0,0,0,"39,271",,,,,
,,Riverside,1,1,0,0,0,1,1,0,0,"20,900",,,,,
,,San Diego,0,1,0,0,0,1,0,0,0,"28,593",,,,,
,,San Francisco,1,1,0,0,0,0,2,0,0,"3,054",,,,,
,Metropolitan Counties,,48,13,21,28,0,,,,,,,,,,
,,Alameda,0,0,0,1,0,0,0,0,1,,,,,,
,,Butte,1,0,0,0,0,1,0,0,0,,,,,,
,,Contra Costa,1,0,0,0,0,0,1,0,0,  ,,,,,
,,El Dorado,1,1,2,0,0,1,2,0,1,,,,,,
,,Kern,1,0,0,0,0,0,0,0,1,,,,,,
,,Los Angeles,12,3,5,7,0,9,5,11,2,,,,,,
,,Monterey,1,0,0,0,0,1,0,0,0,,,,,,
,,Orange,2,0,0,0,0,0,1,1,0,,,,,,
,,Riverside,1,0,2,0,0,0,0,1,2,,,,,,
,,Sacramento,12,2,2,4,0,5,7,4,4,,,,,,
,,San Bernardino,0,0,1,0,0,1,0,0,0,,,,,,
,,San Diego,11,5,1,7,0,3,9,7,5,,,,,,
,,Santa Clara,1,0,0,1,0,0,0,1,1,,,,,,
,,Santa Cruz,2,1,2,3,0,3,3,2,0,,,,,,
,,Solano,0,0,0,1,0,1,0,0,0,,,,,,
,,Sonoma,0,0,3,1,0,0,1,3,0,,,,,,
,,Stanislaus,1,0,1,0,0,0,1,1,0,,,,,,
,,Tulare,0,1,0,0,0,0,1,0,0,,,,,,
,,Ventura,1,0,1,2,0,2,0,1,1,,,,,,
,,Yuba,0,0,1,1,0,0,0,1,1,,,,,,
,Nonmetropolitan Counties,,3,0,2,1,0,,,,,,,,,,
,,Amador,0,0,1,1,0,2,0,0,0,,,,,,
,,Lake,2,0,1,0,0,1,2,0,0,,,,,,
,,Tuolumne,1,0,0,0,0,1,0,0,0,,,,,,
,Other Agencies,,17,1,4,2,0,,,,,,,,,,
,,"Department of Parks and Recreation, Northern Buttes",0,1,0,0,0,1,0,0,0,,,,,,
,,Los Angeles Transportation Services Bureau,9,0,1,1,0,1,4,3,3,,,,,,
,,Port of San Diego Harbor,0,0,1,0,0,0,0,0,1,,,,,,
,,Santa Clara Transit District,1,0,0,0,0,1,0,0,0,,,,,,
,,San Francisco Bay Area Rapid Transit:,,,,,,,,,,,,,,,
,,Alameda County,2,0,1,0,0,0,1,2,0,,,,,,
,,Contra Costa County,1,0,0,1,0,0,2,0,0,,,,,,
,,San Francisco County,3,0,0,0,0,2,1,0,0,,,,,,
,,San Mateo County,1,0,0,0,0,0,0,1,0,,,,,,
,,Stockton Unified School District,0,0,1,0,0,1,0,0,0,,,,,,
Colorado,Total,,87,34,33,35,0,,,,,,,,,,
,Cities,,74,26,24,29,0,,,,,,,,,,
,,Aspen,1,0,0,0,0,0,0,1,0,"6,734",,,,,
,,Aurora,2,0,1,0,0,1,0,1,1,"336,952",,,,,
,,Berthoud,1,0,0,0,0,1,0,0,0,"5,278",,,,,
,,Boulder,0,0,0,1,0,0,1,0,0,"100,257",,,,,
,,Canon City,0,0,2,0,0,0,0,1,1,"16,727",,,,,
,,Centennial,3,0,0,0,0,1,1,1,0,"104,022",,,,,
,,Colorado Springs,8,8,1,1,0,0,5,7,6,"432,287",,,,,
,,Craig,2,1,1,1,0,0,0,5,0,"9,357",,,,,
,,Denver,21,6,12,6,0,11,8,13,13,"628,545",,,,,
,,Durango,2,0,0,0,0,0,1,1,0,"17,305",,,,,
,,Englewood,2,0,0,0,0,0,1,1,0,"31,358",,, ,,
,,Fort Collins,2,0,0,0,0,0,0,1,1,"148,792",,,,,
,,Fountain,4,0,0,0,0,0,0,3,1,"26,841",,,,,
,,Frisco,0,0,0,1,0,0,1,0,0,"2,717",,,,,
,,Glendale,2,0,0,1,0,0,0,1,2,"4,493",,,,,
,,Glenwood Springs,2,1,0,0,0,0,0,1,2,"9,727",,,,,
,,Grand Junction,0,0,3,1,0,1,0,3,0,"59,516",,,,,
,,Greeley,4,1,0,1,0,3,1,2,0,"96,276",,,,,
,,Hotchkiss,0,1,0,0,0,,1,0,0,942,,,,,
,,Johnstown,1,0,0,0,0,0,0,1,0,"10,259",,,,,
,,Lafayette,2,5,0,1,0,0,1,3,4,"25,209",,,,,
,,La Junta,0,0,0,1,0,0,0,1,0,"7,187",,,,,
,,Lakewood,1,0,1,0,0,0,0,0,2,"146,404",,,,,
,,Littleton,2,0,0,0,0,2,0,0,0,"43,229",,,,,
,,Lone Tree,2,2,0,3,0,1,3,2,1,"88,925",,,,,
,,Longmont,3,1,1,2,0,4,3,0,0,"69,147",,,,,
,,Meeker,0,0,0,1,0,0,0,1,0,"2,554",,,,,
,,Monument,0,0,1,1,0,0,2,0,0,"5,744",,,,,
,,Parker,1,0,0,0,0,0,1,0,0,"47,004",,,,,
,,Pueblo,1,0,0,2,0,2,1,0,0,"109,065",,,,,
,,Sheridan,0,0,0,1,0,0,0,1,0,"5,871",,,,,
,,Steamboat Springs,1,0,0,0,0,0,1,0,0,"12,116",,,,,
,,Sterling,0,0,0,2,0,2,0,0,0,"14,929",,,,,
,,Telluride,0,0,0,1,0,0,1,0,0,"2,401",,,,,
,,Westminster,1,0,0,0,0,0,0,0,1,"109,461",,,,,
,,Wheat Ridge3,2,0,1,0,0,1,1,1,0,"30,886",,,,,
,,Windsor,1,0,0,1,0,0,1,1,0,"19,330",,,,,
,Universities and Colleges,,3,0,2,0,0,,,,,,,,,,
,,Auraria Higher Education Center4,1,0,0,0,0,0,0,0,1,,,,,,
,,"Colorado State University, Fort Collins",1,0,2,0,0,0,1,1,1,"30,467",,,,,
,,University of Northern Colorado,1,0,0,0,0,0,0,1,0,"13,038",,,,,
,Metropolitan Counties,,7,7,4,5,0,,,,,,,,,,
,,Adams,1,0,0,2,0,0,1,1,1,,,,,,
,,Arapahoe,2,3,1,0,0,2,0,4,0,,,,,,
,,Jefferson,1,3,1,1,0,3,0,2,1,,,,,,
,,Larimer,2,1,2,1,0,3,0,1,2,,,,,,
,,Mesa,1,0,0,1,0,1,1,0,0,,,,,,
,Nonmetropolitan Counties,,3,1,3,1,0,,,,,,,,,,
,,Bent,0,0,1,0,0,0,0,1,0,,,,,,
,,Chaffee,0,1,1,0,0,1,1,0,0,,,,,,
,,Kit Carson,0,0,0,1,0,0,0,1,0,,,,,,
,,Montrose,2,0,0,0,0,0,1,1,0,,,,,,
,,Summit,1,0,1,0,0,1,0,1,0,,,,,,
Connecticut,Total,,65,20,37,25,2,,,,,,,,,,
,Cities,,62,19,32,22,2,,,,,,,,,,
,,Berlin,0,1,0,0,0,0,1,0,0,"19,935",,,,,
,,Bloomfield,0,0,0,1,0,0,0,1,0,"20,557",,,,,
,,Bridgeport,2,0,3,1,0,0,2,1,3,"146,030",,,,,
,,Bristol,1,0,0,0,0,0,1,0,0,"60,688",,,,,
,,Canton,0,1,0,0,0,0,0,1,0,"10,328",,,,,
,,Coventry,0,1,1,0,0,1,1,0,0,"12,451",,,,,
,,Derby,1,0,0,0,0,0,0,0,1,"12,917",,,,,
,,Enfield,3,1,0,0,0,1,0,1,2,"44,806",,,,,
,,Glastonbury,1,0,0,0,0,0,0,1,0,"34,547",,,,,
,,Groton,0,1,0,0,0,0,0,1,0,"10,397",,,,,
,,Groton Town,0,2,1,0,0,2,0,1,0,"29,231",,,,,
,,Hamden,0,0,0,1,0,0,0,1,0,"61,032",,,,,
,,Hartford,0,0,3,1,0,2,1,1,0,"125,203",,,,,
,,Manchester,10,2,3,1,0,6,4,3,3,"58,444",,,,,
,,Middletown,2,1,0,1,1,1,2,2,0,"47,878",,,,,
,,Milford,2,0,0,0,0,0,1,,1,"52,817",,,,,
,,Naugatuck,1,0,0,0,0,0,0,0,1,"31,896",,,,,
,,New Britain,0,0,1,0,0,0,0,1,0,"73,458",,,,,
,,New Canaan,1,0,0,0,0,0,1,0,0,"19,992",,,,,
,,New Haven,6,0,3,3,0,5,1,4,2,"129,934",,,,,
,,Newington,1,0,0,0,0,0,1,0,0,"30,668",,,,,
,,New London,3,0,2,1,0,2,0,3,1,"27,643",,,,,
,,New Milford,0,0,0,1,0,0,1,0,0,"28,047",,,,,
,,Newtown,0,0,1,0,0,1,0,0,0,"27,904",,,,,
,,Norwalk,2,0,0,0,0,0,1,0,1,"86,693",,,,,
,,Norwich,2,1,2,0,0,3,2,0,0,"40,517",,,,,
,,Old Saybrook,2,0,0,0,0,0,0,1,1,"10,293",,,,,
,,Orange,1,0,0,0,0,1,0,0,0,"13,971",,,,,
,,Seymour,2,0,2,0,0,1,1,1,1,"16,558",,,,,
,,Shelton,1,0,0,0,0,0,1,0,0,"40,062",,,,,
,,Simsbury,1,0,0,0,0,0,1,0,0,"23,591",,,,,
,,Southington,2,0,0,4,0,1,2,1,2,"43,219",,,,,
,,Stamford,1,0,2,2,1,1,1,2,2,"124,201",,,,,
,,Stonington,1,0,2,0,0,0,0,2,1,"18,556",,,,,
,,Stratford,2,1,0,0,0,2,1,0,0,"52,041",,,,,
,,Torrington,3,3,1,1,0,1,1,3,3,"36,264",,,,,
,,Wallingford,2,1,3,1,0,2,1,4,0,"45,183",,,,,
,,Waterbury,2,1,1,2,0,3,0,3,0,"110,486",,,,,
,,West Hartford,0,1,1,1,0,1,0,1,1,"63,487",,,,,
,,West Haven,2,0,0,0,0,1,1,0,0,"55,626",,,,,
,,Windsor,1,0,0,0,0,0,0,0,1,"29,145",,,,,
,,Windsor Locks,1,0,0,0,0,0,1,0,0,"12,541",,,,,
,,Wolcott,0,1,0,0,0,0,1,0,0,"16,697",,,,,
,Universities and Colleges,,1,1,4,1,0,,,,,,,,,,
,,Central Connecticut State University,0,0,1,0,0,1,0,0,0,"12,521",,,,,
,,"University of Connecticut, Storrs, Avery Point, and Hartford4",1,0,0,1,0,0,0,2,0,,,,,,
,,Western Connecticut State University,0,1,3,0,0,3,1,0,0,"6,407",,,,,
,State Police Agencies,,2,0,0,2,0,,,,,,,,,,
,,Connecticut State Police,2,0,0,2,0,2,1,0,1,,,,,,
,Other Agencies,,0,0,1,0,0,,,,,,,,,,
,,Metropolitan Transportation Authority,0,0,1,0,0,0,0,1,0,,,,,,
Delaware,Total,,5,1,2,2,0,,,,,,,,,,
,Cities,,2,0,1,1,0,,,,,,,,,,
,,Milton,1,0,0,0,0,0,0,1,0,"2,650",,,,,
,,Wilmington,1,0,1,1,0,0,2,1,0,"72,088",,,,,
,Metropolitan Counties,,2,0,0,1,0,,,,,,,,,,
,,New Castle County Police Department,2,0,0,1,0,0,1,0,2,,,,,,
,State Police Agencies,,1,1,1,0,0,,,,,,,,,,
,,State Police:,,,,,,,,,,,,,,,
,,New Castle County,0,1,0,0,0,1,0,0,0,,,,,,
,,Sussex County,1,0,1,0,0,1,0,1,0,,,,,,
District of Columbia,Total,,13,6,47,5,1,,,,,,,,,,
,Cities,,13,6,46,5,1,,,,,,,,,,
,,Washington,13,6,46,5,1,19,19,19,14,"632,323",,,,,
,Other Agencies,,0,0,1,0,0,,,,,,,,,,
,,Metro Transit Police,0,0,1,0,0,0,0,1,0,,,,,,
Florida,Total,,77,16,42,8,1,,,,,,,,,,
,Cities,,43,13,25,4,1,,,,,,,,,,
,,Apopka,1,0,0,0,0,1,0,0,0,"43,046",,,,,
,,Aventura,1,0,0,0,0,0,1,0,0,"37,110",,,,,
,,Bartow,0,0,1,0,0,0,0,1,0,"17,740",,,,,
,,Cape Coral,1,0,0,0,0,0,0,0,1,"159,625",,,,,
,,Casselberry,1,0,0,0,0,0,1,0,0,"26,747",,,,,
,,Clermont,1,0,0,0,0,1,0,0,0,"29,523",,,,,
,,Coral Gables,1,1,0,0,0,0,1,1,0,"48,435",,,,,
,,Deland,0,0,1,0,0,0,1,0,0,"27,410",,,,,
,,Fort Lauderdale,0,0,1,0,0,0,0,1,0,"170,827",,,,,
,,Fort Myers,1,0,0,0,0,1,0,0,0,"64,379",,,,,
,,Gainesville,4,0,1,0,0,1,0,3,1,"127,036",,,,,
,,Green Cove Springs,1,0,0,0,0,1,0,0,0,"7,053",,,,,
,,Homestead,2,1,0,0,0,1,1,1,0,"62,785",,,,,
,,Jacksonville,2,1,1,0,0,2,1,0,1,"840,660",,,,,
,,Jupiter,2,0,1,0,0,0,3,0,0,"56,674",,,,,
,,Key West,0,0,4,0,0,2,1,1,0,"25,249",,,,,
,,Lake Clarke Shores,0,1,0,0,0,1,0,0,0,"3,462",,,,,
,,Lakeland,1,0,0,0,0,1,0,0,0,"99,934",,,,,
,,Largo,1,0,1,0,0,0,0,0,2,"78,783",,,,,
,,Leesburg,0,0,1,0,0,0,0,0,1,"20,668",,,,,
,,Melbourne,4,2,3,0,0,3,5,1,0,"77,133",,,,,
,,Miami Gardens,0,0,1,1,0,0,0,1,1,"111,177",,,,,
,,Miramar,2,0,0,1,0,2,1,0,0,"125,998",,,,,
,,New Smyrna Beach,1,0,0,0,0,0,0,0,1,"22,788",,,,,
,,North Port,1,3,0,0,0,1,0,2,1,"58,568",,,,,
,,Oakland Park,1,0,0,0,0,0,1,0,0,"42,701",,,,,
,,Ocoee,1,0,0,0,0,0,0,0,1,"36,816",,,,,
,,Orange Park,1,0,0,0,0,1,0,0,0,"8,592",,,,,
,,Orlando,1,0,1,1,0,1,2,0,0,"246,513",,,,,
,,Ormond Beach,1,0,0,0,0,1,0,0,0,"38,674",,,,,
,,Oviedo,1,0,0,0,0,1,0,0,0,"33,985",,,,,
,,Palm Bay,0,0,0,0,1,1,0,0,0,"104,635",,,,,
,,Pensacola,3,0,1,0,0,1,2,1,0,"52,909",,,,,
,,Pinellas Park,1,0,0,0,0,0,0,0,1,"49,821",,,,,
,,Pompano Beach,2,0,1,0,0,0,0,3,0,"103,003",,,,,
,,Port St. Lucie,0,1,1,0,0,1,0,0,1,"168,416",,,,,
,,Sanford,1,0,0,0,0,0,0,0,1,"54,662",,,,,
,,Stuart,0,2,0,0,0,1,1,0,0,"15,932",,,,,
,,Tallahassee,1,0,0,0,0,0,1,0,0,"185,461",,,,,
,,Temple Terrace,0,0,0,1,0,0,0,0,1,"25,659",,,,,
,,Village of Pinecrest,1,0,0,0,0,1,0,0,0,"18,912",,,,,
,,Wellington,0,1,0,0,0,0,0,0,1,"57,943",,,,,
,,Wilton Manors,0,0,2,0,0,0,1,1,0,"12,005",,,,,
,,Winter Garden,0,0,3,0,0,0,0,0,3,"35,768",,,,,
,Universities and Colleges,,6,0,4,1,0,,,,,,,,,,
,,New College of Florida,0,0,0,1,0,0,0,0,1,845,,,,,
,,University of Central Florida,1,0,0,0,0,0,1,0,0,"58,465",,,,,
,,University of Florida,3,0,1,0,0,0,0,3,1,"49,589",,,,,
,,"University of South Florida, Tampa",0,0,2,0,0,0,0,2,0,"39,596",,,,,
,,University of West Florida,2,0,1,0,0,0,2,1,0,"11,982",,,,,
,Metropolitan Counties,,27,3,13,3,0,,,,,,,,,,
,,Alachua,1,0,2,0,0,0,1,1,1,,,,,,
,,Baker,1,0,0,0,0,1,0,0,0,,,,,,
,,Brevard,1,0,0,0,0,0,0,1,0,,,,,,
,,Clay,1,0,0,1,0,1,0,0,1,,,,,,
,,Collier,1,0,1,0,0,0,0,2,0,,,,,,
,,Escambia,1,0,0,0,0,0,0,0,1,,,,,,
,,Flagler,1,0,0,0,0,0,1,0,0,,,,,,
,,Hillsborough,0,1,1,0,0,1,0,0,1,,,,,,
,,Lake,2,0,1,0,0,0,2,0,1,,,,,,
,,Marion,1,0,0,0,0,1,0,0,0,,,,,,
,,Okaloosa,1,0,0,0,0,0,0,1,0,,,,,,
,,Orange,9,1,5,1,0,0,3,5,8,,,,,,
,,Osceola,1,0,1,1,0,1,0,1,1,,,,,,
,,Palm Beach,0,1,0,0,0,0,0,0,1,,,,,,
,,Pasco,1,0,0,0,0,0,0,0,1,,,,,,
,,Pinellas,0,0,1,0,0,0,1,0,0,,,,,,
,,Seminole,1,0,1,0,0,0,1,0,1,,,,,,
,,St. Johns,2,0,0,0,0,0,0,1,1,,,,,,
,,Volusia,2,0,0,0,0,1,1,0,0,,,,,,
,Nonmetropolitan Counties,,1,0,0,0,0,,,,,,,,,,
,,Putnam,1,0,0,0,0,0,0,0,1,,,,,,
Georgia,Total,,16,2,2,1,0,,,,,,,,,,
,Cities,,1,1,0,0,0,,,,,,,,,,
,,Columbus,1,1,0,0,0,2,,,,"196,178",,,,,
,Universities and Colleges,,5,0,0,0,0,,,,,,,,,,
,,Berry College,1,0,0,0,0,1,0,0,,"2,093",,,,,
,,University of Georgia,4,0,0,0,0,0,1,3,,"34,816",,,,,
,Metropolitan Counties,,10,1,2,1,0,,,,,,,,,,
,,Cobb County Police Department,6,1,1,1,0,0,3,6,,,,,,,
,,Henry County Police Department,4,0,1,0,0,5,0,0,,,,,,,
Idaho,Total,,11,5,10,9,0,,,,,,,,,,
,Cities,,10,5,9,9,0,,,,,,,,,,
,,Bellevue,0,0,1,0,0,1,0,0,0,"2,283",,,,,
,,Boise,8,2,5,3,0,6,4,5,3,"211,569",,,,,
,,Coeur d'Alene,1,0,0,4,0,1,4,0,0,"45,267",,,,,
,,Garden City,0,1,0,0,0,0,1,0,0,"11,293",,,,,
,,Grangeville,0,1,0,0,0,0,1,0,0,"3,198",,,,,
,,Jerome,0,0,2,0,0,0,0,0,2,"11,115",,,,,
,,Meridian,0,1,0,0,0,0,0,1,0,"77,270",,,,,
,,Nampa,1,0,1,1,0,0,1,0,2,"83,316",,,,,
,,Twin Falls,0,0,0,1,0,0,0,0,1,"44,866",,,,,
,Metropolitan Counties,,1,0,1,0,0,,,,,,,,,,
,,Kootenai,1,0,1,0,0,0,1,1,0,,,,,,
Illinois,Total,,48,6,19,11,0,,,,,,,,,,
,Cities,,38,6,18,9,0,,,,,,,,,,
,,Algonquin,1,0,0,0,0,0,1,0,0,"30,159",,,,,
,,Altamont,1,0,0,0,0,1,0,0,0,"2,323",,,,,
,,Aurora,0,1,0,0,0,0,1,0,0,"199,765",,,,,
,,Beardstown,1,0,0,0,0,1,0,0,0,"6,099",,,,,
,,Bellwood,1,0,0,0,0,0,0,0,1,"19,165",,,,,
,,Bloomington,1,0,0,0,0,0,0,0,1,"77,107",,,,,
,,Canton,1,0,0,0,0,1,0,0,0,"14,673",,,,,
,,Carpentersville,1,0,0,0,0,0,1,0,0,"38,080",,,,,
,,Centralia,1,0,0,0,0,0,0,1,,"13,027",,,,,
,,Chicago,3,1,8,2,0,3,3,4,4,"2,708,382",,,,,
,,Crest Hill,1,0,0,0,0,0,1,0,0,"20,953",,,,,
,,Crystal Lake,1,0,0,1,0,0,1,0,1,"40,785",,,,,
,,Danville,0,0,1,0,0,1,0,0,0,"32,997",,,,,
,,Decatur,1,0,0,0,0,0,1,0,0,"76,131",,,,,
,,De Kalb,1,0,0,0,0,0,1,0,0,"43,722",,,,,
,,Des Plaines,1,0,0,0,0,0,0,1,0,"58,644",,,,,
,,Downers Grove,0,0,1,0,0,0,0,1,0,"48,185",,,,,
,,Evanston,0,0,0,1,0,0,1,0,0,"74,820",,,,,
,,Fairbury,1,0,0,0,0,0,0,1,0,"3,751",,,,,
,,Joliet,1,0,0,0,0,0,0,1,0,"148,471",,,,,
,,La Grange,1,1,0,0,0,2,0,0,0,"15,624",,,,,
,,Monmouth,0,0,1,0,0,1,0,0,0,"9,504",,,,,
,,Normal,0,0,2,0,0,0,2,0,0,"52,797",,,,,
,,North Riverside,0,0,1,0,0,0,0,1,0,"6,702",,,,,
,,Oak Forest,1,0,0,0,0,0,1,0,0,"28,097",,,,,
,,Olney,0,0,1,0,0,0,0,1,0,"9,125",,,,,
,,Peoria,1,0,0,0,0,0,0,0,1,"115,288",,,,,
,,Plainfield,0,0,1,0,0,0,0,1,0,"39,859",,,,,
,,Quincy,1,0,1,0,0,0,1,1,0,"40,684",,,,,
,,Rockford,5,0,0,1,0,1,3,2,0,"152,293",,,,,
,,Rolling Meadows,0,0,1,0,0,0,0,1,0,"24,216",,,,,
,,Skokie,1,2,0,0,0,0,2,0,1,"65,096",,,,,
,,Springfield,7,0,0,1,0,1,2,3,2,"117,131",,,,,
,,Summit,0,0,0,1,0,0,0,1,0,"11,109",,,,,
,,Tinley Park,1,0,0,0,0,0,0,1,0,"56,992",,,,,
,,Urbana,1,0,0,0,0,1,0,0,0,"41,537",,,,,
,,West Frankfort,1,0,0,0,0,1,0,0,0,"8,196",,,,,
,,Wheeling,0,1,0,0,0,0,1,0,0,"37,830",,,,,
,,Winnetka,0,0,0,1,0,0,0,1,0,"12,247",,,,,
,,Wood River,0,0,0,1,0,0,0,1,0,"10,630",,,,,
,Universities and Colleges,,3,0,0,0,0,,,,,,,,,,
,,"Black Hawk College, Kewannee4",1,0,0,0,0,0,0,1,0,,,,,,
,,Western Illinois University,2,0,0,0,0,1,1,0,0,"12,554",,,,,
,Metropolitan Counties,,6,0,1,2,0,,,,,,,,,,
,,Alexander,1,0,0,0,0,0,1,0,0,,,,,,
,,Du Page,1,0,0,1,0,0,0,2,0,,,,,,
,,Madison,0,0,1,0,0,0,1,0,0,,,,,,
,,Peoria,2,0,0,1,0,1,0,1,1,,,,,,
,,Sangamon,1,0,0,0,0,1,0,0,0,,,,,,
,,Will,1,0,0,0,0,0,0,0,1,,,,,,
,Nonmetropolitan Counties,,1,0,0,0,0,,,,,,,,,,
,,La Salle,1,0,0,0,0,0,0,1,0,,,,,,
Indiana,Total,,23,5,7,2,0,,,,,,,,,,
,Cities,,9,1,6,1,0,,,,,,,,,,
,,Bloomington,7,0,6,0,0,1,2,6,4,"81,636",,,,,
,,Franklin,1,0,0,0,0,1,,0,,"24,115",,,,,
,,Hammond,0,0,0,1,0,0,,1,0,"81,010",,,,,
,,Mishawaka,1,0,0,0,0,,,1,,"48,363",,,,,
,,Seymour,0,1,0,0,0,0,0,1,0,"18,340",,,,,
,Universities and Colleges,,14,4,1,0,0,,,,,,,,,,
,,"Indiana University, Southeast",8,0,0,0,0,0,7,1,0,"7,256",,,,,
,,Purdue University,6,4,1,0,0,4,1,4,2,"40,849",,,,,
,Metropolitan Counties,,0,0,0,1,0,,,,,,,,,,
,,Elkhart,0,0,0,1,0,0,1,0,0,,,,,,
Iowa,Total,,4,2,2,0,0,,,,,,,,,,
,Cities,,2,1,1,0,0,,,,,,,,,,
,,Bettendorf,0,1,0,0,0,0,1,0,0,"33,729",,,,,
,,Council Bluffs,1,0,1,0,0,1,0,1,0,"62,708",,,,,
,,Dubuque,1,0,0,0,0,1,0,0,0,"58,460",,,,,
,Universities and Colleges,,2,1,1,0,0,,,,,,,,,,
,,University of Iowa,2,1,1,0,0,4,0,0,0,"29,810",,,,,
Kansas,Total,,52,7,7,11,4,,,,,,,,,,
,Cities,,45,6,7,11,3,,,,,,,,,,
,,Basehor,1,0,0,0,0,1,0,0,0,"4,716",,,,,
,,Beloit,1,0,0,0,0,1,0,0,0,"3,808",,,,,
,,Columbus,1,0,0,0,0,1,0,0,0,"3,295",,,,,
,,Concordia,1,0,0,0,0,0,1,0,0,"5,329",,,,,
,,Derby,2,0,0,0,0,1,0,1,0,"22,393",,,,,
,,Dodge City,0,0,0,1,0,0,0,1,0,"28,064",,,,,
,,Emporia,0,0,0,0,1,0,1,0,0,"25,099",,,,,
,,Eudora,0,0,0,0,1,0,1,0,0,"6,249",,,,,
,,Fort Scott,1,0,0,0,0,0,0,0,1,"8,031",,,,,
,,Hays,1,0,0,0,0,1,0,0,0,"20,823",,,,,
,,Haysville,1,0,0,0,0,1,0,0,0,"10,939",,,,,
,,Hesston,1,0,0,0,0,0,1,0,0,"3,744",,,,,
,,Hutchinson,1,0,0,0,0,1,0,0,0,"42,357",,,,,
,,Independence,3,0,0,0,0,1,1,1,0,"9,380",,,,,
,,Lawrence,8,2,2,2,1,5,3,4,3,"89,180",,,,,
,,Leavenworth,1,0,0,0,0,0,0,1,0,"35,857",,,,,
,,Liberal,1,0,0,0,0,0,1,0,0,"20,968",,,,,
,,Lindsborg,1,0,0,0,0,1,0,0,0,"3,483",,,,,
,,Merriam,0,0,0,1,0,0,1,0,0,"11,237",,,,,
,,Newton,0,0,1,0,0,0,0,1,0,"19,328",,,,,
,,Parsons,1,0,0,0,0,0,0,1,0,"10,507",,,,,
,,Pittsburg,1,0,0,0,0,0,1,0,0,"20,380",,,,,
,,Pratt,1,0,0,0,0,0,1,0,0,"6,885",,,,,
,,Salina,4,0,0,0,0,0,0,1,3,"48,155",,,,,
,,Shawnee,3,0,0,0,0,1,1,1,0,"63,542",,,,,
,,Wichita,10,4,4,7,0,11,8,4,2,"386,409",,,,,
,Universities and Colleges,,4,1,0,0,0,,,,,,,,,,
,,Pittsburg State University,1,0,0,0,0,0,0,1,0,"7,275",,,,,
,,University of Kansas:,,,,,,,,,,,,,,,
,,Main Campus,2,0,0,0,0,1,0,1,0,"27,939",,,,,
,,Medical Center4,1,0,0,0,0,0,0,1,0,,,,,,
,,Washburn University,0,1,0,0,0,0,0,0,1,"7,303",,,,,
,Metropolitan Counties,,3,0,0,0,0,,,,,,,,,,
,,Leavenworth,1,0,0,0,0,0,1,0,0,,,,,,
,,Miami,1,0,0,0,0,0,1,0,0,,,,,,
,,Riley County Police Department,1,0,0,0,0,0,0,0,1,,,,,,
,Nonmetropolitan Counties,,0,0,0,0,1,,,,,,,,,,
,,Rush,0,0,0,0,1,0,0,1,0,,,,,,
Kentucky,Total,,123,13,27,22,9,,,,,,,,,,
,Cities,,96,9,18,16,7,,,,,,,,,,
,,Anchorage,0,0,0,0,2,2,0,0,0,"2,372",,,,,
,,Barbourville,1,0,0,0,0,0,1,0,0,"3,178",,,,,
,,Bardstown,5,0,0,2,0,2,0,1,4,"11,869",,,,,
,,Bellevue,1,1,0,0,0,0,1,1,0,"6,011",,,,,
,,Berea,0,0,1,0,0,0,0,1,0,"13,798",,,,,
,,Bowling Green,7,0,1,1,0,1,2,3,3,"59,043",,,,,
,,Campbellsville,2,0,0,0,0,1,0,1,0,"9,209",,,,,
,,Covington,3,0,1,2,0,0,0,3,3,"40,914",,,,,
,,Danville,0,1,0,1,0,0,0,0,2,"16,314",,,,,
,,Elizabethtown,1,0,0,0,0,1,0,0,0,"29,118",,,,,
,,Eminence,1,0,1,0,0,1,1,0,0,"2,508",,,,,
,,Falmouth,1,0,0,0,0,0,0,0,1,"2,152",,,,,
,,Flemingsburg,1,0,0,0,0,0,0,0,1,"2,693",,,,,
,,Florence,1,1,0,0,0,0,1,1,0,"30,765",,,,,
,,Fort Thomas,0,0,1,0,0,0,1,0,0,"16,478",,,,,
,,Frankfort,2,0,0,0,0,1,1,0,0,"25,648",,,,,
,,Fulton,2,0,0,0,0,0,2,0,0,"2,428",,,,,
,,Georgetown,0,0,0,1,0,0,0,0,1,"29,765",,,,,
,,Graymoor-Devondale,1,0,0,0,0,0,1,0,0,"2,897",,,,,
,,Harrodsburg,1,0,1,0,0,1,0,0,1,"8,342",,,,,
,,Hopkinsville,4,0,1,0,1,3,2,1,0,"31,499",,,,,
,,Independence,1,0,0,0,0,0,0,1,0,"24,927",,,,,
,,Lancaster,1,0,0,0,0,0,0,0,1,"3,445",,,,,
,,Lexington,23,4,6,5,4,11,12,11,8,"302,332",,,,,
,,Louisa,0,0,1,0,0,0,0,1,0,"2,500",,,,,
,,Mayfield,0,0,1,0,0,0,0,1,0,"10,155",,,,,
,,Maysville,1,0,0,0,0,0,0,1,0,"9,117",,,,,
,,Middlesboro,1,0,0,0,0,1,0,0,0,"10,358",,,,,
,,Monticello,1,0,0,0,0,1,0,0,0,"6,240",,,,,
,,Morehead,1,0,0,0,0,0,0,1,0,"6,914",,,,,
,,Mount Sterling,1,0,0,0,0,1,0,0,0,"6,977",,,,,
,,Mount Washington,1,0,0,0,0,0,1,0,0,"9,237",,,,,
,,Murray,2,0,0,0,0,0,1,1,0,"17,938",,,,,
,,Newport,1,0,0,0,0,0,0,0,1,"15,412",,,,,
,,Nicholasville,2,0,0,0,0,2,0,0,0,"28,366",,,,,
,,Northfield,1,0,0,0,0,0,0,0,1,"1,030",,,,,
,,Owensboro,4,0,1,0,0,0,1,3,1,"57,751",,,,,
,,Paducah,3,0,0,0,0,1,0,2,0,"25,199",,,,,
,,Paris,0,0,1,0,0,1,0,0,0,"8,580",,,,,
,,Park Hills,0,0,0,1,0,0,0,1,0,"2,991",,,,,
,,Prestonsburg,1,0,0,0,0,1,0,0,0,"3,246",,,,,
,,Princeton,1,1,0,0,0,1,0,1,0,"6,339",,,,,
,,Radcliff,1,0,0,0,0,0,1,0,0,"22,148",,,,,
,,Richmond,1,0,0,0,0,0,1,0,0,"31,890",,,,,
,,Shelbyville,2,0,0,2,0,1,2,1,0,"14,425",,,,,
,,Shepherdsville,1,0,1,1,0,2,1,0,0,"11,372",,,,,
,,Shively,1,1,0,0,0,1,0,0,1,"15,422",,,,,
,,Somerset,2,0,0,0,0,0,1,1,0,"11,325",,,,,
,,Taylor Mill,1,0,0,0,0,0,0,1,0,"6,650",,,,,
,,Vanceburg,1,0,0,0,0,0,0,1,0,"1,530",,,,,
,,Versailles,1,0,0,0,0,0,0,0,1,"8,593",,,,,
,,West Buechel,1,0,0,0,0,,0,0,1,"1,242",,,,,
,,Winchester,4,0,0,0,0,0,1,2,1,"18,374",,,,,
,Universities and Colleges,,2,2,0,0,0,,,,,,,,,,
,,Eastern Kentucky University,0,1,0,0,0,1,0,0,0,"16,062",,,,,
,,Murray State University,2,0,0,0,0,1,0,0,1,"10,623",,,,,
,,University of Louisville,0,1,0,0,0,0,1,0,0,"21,152",,,,,
,Metropolitan Counties,,9,0,5,5,1,,,,,,,,,,
,,Boone,1,0,3,3,0,1,3,1,2,,,,,,
,,Boyd,1,0,0,0,0,0,0,1,0,,,,,,
,,Bullitt,3,0,0,0,0,0,0,1,2, ,,,,,
,,Campbell County Police Department,1,0,1,0,0,0,1,1,0,,,,,,
,,Christian,1,0,0,0,0,0,0,1,0,,,,,,
,,Jessamine,0,0,1,0,0,0,0,1,0,,,,,,
,,Kenton County Police Department,1,0,0,0,0,1,0,0,0,,,,,,
,,Meade,0,0,0,0,1,0,0,1,0,,,,,,
,,Shelby,1,0,0,1,0,2,0,0,0,,,,,,
,,Spencer,0,0,0,1,0,0,0,1,0,,,,,,
,Nonmetropolitan Counties,,9,0,2,0,1,,,,,,,,,,
,,Ballard,0,0,1,0,0,0,0,1,0,,,,,,
,,Franklin,1,0,0,0,0,0,0,0,1,,,,,,
,,Hopkins,1,0,0,0,0,1,0,0,0,,,,,,
,,Knox,0,0,1,0,0,0,0,0,1,,,,,,
,,Laurel,1,0,0,0,0,0,0,1,0,,,,,,
,,Mason,1,0,0,0,0,0,1,0,0,,,,,,
,,McCracken,1,0,0,0,0,1,0,0,0,,,,,,
,,Ohio,1,0,0,0,0,0,1,0,0,,,,,,
,,Owen,1,0,0,0,0,0,0,1,0,,,,,,
,,Washington,1,0,0,0,0,0,0,0,1,,,,,,
,,Wolfe,1,0,0,0,1,0,2,0,0,,,,,,
,State Police Agencies,,3,2,2,0,0,,,,,,,,,,
,,State Police:,,,,,,,,,,,,,,,
,,Ashland,0,0,1,0,0,1,0,0,0,,,,,,
,,Dry Ridge,0,1,0,0,0,1,0,0,0,,,,,,
,,Mayfield,1,1,0,0,0,1,1,0,0,,,,,,
,,Morehead,0,0,1,0,0,0,0,1,0,,,,,,
,,Richmond,2,0,0,0,0,0,0,1,1,,,,,,
,Other Agencies,,4,0,0,1,0,,,,,,,,,,
,,Cincinnati-Northern Kentucky International Airport,1,0,0,0,0,0,0,1,0,,,,,,
,,Fayette County Schools,1,0,0,1,0,1,0,1,0,,,,,,
,,Jefferson County Board of Education,1,0,0,0,0,1,0,0,0,,,,,,
,,Kentucky Horse Park,1,0,0,0,0,0,1,0,0,,,,,,
Louisiana,Total,,2,0,2,0,0,,,,,,,,,,
,Cities,,1,0,1,0,0,,,,,,,,,,
,,New Orleans,1,0,1,0,0,,,1,1,"362,874",,,,,
,Metropolitan Counties,,1,0,1,0,0,,,,,,,,,,
,,Ascension,0,0,1,0,0,1,,,,,,,,,
,,St. Tammany,1,0,0,0,0,0,0,0,1,,,,,,
Maine,Total,,20,10,19,3,0,,,,,,,,,,
,Cities,,20,10,17,2,0,,,,,,,,,,
,,Auburn,1,0,1,0,0,0,2,0,0,"23,002",,,,,
,,Augusta,2,0,0,0,0,0,0,1,1,"19,117",,,,,
,,Baileyville,1,0,0,0,0,0,0,0,1,"1,511",,,,,
,,Bangor,0,5,1,0,0,0,0,3,3,"33,036",,,,,
,,Bar Harbor,0,0,0,1,0,0,1,0,0,"5,253",,,,,
,,Houlton,1,0,0,0,0,1,0,0,0,"6,095",,,,,
,,Kittery,1,0,0,0,0,0,0,1,0,"9,548",,,,,
,,Lewiston,2,0,1,0,0,1,0,2,0,"36,519",,,,,
,,Livermore Falls,1,0,0,0,0,0,0,0,1,"3,180",,,,,
,,Mexico,0,0,1,0,0,0,1,0,0,"2,677",,,,,
,,Old Orchard Beach,0,1,1,0,0,0,1,1,0,"8,678",,,,,
,,Pittsfield,2,0,0,0,0,0,0,2,0,"4,202",,,,,
,,Portland,2,3,2,0,0,2,0,4,1,"66,413",,,,,
,,Rumford,0,0,0,1,0,0,1,0,0,"5,831",,,,,
,,Saco,4,1,5,0,0,2,3,1,4,"18,595",,,,,
,,Sanford,3,0,2,0,0,0,3,2,0,"20,925",,,,,
,,Skowhegan,0,0,2,0,0,0,2,0,0,"8,562",,,,,
,,Wells,0,0,1,0,0,0,0,1,0,"9,648",,,,,
,Metropolitan Counties,,0,0,2,1,0,,,,,,,,,,
,,Androscoggin,0,0,1,0,0,0,0,1,0,,,,,,
,,Sagadahoc,0,0,1,1,0,1,1,0,0,,,,,,
Maryland,Total,,23,4,7,1,0,,,,,,,,,,
,Cities,,4,0,2,0,0,,,,,,,,,,
,,Baltimore,1,0,0,0,0,0,0,1,0,"625,474",,,,,
,,Bowie,1,0,0,0,0,1,0,0,0,"55,765",,,,,
,,Cambridge,1,0,1,0,0,0,0,1,1,"12,454",,,,,
,,Elkton,1,0,0,0,0,0,0,1,0,"15,681",,,,,
,,New Carrollton,0,0,1,0,0,0,0,1,0,"12,366",,,,,
,Universities and Colleges,,3,0,0,0,0,,,,,,,,,,
,,Frostburg State University,1,0,0,0,0,1,0,0,0,"5,429",,,,,
,,Towson University,1,0,0,0,0,1,0,0,0,"21,464",,,,,
,,"University of Maryland, College Park",1,0,0,0,0,1,0,0,0,"37,631",,,,,
,Metropolitan Counties,,14,3,5,1,0,,,,,,,,,,
,,Baltimore County Police Department,5,0,2,0,0,2,4,0,1,,,,,,
,,Calvert,1,0,0,0,0,1,0,0,0,,,,,,
,,Carroll,3,0,2,0,0,0,2,1,2,,,,,,
,,Charles,1,0,0,1,0,0,2,0,0,,,,,,
,,Montgomery County Police Department,4,3,1,0,0,2,3,2,1,,,,,,
,State Police Agencies,,1,1,0,0,0,,,,,,,,,,
,,State Police:,,,,,,,,,,,,,,,
,,Allegany County,1,0,0,0,0,1,0,0,0,,,,,,
,,Frederick County,0,1,0,0,0,1,0,0,0,,,,,,
,Other Agencies,,1,0,0,0,0,,,,,,,,,,
,,"Maryland-National Capital Park Police, Montgomery County",1,0,0,0,0,1,0,0,0,,,,,,
Massachusetts,Total,,70,31,35,19,2,,,,,,,,,,
,Cities,,67,31,35,19,2,,,,,,,,,,
,,Acton,1,1,0,1,0,1,1,0,1,"22,349",,,,,
,,Amesbury,1,0,0,0,0,0,0,0,1,"16,557",,,,,
,,Amherst,1,0,1,0,0,0,1,1,0,"38,112",,,,,
,,Andover,0,1,0,0,0,1,0,0,0,"33,753",,,,,
,,Attleboro,1,0,0,0,0,0,0,1,0,"44,033",,,,,
,,Barnstable,4,2,0,2,0,4,1,0,3,"45,570",,,,,
,,Bedford,1,0,0,0,0,0,1,0,0,"13,575",,,,,
,,Belchertown,1,0,0,0,0,0,1,0,0,"14,751",,,,,
,,Belmont,2,0,0,0,0,0,2,0,0,"25,209",,,,,
,,Beverly,1,1,0,0,0,1,1,0,0,"40,150",,,,,
,,Billerica,0,0,1,0,0,0,0,1,0,"41,016",,,,,
,,Braintree,5,0,0,0,0,0,1,2,2,"36,310",,,,,
,,Brookline,0,1,0,0,0,0,0,0,1,"59,658",,,,,
,,Burlington,0,0,1,0,0,0,1,0,0,"24,975",,,,,
,,Cambridge,2,3,3,2,0,2,2,2,4,"106,981",,,,,
,,Carver,1,0,0,0,0,0,0,1,0,"11,676",,,,,
,,Charlton,1,0,0,0,0,1,0,0,0,"13,142",,,,,
,,Chelsea,0,0,1,0,0,0,0,1,0,"35,966",,,,,
,,Chicopee,0,0,1,1,0,0,1,1,0,"55,825",,,,,
,,Danvers,5,2,0,1,0,1,3,2,2,"26,934",,,,,
,,Dracut,1,0,0,0,0,0,1,0,0,"30,032",,,,,
,,East Longmeadow,0,0,1,0,0,0,0,1,0,"15,871",,,,,
,,Everett,2,0,0,0,0,1,0,1,0,"42,476",,,,,
,,Falmouth,0,1,0,0,0,0,0,1,0,"31,794",,,,,
,,Fitchburg,0,0,2,0,0,0,2,0,0,"40,809",,,,,
,,Framingham,1,0,0,0,0,0,0,0,1,"69,605",,,,,
,,Grafton,0,1,0,0,0,0,0,1,0,"17,986",,,,,
,,Hadley,1,0,0,0,0,0,0,1,0,"5,288",,,,,
,,Harvard,1,0,0,0,0,0,1,0,0,"6,595",,,,,
,,Haverhill,2,2,2,2,0,4,3,0,1,"61,897",,,,,
,,Hingham,1,0,1,0,0,2,0,0,0,"22,475",,,,,
,,Hull,2,0,0,0,0,0,0,1,1,"10,441",,,,,
,,Longmeadow,0,0,1,0,0,0,0,1,0,"15,936",,,,,
,,Lowell,0,0,1,0,0,0,0,0,1,"108,539",,,,,
,,Ludlow,0,0,0,1,0,1,0,0,0,"21,304",,,,,
,,Lynn,1,0,0,2,2,0,1,3,1,"91,846",,,,,
,,Malden,0,0,1,1,0,0,0,0,2,"60,605",,,,,
,,Manchester-by-the-Sea,0,1,0,0,0,0,0,1,0,"5,222",,,,,
,,Mansfield,0,0,0,1,0,0,0,0,1,"23,419",,,,,
,,Marblehead,0,1,0,0,0,0,0,0,1,"20,142",,,,,
,,Mendon,1,0,0,0,0,0,1,0,0,"5,913",,,,,
,,Millis,0,1,0,0,0,0,1,0,0,"8,016",,,,,
,,Monson,0,0,1,0,0,0,0,1,0,"8,641",,,,,
,,Montague,1,0,1,0,0,1,0,0,1,"8,540",,,,,
,,Natick,1,1,0,0,0,0,1,1,0,"33,646",,,,,
,,Needham,0,1,0,0,0,0,0,0,1,"29,342",,,,,
,,Newburyport,0,1,0,0,0,0,0,0,1,"17,708",,,,,
,,Newton,1,1,1,0,0,0,1,1,1,"86,710",,,,,
,,Norton,1,0,0,0,0,0,1,0,0,"19,222",,,,,
,,Oak Bluffs,1,0,0,0,0,0,0,0,1,"4,631",,,,,
,,Pembroke,0,1,0,0,0,0,0,1,0,"18,094",,,,,
,,Plainville,0,1,0,0,0,1,0,0,0,"8,396",,,,,
,,Plymouth,6,0,2,0,0,3,1,1,3,"57,272",,,,,
,,Provincetown,0,0,1,0,0,0,0,1,0,"2,966",,,,,
,,Quincy,3,3,1,1,0,2,3,0,3,"93,736",,,,,
,,Randolph,1,0,0,0,0,0,0,0,1,"32,624",,,,,
,,Revere,0,1,1,1,0,1,0,0,2,"52,926",,,,,
,,Salem,1,0,0,0,0,,,1,0,"42,025",,,,,
,,Seekonk,0,0,1,0,0,0,0,1,0,"13,862",,,,,
,,Sharon,0,1,0,0,0,1,0,0,0,"17,892",,,,,
,,Somerville,2,0,0,0,0,1,0,1,0,"77,200",,,,,
,,Southborough,0,1,0,0,0,0,1,0,0,"9,887",,,,,
,,South Hadley,0,0,1,0,0,0,0,0,1,"17,642",,,,,
,,Southwick,0,0,1,0,0,0,1,0,0,"9,594",,,,,
,,Springfield,0,0,1,0,0,0,0,0,1,"154,518",,,,,
,,Stoneham,1,1,0,0,0,0,0,1,1,"21,852",,,,,
,,Stoughton,1,0,0,0,0,0,0,1,0,"27,392",,,,,
,,Taunton,1,0,1,1,0,1,1,1,0,"56,438",,,,,
,,Tisbury,1,0,1,0,0,0,0,2,0,"4,040",,,,,
,,Uxbridge,1,0,0,0,0,1,0,0,0,"13,623",,,,,
,,Westfield,0,0,0,1,0,1,0,0,0,"41,485",,,,,
,,Worcester,2,0,2,1,0,1,0,3,1,"183,247",,,,,
,,Yarmouth,2,0,2,0,0,1,1,2,0,"23,991",,,,,
,Universities and Colleges,,3,0,0,0,0,,,,,,,,,,
,,Massachusetts College of Liberal Arts,1,0,0,0,0,1,0,0,0,"1,886",,,,,
,,Massachusetts Institute of Technology,1,0,0,0,0,0,0,0,1,"10,894",,,,,
,,"University of Massachusetts, Harbor Campus, Boston",1,0,0,0,0,0,0,0,1,"15,741",,,,,
Michigan,Total,,427,60,64,59,7,,,,,,,,,,
,Cities,,272,47,54,46,5,,,,,,,,,,
,,Adrian,4,0,1,0,0,1,2,1,1,"21,060",,,,,
,,Allegan,1,0,0,0,0,0,0,1,0,"4,994",,,,,
,,Alma,0,0,1,0,0,0,0,1,0,"9,319",,,,,
,,Alpena,2,0,0,0,0,2,0,0,0,"10,418",,,,,
,,Ann Arbor,6,2,2,0,0,1,5,3,1,"115,008",,,,,
,,Auburn Hills,1,0,1,0,0,0,0,1,1,"21,559",,,,,
,,Bangor,0,0,1,0,0,0,0,0,1,"1,882",,,,,
,,Battle Creek,1,0,1,0,0,1,1,0,0,"61,450",,,,,
,,Bay City,1,0,1,0,0,2,0,0,0,"34,742",,,,,
,,Benton Township,1,0,1,0,0,1,0,0,1,"14,771",,,,,
,,Berkley,1,1,0,0,0,0,0,1,1,"15,078",,,,,
,,Berrien Springs-Oronoko Township,2,0,0,0,0,0,0,0,2,"9,206",,,,,
,,Beverly Hills,2,0,0,0,0,0,1,0,1,"10,341",,,,,
,,Birmingham,2,0,0,2,0,2,1,1,0,"20,250",,,,,
,,Blackman Township,2,0,0,0,0,1,0,0,1,"37,782",,,,,
,,Blissfield,1,0,0,0,0,0,0,1,0,"3,326",,,,,
,,Bloomfield Township,3,2,0,0,0,0,0,4,1,"41,367",,,,,
,,Buchanan,1,0,0,1,0,0,1,1,0,"4,462",,,,,
,,Canton Township,1,1,0,0,0,0,0,1,1,"89,312",,,,,
,,Capac,0,1,1,0,1,0,0,1,2,"1,874",,,,,
,,Cedar Springs,0,0,1,0,0,0,1,0,0,"3,546",,,,,
,,Center Line,1,0,0,0,0,0,1,0,0,"8,275",,,,,
,,Cheboygan,1,0,0,0,0,0,1,0,0,"4,830",,,,,
,,Chelsea,2,0,0,0,0,1,0,0,1,"4,995",,,,,
,,Chesterfield Township,2,0,0,0,0,1,0,0,1,"43,474",,,,,
,,Clare,1,0,1,0,0,1,1,0,0,"3,130",,,,,
,,Clawson,1,0,0,0,0,1,0,0,0,"11,909",,,,,
,,Clinton Township,12,0,1,1,0,8,4,1,1,"97,001",,,,,
,,Clio,1,0,0,0,0,1,0,0,0,"2,625",,,,,
,,Covert Township,0,0,0,1,0,0,0,1,0,"2,886",,,,,
,,Crystal Falls,1,0,0,0,0,0,0,1,0,"1,467",,,,,
,,Dearborn,4,3,2,7,0,4,8,4,0,"97,215",,,,,
,,Dearborn Heights,4,1,0,1,0,3,3,0,0,"57,228",,,,,
,,Detroit,12,4,5,1,0,1,6,12,3,"707,096",,,,,
,,East Lansing,10,1,0,0,0,0,7,4,0,"48,701",,,,,
,,Eastpointe,6,0,0,0,0,3,3,0,0,"32,511",,,,,
,,Eau Claire,0,0,0,1,0,1,0,0,0,626,,,,,
,,Emmett Township,1,1,0,0,0,0,0,1,1,"11,722",,,,,
,,Escanaba,3,0,1,0,1,2,0,2,1,"12,636",,,,,
,,Farmington,1,0,0,1,0,1,0,0,1,"10,446",,,,,
,,Farmington Hills,4,1,0,1,0,1,2,2,1,"80,316",,,,,
,,Fenton,2,0,0,0,0,0,1,1,0,"11,662",,,,,
,,Ferndale,1,0,0,0,0,0,1,0,0,"20,045",,,,,
,,Flat Rock,2,0,0,0,0,0,0,2,0,"9,785",,,,,
,,Flint,2,0,1,1,0,2,1,0,1,"101,632",,,,,
,,Flint Township,2,0,0,0,0,2,0,0,0,"31,677",,,,,
,,Flushing,1,0,0,0,0,0,0,0,1,"8,322",,,,,
,,Forsyth Township,0,0,1,0,0,0,1,0,0,"6,230",,,,,
,,Fraser,3,0,1,0,0,0,3,0,1,"14,512",,,,,
,,Garden City,3,0,0,0,0,1,1,1,0,"27,428",,,,,
,,Genesee Township,1,0,0,0,0,0,0,1,0,"21,407",,,,,
,,Grand Blanc,1,0,0,0,0,0,0,1,0,"8,210",,,,,
,,Grand Blanc Township,3,1,0,0,0,2,1,0,1,"37,206",,,,,
,,Grand Haven,1,0,0,0,0,0,1,0,0,"10,519",,,,,
,,Grand Ledge,1,0,0,0,0,0,1,0,0,"7,814",,,,,
,,Grand Rapids,6,0,0,0,0,2,0,0,4,"189,953",,,,,
,,Grandville,1,0,0,0,0,0,1,0,0,"15,538",,,,,
,,Greenville,1,0,0,0,0,0,0,1,0,"8,466",,,,,
,,Grosse Pointe Woods,3,0,0,0,0,1,1,1,0,"15,981",,,,,
,,Hamtramck,3,0,0,0,0,0,2,0,1,"22,214",,,,,
,,Hancock,0,1,0,0,0,1,0,0,0,"4,638",,,,,
,,Harper Woods,1,0,1,0,0,0,0,0,2,"14,102",,,,,
,,Hartford,1,0,0,0,0,0,1,0,0,"2,686",,,,,
,,Hastings,1,0,0,0,0,1,0,0,0,"7,313",,,,,
,,Hazel Park,0,0,1,0,0,0,1,0,0,"16,542",,,,,
,,Hillsdale,1,0,0,1,0,0,1,1,0,"8,284",,,,,
,,Holland,0,1,0,0,0,0,0,1,0,"33,294",,,,,
,,Hopkins,0,0,0,1,0,0,1,0,0,610,,,,,
,,Houghton,1,0,0,0,0,0,0,1,0,"7,716",,,,,
,,Howard City,1,0,0,0,0,0,0,1,0,"1,805",,,,,
,,Hudson,1,0,0,0,0,0,0,1,0,"2,298",,,,,
,,Huntington Woods,1,1,0,0,0,1,0,1,0,"6,285",,,,,
,,Inkster,0,1,0,0,1,1,0,1,0,"25,129",,,,,
,,Ironwood,0,0,0,1,0,0,1,0,0,"5,339",,,,,
,,Jackson,2,1,2,1,0,1,3,1,1,"33,449",,,,,
,,Keego Harbor,1,0,1,0,0,1,0,1,0,"2,992",,,,,
,,Kentwood,1,0,0,0,0,0,1,0,0,"49,220",,,,,
,,Lansing,3,1,1,0,0,1,2,1,1,"114,688",,,,,
,,Lawton,1,0,0,0,0,0,1,0,0,"1,897",,,,,
,,Livonia,7,2,1,2,0,4,2,1,5,"96,028",,,,,
,,Manistique,0,0,0,1,0,1,0,0,0,"3,100",,,,,
,,Marlette,0,0,3,0,0,2,1,0,0,"1,855",,,,,
,,Marysville,1,0,0,0,0,0,1,0,0,"9,881",,,,,
,,Mattawan,1,0,0,0,0,0,0,1,0,"1,994",,,,,
,,Meridian Township,1,0,1,2,0,2,0,2,0,"39,824",,,,,
,,Midland,1,0,1,0,0,0,0,2,0,"42,106",,,,,
,,Monroe,5,0,0,0,0,0,3,1,1,"20,687",,,,,
,,Morenci,0,1,0,1,0,0,1,1,0,"2,211",,,,,
,,Mount Morris,1,0,0,0,0,0,0,1,0,"3,061",,,,,
,,Mount Morris Township,1,0,0,0,0,0,0,0,1,"21,326",,,,,
,,Mundy Township,2,0,0,0,0,2,0,0,0,"14,960",,,,,
,,Muskegon,3,0,0,0,0,1,1,1,0,"38,253",,,,,
,,Muskegon Heights,1,0,0,0,0,0,1,0,0,"10,806",,,,,
,,New Haven,1,0,0,0,0,0,1,0,0,"4,650",,,,,
,,Northfield Township,0,0,1,0,0,0,0,1,0,"8,329",,,,,
,,Northville,0,1,0,0,0,1,0,0,0,"5,968",,,,,
,,Northville Township,1,1,0,0,0,1,0,1,0,"28,224",,,,,
,,Norton Shores,2,0,0,1,0,1,1,1,0,"23,884",,,,,
,,Novi,1,0,0,0,0,0,1,0,0,"55,623",,,,,
,,Oakley,0,0,0,1,0,0,1,0,0,287,,,,,
,,Oak Park,1,0,1,0,0,1,0,0,1,"29,532",,,,,
,,Orchard Lake,1,1,0,0,0,0,1,1,0,"2,391",,,,,
,,Oscoda Township,1,0,0,0,0,0,0,1,0,"6,907",,,,,
,,Owosso,1,0,0,0,0,0,0,1,0,"15,035",,,,,
,,Pittsfield Township,3,0,0,0,0,1,1,1,0,"35,020",,,,,
,,Plymouth Township,0,1,0,0,0,0,0,1,0,"27,262",,,,,
,,Portage,1,0,0,0,0,1,0,0,0,"46,658",,,,,
,,Port Huron,1,0,0,0,0,1,0,0,0,"29,950",,,,,
,,Redford Township,0,0,0,1,0,0,0,1,0,"47,903",,,,,
,,Richmond,2,0,0,0,0,1,1,0,0,"5,747",,,,,
,,Rochester,1,0,0,0,0,1,0,0,0,"12,802",,,,,
,,Rockford,1,0,0,0,0,0,1,0,0,"5,779",,,,,
,,Roseville,4,0,0,1,0,3,1,0,1,"47,400",,,,,
,,Royal Oak,3,0,2,2,0,1,2,2,2,"57,649",,,,,
,,Saginaw,2,0,1,0,0,1,0,2,0,"51,267",,,,,
,,Saginaw Township,1,0,1,0,0,1,0,0,1,"40,642",,,,,
,,Saline,1,0,0,0,0,0,0,0,1,"8,899",,,,,
,,Saugatuck-Douglas,1,0,0,0,0,0,0,1,0,"2,156",,,,,
,,Shelby Township,3,1,0,0,1,2,2,1,0,"73,960",,,,,
,,Shepherd,0,0,1,0,0,1,0,0,0,"1,524",,,,,
,,Southfield,8,6,0,0,0,3,2,6,3,"72,253",,,,,
,,South Lyon,1,0,0,0,0,1,0,0,0,"11,408",,,,,
,,Sparta,1,0,0,0,0,0,0,0,1,"4,183",,,,,
,,Spring Lake-Ferrysburg,1,0,0,0,0,0,1,0,0,"5,269",,,,,
,,St. Charles,0,0,0,1,0,1,0,0,0,"2,043",,,,,
,,St. Clair,1,0,0,0,0,0,0,0,1,"5,442",,,,,
,,St. Clair Shores,3,1,0,0,0,0,2,2,0,"59,841",,,,,
,,Sterling Heights,4,0,0,0,0,2,2,0,0,"129,974",,,,,
,,Swartz Creek,1,0,0,0,0,1,0,0,0,"5,712",,,,,
,,Taylor,4,0,0,1,0,1,3,1,0,"62,534",,,,,
,,Thomas Township,0,0,1,0,0,0,0,1,0,"11,927",,,,,
,,Three Rivers,1,0,0,0,0,0,1,0,0,"7,797",,,,,
,,Tittabawassee Township,0,0,1,0,0,0,0,0,1,"9,688",,,,,
,,Trenton,2,0,0,0,0,0,0,1,1,"18,676",,,,,
,,Troy,3,0,1,1,0,3,1,0,1,"81,567",,,,,
,,Utica,1,0,0,0,0,0,0,0,1,"4,766",,,,,
,,Van Buren Township,1,1,0,0,0,0,1,1,0,"28,548",,,,,
,,Vicksburg,2,0,0,0,0,0,1,1,0,"2,929",,,,,
,,Walled Lake,1,0,1,0,0,1,0,1,0,"7,049",,,,,
,,Warren,15,0,1,3,0,4,6,5,4,"134,340",,,,,
,,Waterford Township,0,2,0,0,1,0,1,0,2,"72,224",,,,,
,,Wayne,2,0,0,2,0,0,1,2,1,"17,427",,,,,
,,West Bloomfield Township,1,3,0,3,0,2,2,2,1,"65,157",,,,,
,,Westland,4,1,0,0,0,1,2,0,2,"83,299",,,,,
,,White Cloud,0,0,1,0,0,0,0,0,1,"1,407",,,,,
,,White Lake Township,0,0,2,0,0,0,2,0,0,"30,236",,,,,
,,Woodhaven,1,0,0,0,0,0,0,1,0,"12,752",,,,,
,,Wyoming,3,0,1,1,0,1,2,1,1,"72,886",,,,,
,,Ypsilanti,2,0,2,0,0,0,1,1,2,"19,610",,,,,
,Universities and Colleges,,4,2,4,2,0,,,,,,,,,,
,,Eastern Michigan University,1,0,0,0,0,0,0,0,1,"23,419",,,,,
,,Michigan State University,1,1,1,1,0,2,1,0,1,"47,825",,,,,
,,Oakland University,0,1,0,0,0,1,0,0,0,"19,379",,,,,
,,Saginaw Valley State University,1,0,0,0,0,0,1,0,0,"10,790",,,,,
,,"University of Michigan, Ann Arbor",1,0,2,1,0,1,2,0,1,"42,716",,,,,
,,Western Michigan University,0,0,1,0,0,1,0,0,0,"25,086",,,,,
,Metropolitan Counties,,142,8,5,9,2,,,,,,,,,,
,,Berrien,0,0,0,1,0,0,0,1,0,,,,,,
,,Calhoun,2,0,0,0,0,1,0,0,1,,,,,,
,,Eaton,1,0,0,0,0,0,1,0,0,,,,,,
,,Genesee,0,4,0,0,0,2,0,0,2,,,,,,
,,Jackson,1,0,1,0,0,1,1,0,0,,,,,,
,,Kalamazoo,1,0,0,0,0,1,0,0,0,,,,,,
,,Kent,2,0,0,2,1,0,0,0,5,,,,,,
,,Macomb,11,1,0,1,0,4,5,2,2,,,,,,
,,Monroe,7,0,0,0,0,3,0,2,2,,,,,,
,,Oakland,106,2,4,5,1,27,47,38,6,,,,,,
,,Ottawa,3,0,0,0,0,1,1,0,1,,,,,,
,,St. Clair,1,0,0,0,0,1,0,0,0,,,,,,
,,Van Buren,2,0,0,0,0,1,0,0,1,,,,,,
,,Washtenaw,5,1,0,0,0,2,1,1,2,,,,,,
,Nonmetropolitan Counties,,8,2,1,2,0,,,,,,,,,,
,,Allegan,2,0,1,0,0,1,1,0,1,,,,,,
,,Branch,0,0,0,1,0,1,0,0,0,,,,,,
,,Chippewa,1,0,0,0,0,0,1,0,0,,,,,,
,,Grand Traverse,1,1,0,1,0,1,0,1,1,,,,,,
,,Leelanau,1,0,0,0,0,0,0,1,0,,,,,,
,,Mecosta,1,1,0,0,0,0,0,1,1,,,,,,
,,Osceola,2,0,0,0,0,0,0,1,1,,,,,,
,State Police Agencies,,0,1,0,0,0,,,,,,,,,,
,,"State Police, Huron County",0,1,0,0,0,0,0,1,0,,,,,,
,Other Agencies,,1,0,0,0,0,,,,,,,,,,
,,"Huron-Clinton Metropolitan Authority, Kensington Metropark",1,0,0,0,0,0,0,1,0,,,,,,
Minnesota,Total,,40,11,12,9,0,,,,,,,,,,
,Cities,,37,10,10,8,0,,,,,,,,,,
,,Bemidji,1,0,0,0,0,1,,,,"13,745",,,,,
,,Blaine,3,1,0,0,0,1,3,,,"57,953",,,,,
,,Brooklyn Park,1,0,1,1,0,2,1,,,"77,346",,,,,
,,Elk River,2,0,0,0,0,2,,,,"23,335",,,,,
,,Eveleth,1,0,0,0,0,0,1,,,"3,742",,,,,
,,Inver Grove Heights,0,1,0,0,0,1,,,,"34,394",,,,,
,,Mankato,4,0,0,1,0,3,2,,,"39,782",,,,,
,,Maplewood,0,1,0,0,0,1,,,,"38,719",,,,,
,,Minneapolis,10,1,7,4,0,8,14,,,"390,240",,,,,
,,Minnetonka,0,1,0,0,0,0,1,0,,"50,758",,,,,
,,Minnetrista,1,0,0,0,0,0,1,,,"8,846",,,,,
,,Moorhead,1,0,0,0,0,1,,,,"38,813",,,,,
,,New Hope,1,0,0,0,0,1,0,0,,"20,748",,,,,
,,Red Wing,1,0,0,0,0,0,1,,,"16,578",,,,,
,,Richfield,1,0,0,1,0,1,1,0,,"35,953",,,,,
,,Rochester,2,1,1,0,0,1,3,,,"108,582",,,,,
,,Roseville,1,0,0,0,0,0,1,,,"34,276",,,,,
,,Shakopee,0,1,0,0,0,0,1,,,"38,057",,,,,
,,St. Cloud,1,0,1,0,0,1,1,,,"66,593",,,,,
,,St. Louis Park,0,2,0,0,0,,2,,,"46,176",,,,,
,,St. Paul,6,1,0,1,0,3,5,,,"290,700",,,,,
,Metropolitan Counties,,1,1,1,1,0,,,,,,,,,,
,,Chisago,1,0,0,0,0,0,1,,,,,,,,
,,Le Sueur,0,0,1,0,0,1,,,,,,,,,
,,Mille Lacs,0,1,0,0,0,,1,,,,,,,,
,,Olmsted,0,0,0,1,0,1,,,,,,,,,
,Nonmetropolitan Counties,,2,0,1,0,0,,,,,,,,,,
,,Beltrami,2,0,0,0,0,1,1,,,,,,,,
,,Cass,0,0,1,0,0,1,,,,,,,,,
Mississippi,Total,,5,0,1,12,0,,,,,,,,,,
,Cities,,4,0,1,12,0,,,,,,,,,,
,,Biloxi,3,0,0,0,0,0,1,0,2,"45,037",,,,,
,,Gulfport,1,0,1,12,0,3,3,6,2,"69,369",,,,,
,Universities and Colleges,,1,0,0,0,0,,,,,,,,,,
,,"University of Mississippi, Oxford",1,0,0,0,0,0,0,0,1,"18,224",,,,,
Missouri,Total,,66,10,22,4,2,,,,,,,,,,
,Cities,,61,9,22,3,1,,,,,,,,,,
,,Belton,1,0,0,0,0,0,1,0,0,"23,295",,,,,
,,Columbia,1,0,0,0,0,0,1,0,0,"110,646",,,,,
,,Creve Coeur,0,2,0,0,0,0,0,2,0,"17,863",,,,,
,,Crocker,0,0,1,0,0,1,0,0,0,"1,136",,,,,
,,De Soto,1,0,0,0,0,0,0,1,0,"6,433",,,,,
,,Edmundson,1,0,0,0,0,1,0,0,0,836,,,,,
,,Gladstone,0,0,1,0,0,0,0,1,0,"25,832",,,,,
,,Grain Valley,1,0,0,0,0,0,0,1,0,"12,922",,,,,
,,Independence,5,0,1,0,0,2,2,,2,"117,433",,,,,
,,Kansas City,29,6,12,2,0,12,14,16,7,"464,073",,,,,
,,Lee's Summit,5,0,0,0,0,,3,1,1,"91,840",,,,,
,,Macon,1,0,0,0,0,0,1,0,0,"5,490",,,,,
,,Milan,1,0,0,0,0,0,0,1,0,"1,948",,,,,
,,Overland,1,0,0,0,0,1,0,0,,"16,089",,,,,
,,Peculiar,1,0,0,0,0,1,0,0,0,"4,645",,,,,
,,Raytown,2,0,0,0,0,0,1,1,0,"29,678",,,,,
,,Rolla,4,0,4,0,0,1,0,1,6,"19,543",,,,,
,,Smithville,0,0,0,1,0,0,0,1,0,"8,563",,,,,
,,Springfield,1,0,0,0,0,0,0,1,,"160,962",,,,,
,,St. Charles,1,0,0,0,1,0,0,0,2,"66,723",,,,,
,,St. Louis,2,1,3,0,0,0,5,1,0,"318,667",,,,,
,,St. Peters,3,0,0,0,0,1,1,1,0,"53,364",,,,,
,Universities and Colleges,,2,0,0,0,0,,,,,,,,,,
,,University of Missouri:,,,,,,,,,,,,,,,
,,Columbia,1,0,0,0,0,1,0,0,0,"33,762",,,,,
,,Kansas City,1,0,0,0,0,1,0,0,0,"15,473",,,,,
,Metropolitan Counties,,3,1,0,1,0,,,,,,,,,,
,,Greene,0,0,0,1,0,1,0,0,0,,,,,,
,,Jasper,0,1,0,0,0,0,0,1,0,,,,,,
,,St. Louis County Police Department,2,0,0,0,0,1,0,0,1,,,,,,
,,Warren,1,0,0,0,0,1,0,0,0,,,,,,
,Nonmetropolitan Counties,,0,0,0,0,1,,,,,,,,,,
,,Stone,0,0,0,0,1,1,0,0,0,,,,,,
Montana,Total,,13,7,8,4,4,,,,,,,,,,
,Cities,,7,2,6,2,1,,,,,,,,,,
,,Billings,4,1,1,2,0,1,4,1,2,"106,371",,,,,
,,Colstrip,0,0,0,0,1,0,0,0,1,"2,264",,,,,
,,Helena,1,0,1,0,0,0,0,1,1,"28,791",,,,,
,,Missoula,1,1,4,0,0,1,2,2,1,"67,758",,,,,
,,Polson,1,0,0,0,0,0,1,0,0,"4,555",,,,,
,Metropolitan Counties,,3,4,2,1,0,,,,,,,,,,
,,Carbon,0,0,1,0,0,0,0,1,0,,,,,,
,,Cascade,1,0,0,0,0,1,0,0,0,,,,,,
,,Golden Valley,0,0,0,1,0,0,1,0,0,,,,,,
,,Missoula,2,4,1,0,0,0,1,3,3,,,,,,
,Nonmetropolitan Counties,,3,1,0,1,3,,,,,,,,,,
,,Big Horn,0,0,0,1,0,0,0,0,1,,,,,,
,,Flathead,0,1,0,0,0,0,0,1,0,,,,,,
,,Lewis and Clark,2,0,0,0,3,2,0,1,2,,,,,,
,,Silver Bow,1,0,0,0,0,0,1,0,0,,,,,,
Nebraska,Total,,7,1,0,1,0,,,,,,,,,,
,Cities,,4,1,0,1,0,,,,,,,,,,
,,Fremont,1,0,0,1,0,1,1,0,0,"26,641",,,,,
,,Kearney,2,1,0,0,0,0,1,2,0,"31,392",,,,,
,,North Platte,1,0,0,0,0,1,0,0,0,"24,806",,,,,
,Nonmetropolitan Counties,,3,0,0,0,0,,,,,,,,,,
,,Buffalo,2,0,0,0,0,0,1,1,0,,,,,,
,,Keith,1,0,0,0,0,0,0,1,0,,,,,,
Nevada,Total,,35,11,23,22,0,, ,,,,,,,,
,Cities,,35,11,23,22,0,,,,,,,,,,
,,Henderson,3,0,0,0,0,1,1,,1,"263,469",,,,,
,,Las Vegas Metropolitan Police Department,29,9,19,16,0,27,18,12,16,"1,479,393",,,,,
,,North Las Vegas,3,2,2,3,0,1,2,6,1,"221,884",,,,,
,,Reno,0,0,2,3,0,,2,1,2,"230,486",,,,,
New Hampshire,Total,,16,7,4,2,0,,,,,,,,,,
,Cities,,15,7,3,2,0,,,,,,,,,,
,,Belmont,1,0,0,0,0,0,0,0,1,"7,385",,,,,
,,Bristol,0,2,0,0,0,0,0,2,0,"3,053",,,,,
,,Concord,1,0,0,1,0,0,1,0,1,"42,815",,,,,
,,Dover,0,1,0,0,0,0,0,1,0,"30,226",,,,,
,,Dunbarton,1,0,0,0,0,0,1,0,0,"2,766",,,,,
,,Durham,1,0,1,0,0,1,0,1,0,"14,712",,,,,
,,Epping,1,0,0,0,0,1,0,0,0,"6,443",,,,,
,,Hooksett,1,0,0,0,0,0,0,1,0,"13,489",,,,,
,,Hudson,0,2,0,0,0,1,1,0,0,"24,574",,,,,
,,Kingston,0,0,1,0,0,1,0,0,0,"6,058",,,,,
,,Lancaster,0,0,0,1,0,0,0,0,1,"3,476",,,,,
,,Lebanon,1,0,0,0,0,0,0,1,0,"13,145",,,,,
,,Lincoln,1,0,0,0,0,0,1,0,0,"1,661",,,,,
,,Manchester,1,1,0,0,0,0,1,0,1,"110,040",,,,,
,,Marlborough,0,0,1,0,0,0,0,1,0,"2,060",,,,,
,,Merrimack,2,0,0,0,0,0,1,1,0,"25,606",,,,,
,,Milton,1,0,0,0,0,1,0,0,0,"4,636",,,,,
,,Pembroke,0,1,0,0,0,0,1,0,0,"7,137",,,,,
,,Rochester,3,0,0,0,0,0,2,0,1,"29,992",,,,,
,Universities and Colleges,,0,0,1,0,0,,,,,,,,,,
,,University of New Hampshire,0,0,1,0,0,1,0,0,0,"15,128",,,,,
,Nonmetropolitan Counties,,1,0,0,0,0,,,,,,,,,,
,,Carroll,1,0,0,0,0,0,0,1,0,,,,,,
New Mexico,Total,,0,0,0,0,2,,,,,,,,,,
,Cities,,0,0,0,0,2,,,,,,,,,,
,,Los Lunas,0,0,0,0,2,,1,,1,"14,957",,,,,
New York,Total,,170,406,94,45,0,,,,,,,,,,
,Cities,,104,278,77,26,0,,,,,,,,,,
,,Albany,1,0,1,0,0,1,,,1,"98,187",,,,,
,,Amherst Town,4,0,0,0,0,1,2,1,0,"117,591",,,,,
,,Auburn,3,0,1,0,0,0,2,2,0,"27,739",,,,,
,,Binghamton,2,0,0,0,0,0,2,0,0,"47,250",,,,,
,,Buffalo,24,0,7,5,0,2,12,13,9,"262,434",,,,,
,,Clarkstown Town,0,4,0,0,0,0,1,,3,"80,186",,,,,
,,Coeymans Town,0,0,1,0,0,0,1,0,0,"7,443",,,,,
,,Cohoes,0,0,1,0,0,0,1,0,0,"16,220",,,,,
,,Colonie Town,1,0,0,0,0,0,0,1,0,"77,853",,,,,
,,Cortland,0,0,1,0,0,1,0,0,0,"19,316",,,,,
,,Crawford Town,0,3,0,0,0,2,0,1,0,"9,419",,,,,
,,Croton-on-Hudson Village,0,4,1,0,0,2,3,0,,"8,171",,,,,
,,East Hampton Town,0,0,0,1,0,0,0,1,,"19,569",,,,,
,,East Rochester Village,1,0,0,0,0,0,0,1,,"6,632",,,,,
,,Glens Falls,0,1,0,0,0,0,1,0,0,"14,807",,,,,
,,Gloversville,1,0,0,0,0,0,1,0,0,"15,705",,,,,
,,Greenburgh Town,1,0,0,0,0,1,0,0,,"43,409",,,,,
,,Hempstead Village,1,0,0,0,0,0,0,1,0,"54,380",,,,,
,,Hudson Falls Village,1,0,0,0,0,0,0,1,0,"7,314",,,,,
,,Ithaca,1,0,2,0,0,1,1,1,0,"30,216",,,,,
,,Lackawanna,1,0,0,0,0,1,0,0,0,"18,219",,,,,
,,Lowville Village,0,0,0,1,0,0,0,1,0,"3,486",,,,,
,,Manlius Town,0,0,0,1,0,0,1,0,0,"24,678",,,,,
,,Mechanicville,1,0,0,0,0,0,1,0,0,"5,255",,,,,
,,Monroe Village,0,2,0,0,0,0,1,1,,"8,458",,,,,
,,Mount Vernon,0,0,2,1,0,1,2,0,0,"68,146",,,,,
,,New Rochelle,1,1,0,0,0,0,0,1,1,"78,025",,,,,
,,New York,45,260,53,14,0,107,97,84,84,"8,289,415",,,,,
,,Niagara Falls,1,0,0,0,0,1,0,0,0,"50,356",,,,,
,,Nissequogue Village,0,1,0,0,0,0,0,1,0,"1,763",,,,,
,,Orangetown Town,1,0,0,0,0,1,0,0,0,"37,425",,,,,
,,Peekskill,0,0,2,0,0,1,1,0,,"23,883",,,,,
,,Poughkeepsie,1,0,0,0,0,0,0,1,0,"32,967",,,,,
,,Poughkeepsie Town,3,0,0,0,0,0,2,0,1,"42,698",,,,,
,,Ramapo Town,0,1,0,0,0,1,0,0,0,"85,448",,,,,
,,Rochester,1,0,0,0,0,1,0,0,0,"211,993",,,,,
,,Saranac Lake Village,1,0,0,0,0,0,,0,1,"5,420",,,,,
,,Southold Town,1,0,1,0,0,0,0,0,2,"19,951",,,,,
,,Tarrytown Village,0,0,1,0,0,1,0,0,0,"11,415",,,,,
,,Tonawanda Town,1,0,0,0,0,0,1,0,0,"58,393",,,,,
,,Tuckahoe Village,0,0,0,1,0,0,1,0,0,"6,567",,,,,
,,Tupper Lake Village,1,0,0,0,0,0,1,0,,"3,684",,,,,
,,Utica,0,0,1,1,0,0,0,1,1,"62,445",,,,,
,,Watervliet,0,0,0,1,0,0,1,0,0,"10,285",,,,,
,,West Seneca Town,2,0,0,0,0,0,1,1,0,"44,902",,,,,
,,Whitehall Village,1,0,0,0,0,0,1,0,0,"2,626",,,,,
,,White Plains,0,0,1,0,0,1,0,0,0,"57,567",,,,,
,,Yonkers,1,1,1,0,0,1,0,2,0,"198,464",,,,,
,University and Colleges,,9,7,4,1,0,,,,,,,,,,
,,Cornell University,1,1,1,0,0,1,1,1,0,"21,131",,,,,
,,Morrisville State College,3,4,0,0,0,0,0,4,3,"3,230",,,,,
,,State University of New York:,,,,,,,,,,,,,,,
,,Buffalo,0,0,2,0,0,1,1,0,0,"28,849",,,,,
,,Stony Brook,1,1,0,0,0,1,0,0,1,"23,920",,,,,
,,State University of New York College:,,,,,,,,,,,,,,,
,,Buffalo,1,1,0,0,0,1,0,1,0,"12,204",,,,,
,,Oswego,0,0,1,0,0,1,0,,,"8,216",,,,,
,,Plattsburgh,1,0,0,0,0,0,0,1,0,"6,350",,,,,
,,State University of New York College of Agriculture and Technology at Cobleskill,2,0,0,1,0,2,1,0,0,"2,516",,,,,
,Metropolitan Counties,,44,112,12,18,0,,,,,,,,,,
,,Broome,1,0,0,0,0,0,1,,0,,,,,,
,,Dutchess,1,1,0,0,0,1,0,1,0,,,,,,
,,Monroe,0,4,0,0,0,,,2,2,,,,,,
,,Nassau,13,41,2,4,0,26,14,15,5,,,,,,
,,Niagara,1,0,1,0,0,0,1,0,1,,,,,,
,,Putnam,0,1,0,1,0,2,0,0,0,,,,,,
,,Rensselaer,1,0,0,0,0,0,1,0,0,,,,,,
,,Saratoga,0,1,0,1,0,0,0,1,1,,,,,,
,,Suffolk County Police Department,26,64,9,12,0,22,34,33,22,,,,,,
,,Westchester Public Safety,1,0,0,0,0,1,0,0,0,,,,,,
,Nonmetropolitan Counties,,2,0,1,0,0,,,,,,,,,,
,,Cattaraugus,1,0,0,0,0,1,0,0,0,,,,,,
,,Chenango,1,0,0,0,0,,1,0,0,,,,,,
,,Seneca,0,0,1,0,0,0,1,0,0,,,,,,
,State Police Agencies,,3,2,0,0,0,,,,,,,,,,
,,State Police:,,,,,,,,,,,,,,,
,,Dutchess County,1,2,0,0,0,1,1,1,0,,,,,,
,,Jefferson County,1,0,0,0,0,1,0,0,0,,,,,,
,,Otsego County,1,0,0,0,0,0,0,1,0,,,,,,
,Other Agencies,,8,7,0,0,0,,,,,,,,,,
,,New York City Metropolitan Transportation Authority,8,7,0,0,0,5,3,5,2,,,,,,
North Carolina,Total,,66,19,24,10,0,,,,,,,,,,
,Cities,,46,16,17,7,0,,,,,,,,,,
,,Asheville,4,1,3,0,0,1,3,2,2,"85,295",,,,,
,,Carolina Beach,0,0,0,1,0,0,0,1,0,"5,867",,,,,
,,Carthage,0,1,0,0,0,0,0,1,0,"2,255",,,,,
,,Chapel Hill,1,1,2,0,0,2,1,0,1,"58,586",,,,,
,,Charlotte-Mecklenburg,7,1,2,4,0,3,1,6,4,"808,504",,,,,
,,Durham,2,1,2,0,0,2,1,2,0,"235,563",,,,,
,,Elizabeth City,1,0,0,0,0,0,0,0,1,"18,883",,,,,
,,Fayetteville,4,3,1,0,0,1,0,2,5,"205,966",,,,,
,,Gastonia,0,1,0,0,0,0,0,0,1,"72,782",,,,,
,,Greensboro,0,1,1,0,0,2,0,0,0,"276,134",,,,,
,,Hickory,2,0,1,0,0,1,1,1,0,"40,361",,,,,
,,High Point,3,0,1,0,0,1,2,1,0,"106,801",,,,,
,,Hope Mills,1,0,0,0,0,0,0,1,0,"15,594",,,,,
,,King,3,2,0,0,0,0,0,5,0,"6,958",,,,,
,,Morganton,0,0,2,1,0,1,0,2,0,"17,085",,,,,
,,New Bern,0,0,1,0,0,0,0,1,0,"30,195",,,,,
,,Reidsville,1,0,0,0,0,0,1,0,0,"14,616",,,,,
,,Roanoke Rapids,0,0,0,1,0,0,1,0,0,"15,756",,,,,
,,Rocky Mount,1,0,0,0,0,0,1,0,0,"58,002",,,,,
,,Roxboro,2,0,0,0,0,1,1,0,0,"8,480",,,,,
,,Salisbury,3,1,0,0,0,1,1,0,2,"33,919",,,,,
,,Smithfield,1,0,0,0,0,1,0,0,0,"11,305",,,,,
,,Statesville,0,0,1,0,0,0,0,0,1,"25,044",,,,,
,,Stoneville,2,0,0,0,0,1,0,1,0,"1,064",,,,,
,,Thomasville,1,1,0,0,0,0,2,0,0,"26,994",,,,,
,,Wilmington,4,2,0,0,0,1,3,2,0,"109,370",,,,,
,,Winston-Salem,1,0,0,0,0,0,0,1,0,"234,687",,,,,
,,Wrightsville Beach,1,0,0,0,0,0,1,0,0,"2,546",,,,,
,,Zebulon,1,0,0,0,0,1,0,0,0,"4,619",,,,,
,Universities and Colleges,,2,0,1,0,0,,,,,,,,,,
,,North Carolina School of the Arts,1,0,1,0,0,2,0,0,0,893,,,,,
,,"North Carolina State University, Raleigh",1,0,0,0,0,1,0,0,0,"34,767",,,,,
,Metropolitan Counties,,17,2,5,3,0,,,,,,,,,,
,,Buncombe,3,1,0,1,0,4,1,0,0,,,,,,
,,Cabarrus,0,1,0,0,0,1,0,0,0,,,,,,
,,Caldwell,3,0,0,0,0,1,0,1,1,,,,,,
,,Forsyth,0,0,1,0,0,0,1,0,0,,,,,,
,,Franklin,1,0,3,2,0,0,3,0,3,,,,,,
,,Gaston County Police Department,1,0,0,0,0,0,0,0,1,,,,,,
,,Haywood,1,0,0,0,0,0,1,0,0,,,,,,
,,Lincoln,1,0,0,0,0,0,0,1,0,,,,,,
,,New Hanover,3,0,1,0,0,2,0,1,1,,,,,,
,,Pitt,2,0,0,0,0,0,0,1,1,,,,,,
,,Rockingham,2,0,0,0,0,0,1,1,0,,,,,,
,Nonmetropolitan Counties,,1,1,1,0,0,,,,,,,,,,
,,Harnett,1,0,0,0,0,0,0,0,1,,,,,,
,,Rutherford,0,1,1,0,0,1,0,0,1,,,,,,
North Dakota,Total,,21,1,9,10,0,,,,,,,,,,
,Cities,,17,1,7,9,0,,,,,,,,,,
,,Beulah,1,0,0,0,0,0,0,1,0,"3,202",,,,,
,,Bismarck,5,0,1,3,0,3,0,4,2,"64,103",,,,,
,,Devils Lake,1,0,0,0,0,1,0,0,0,"7,305",,,,,
,,Fargo3,6,0,3,6,0,5,4,4,2,"109,813",,,,,
,,Lisbon,0,1,0,0,0,0,0,1,0,"2,182",,,,,
,,Mandan,1,0,0,0,0,1,0,0,0,"18,932",,,,,
,,Watford City,0,0,1,0,0,1,0,0,0,"1,967",,,,,
,,West Fargo,3,0,2,0,0,0,2,2,1,"26,894",,,,,
,Metropolitan Counties,,2,0,0,0,0,,,,,,,,,,
,,Morton,2,0,0,0,0,0,0,1,1,,,,,,
,Nonmetropolitan Counties,,2,0,2,1,0,,,,,,,,,,
,,Sargent,0,0,0,1,0,0,1,0,0,,,,,,
,,Slope,1,0,0,0,0,0,0,0,1,,,,,,
,,Steele,0,0,1,0,0,0,0,0,1,,,,,,
,,Walsh,0,0,1,0,0,1,0,0,0,,,,,,
,,Williams,1,0,0,0,0,0,1,0,0,,,,,,
Ohio,Total,,129,27,63,29,9,,,,,,,,,,
,Cities,,108,25,55,26,2,,,,,,,,,,
,,Akron,5,0,0,2,0,0,2,4,1,"198,390",,,,,
,,Athens,0,0,1,0,0,1,0,0,0,"23,834",,,,,
,,Austintown,4,1,0,2,0,0,0,4,3,"36,478",,,,,
,,"Bath Township, Summit County",0,0,1,0,0,0,1,0,0,"9,667",,,,,
,,Beavercreek,1,0,0,0,0,1,0,0,0,"45,563",,,,,
,,Bexley,1,0,1,0,0,0,1,1,0,"13,220",,,,,
,,Blue Ash,0,0,0,1,0,0,0,1,0,"12,082",,,,,
,,Boardman,0,0,1,0,0,1,0,0,0,"40,608",,,,,
,,Bowling Green,3,0,0,0,0,0,0,1,2,"30,219",,,,,
,,Canfield,1,0,0,0,0,0,1,0,0,"7,464",,,,,
,,Cardington,1,0,0,0,0,0,0,0,1,"2,047",,,,,
,,Centerville,4,8,0,0,0,6,3,3,,"24,107",,,,,
,,Cincinnati,5,1,5,0,0,1,4,6,0,"296,204",,,,,
,,Circleville,1,0,0,0,0,1,0,0,0,"13,388",,,,,
,,Clearcreek Township,0,0,0,1,0,1,0,0,0,"14,224",,,,,
,,Cleveland,5,1,3,0,0,0,4,2,3,"393,781",,,,,
,,Columbus,19,4,14,7,0,8,13,16,7,"797,384",,,,,
,,Commercial Point,0,0,1,0,0,1,0,0,0,"1,590",,,,,
,,Dayton,1,0,0,0,0,1,0,0,0,"142,139",,,,,
,,Defiance,2,0,2,0,0,1,2,1,0,"16,621",,,,,
,,Delaware,2,0,0,0,0,0,1,1,0,"35,539",,,,,
,,East Liverpool,0,0,2,0,0,2,0,0,0,"11,198",,,,,
,,Eaton,1,0,0,1,0,0,2,0,0,"8,369",,,,,
,,Englewood,0,0,1,0,0,0,0,0,1,"13,526",,,,,
,,Gahanna,1,0,0,0,0,1,0,0,0,"33,692",,,,,
,,Genoa Township,0,1,0,0,0,0,0,1,0,"23,643",,,,,
,,Girard,0,0,0,1,0,0,1,0,0,"9,906",,,,,
,,Greenhills,2,0,0,0,0,0,1,1,0,"3,605",,,,,
,,Grove City,0,1,1,0,0,0,0,0,2,"36,050",,,,,
,,Groveport,0,0,1,0,0,0,1,0,0,"5,435",,,,,
,,Hamilton,1,0,0,0,0,0,1,0,0,"62,791",,,,,
,,"Hamilton Township, Warren County",1,0,0,0,0,1,0,0,0,"21,033",,,,,
,,Heath,0,0,1,1,0,1,0,1,0,"10,356",,,,,
,,Highland Heights,0,1,0,0,0,1,,0,0,"8,279",,,,,
,,Hubbard,1,0,0,0,0,0,1,0,0,"7,834",,,,,
,,"Jackson Township, Stark County",1,0,0,1,0,0,2,0,0,"40,317",,,,,
,,Lakewood,0,0,1,0,0,0,0,1,0,"51,721",,,,,
,,Liberty Township,1,0,0,0,0,0,0,0,1,"12,002",,,,,
,,Lorain,6,1,1,1,1,2,1,2,5,"64,148",,,,,
,,Mansfield,2,0,1,1,0,0,3,0,1,"47,480",,,,,
,,Marietta,0,0,1,0,0,0,0,0,1,"14,079",,,,,
,,Marion,1,0,0,0,0,0,0,0,1,"36,687",,,,,
,,Mason,0,1,1,0,0,1,1,0,0,"31,037",,,,,
,,Massillon,0,0,2,0,0,0,1,1,0,"32,104",,,,,
,,McArthur,1,0,0,0,0,0,0,1,0,"1,691",,,,,
,,Miamisburg,0,0,1,0,0,0,1,0,0,"20,273",,,,,
,,Monroe,1,0,0,0,0,0,0,1,0,"14,837",,,,,
,,Montpelier,0,0,0,1,0,0,1,0,0,"4,067",,,,,
,,Moraine3,1,0,1,1,0,0,1,1,0,"6,336",,,,,
,,Mount Vernon,5,0,1,0,0,2,1,2,1,"17,086",,,,,
,,New Albany,0,1,0,0,0,0,1,0,0,"7,834",,,,,
,,North Canton,0,2,0,0,0,0,0,1,1,"17,464",,,,,
,,Norton,1,0,0,0,0,0,1,0,0,"12,039",,,,,
,,Norwalk,0,0,1,0,0,1,0,0,0,"16,976",,,,,
,,Oregon,0,0,0,1,0,0,1,0,0,"20,205",,,,,
,,"Perry Township, Stark County",2,0,0,0,0,1,0,1,0,"28,262",,,,,
,,Port Clinton,0,0,0,1,0,0,0,1,0,"6,050",,,,,
,,Portsmouth,2,0,2,0,0,1,0,2,1,"20,170",,,,,
,,Powhatan Point,1,0,0,0,0,0,1,0,0,"1,586",,,,,
,,Salem,0,0,1,0,1,0,1,1,0,"12,269",,,,,
,,Salineville,1,0,0,0,0,0,1,0,0,"1,307",,,,,
,,Springboro,0,0,0,1,0,0,1,0,0,"17,587",,,,,
,,Springfield,3,0,2,0,0,1,,3,1,"60,329",,,,,
,,"Springfield Township, Hamilton County",1,0,0,0,0,0,0,0,1,"36,225",,,,,
,,Stow,1,0,0,0,0,0,0,1,0,"34,709",,,,,
,,Toronto,1,0,0,0,0,0,1,0,0,"5,024",,,,,
,,Trotwood,2,0,2,0,0,2,1,0,1,"24,540",,,,,
,,Urbana,0,0,0,1,0,0,0,1,0,"11,706",,,,,
,,Van Wert,1,0,0,1,0,0,1,0,1,"10,792",,,,,
,,Wadsworth,1,0,0,0,0,1,0,0,0,"21,682",,,,,
,,Warren,4,0,0,0,0,1,0,1,2,"41,355",,,,,
,,West Chester Township,0,0,1,0,0,0,1,0,0,"58,897",,,,,
,,Whitehall,1,0,0,0,0,0,0,1,0,"18,305",,,,,
,,Wooster,1,0,0,0,0,0,0,0,1,"26,137",,,,,
,,Worthington,0,2,0,0,0,1,0,1,0,"13,754",,,,,
,,Xenia,1,0,0,0,0,0,1,0,0,"25,923",,,,,
,,Youngstown,2,0,0,0,0,0,1,1,0,"66,567",,,,,
,,Zanesville,1,0,1,0,0,0,1,1,0,"25,529",,,,,
,Universities and Colleges,,2,0,2,0,0,,,,,,,,,,
,,Capital University,1,0,0,0,0,0,0,1,0,"3,550",,,,,
,,Miami University,0,0,1,0,0,,0,0,1,"17,395",,,,,
,,"Ohio State University, Columbus",1,0,0,0,0,0,1,0,0,"56,867",,,,,
,,University of Toledo,0,0,1,0,0,1,0,0,0,"22,610",,,,,
,Metropolitan Counties,,16,2,3,3,1,,,,,,,,,,
,,Butler,1,1,1,0,1,0,1,2,1,,,,,,
,,Delaware,0,0,0,1,0,1,0,0,0,,,,,,
,,Franklin,1,0,0,0,0,0,1,0,0,,,,,,
,,Fulton,1,1,0,0,0,0,1,0,1,,,,,,
,,Greene,3,0,1,0,0,0,1,2,1,,,,,,
,,Lucas,0,0,0,1,0,0,0,1,0,,,,,,
,,Mahoning,1,0,0,0,0,1,,,,,,,,,
,,Miami,1,0,0,0,0,0,0,0,1,,,,,,
,,Montgomery,4,0,0,0,0,2,1,1,0,,,,,,
,,Morrow,1,0,0,0,0,0,0,0,1,,,,,,
,,Richland,1,0,1,0,0,0,1,0,1,,,,,,
,,Stark,1,0,0,1,0,0,0,0,2,,,,,,
,,Summit,1,0,0,0,0,0,0,0,1,,,,,,
,Nonmetropolitan Counties,,3,0,3,0,6,,,,,,,,,,
,,Ashtabula,1,0,0,0,1,1,1,0,0,,,,,,
,,Athens,0,0,1,0,1,0,1,1,0,,,,,,
,,Defiance,0,0,1,0,0,1,0,0,0,,,,,,
,,Henry,1,0,0,0,0,0,0,1,0,,,,,,
,,Marion,0,0,0,0,2,0,1,1,0,,,,,,
,,Monroe,1,0,0,0,0,0,0,0,1,,,,,,
,,Seneca,0,0,0,0,2,0,0,1,1,,,,,,
,,Washington,0,0,1,0,0,1,0,0,0,,,,,,
,Other Agencies,,1,0,0,0,0,,,,,,,,,,
,,Cleveland Metropolitan Park District,1,0,0,0,0,0,0,1,0,,,,,,
Oklahoma,Total,,13,2,2,3,1,,,,,,,,,,
,Cities,,8,1,0,3,1,,,,,,,,,,
,,Bristow,1,0,0,0,0,,1,0,0,"4,279",,,,,
,,Eufaula,0,0,0,0,1,0,1,0,0,"2,845",,,,,
,,Guthrie,1,0,0,0,0,1,0,0,0,"10,409",,,,,
,,Hartshorne,1,0,0,0,0,1,0,0,0,"2,128",,,,,
,,Hominy,0,1,0,0,0,0,1,0,0,"3,585",,,,,
,,Luther,1,0,0,0,0,1,0,0,0,"1,252",,,,,
,,Mangum,1,0,0,0,0,0,1,0,0,"2,963",,,,,
,,Miami,1,0,0,0,0,,,1,0,"13,660",,,,,
,,Pauls Valley,1,0,0,0,0,0,0,1,0,"6,198",,,,,
,,Purcell,0,0,0,1,0,0,1,0,0,"6,043",,,,,
,,Sallisaw,1,0,0,0,0,0,0,1,0,"8,929",,,,,
,,Sapulpa,0,0,0,1,0,1,0,0,0,"20,818",,,,,
,,Verdigris,0,0,0,1,0,0,1,0,0,"4,055",,,,,
,Metropolitan Counties,,0,1,1,0,0,,,,,,,,,,
,,Tulsa,0,1,1,0,0,1,1,0,0,,,,,,
,Nonmetropolitan Counties,,5,0,1,0,0,,,,,,,,,,
,,Ellis,1,0,0,0,0,0,1,0,0,,,,,,
,,Garfield,0,0,1,0,0,,1,0,0,,,,,,
,,Latimer,2,0,0,0,0,0,0,2,0,,,,,,
,,Woodward,2,0,0,0,0,0,1,0,1,,,,,,
Oregon,Total,,18,10,9,10,5,,,,,,,,,,
,Cities,,17,9,8,6,4,,,,,,,,,,
,,Ashland,1,0,0,0,0,0,1,0,0,"20,376",,,,,
,,Beaverton,2,0,0,1,1,3,,1,,"92,276",,,,,
,,Bend,0,1,1,2,2,2,2,1,1,"78,458",,,,,
,,Boardman,1,0,0,0,0,1,0,0,0,"3,241",,,,,
,,Corvallis,0,1,0,0,0,0,1,0,0,"55,062",,,,,
,,Keizer,0,1,0,0,0,0,1,0,0,"37,160",,,,,
,,Lebanon,0,1,0,0,0,1,0,0,0,"15,823",,,,,
,,Lincoln City,0,1,0,0,0,0,1,0,0,"7,969",,,,,
,,Newport,1,1,1,0,0,1,0,0,2,"10,039",,,,,
,,Pendleton,0,0,1,0,0,0,1,0,0,"16,903",,,,,
,,Portland,3,1,2,0,1,4,2,1,,"598,037",,,,,
,,Roseburg,0,1,0,0,0,0,1,0,0,"21,305",,,,,
,,Salem,2,0,1,1,0,1,1,1,1,"157,353",,,,,
,,Springfield,5,1,0,0,0,1,2,2,1,"60,119",,,,,
,,Stayton,1,0,0,0,0,0,1,0,0,"7,788",,,,,
,,Sutherlin,0,0,1,0,0,0,0,0,1,"7,852",,,,,
,,Tigard,0,0,1,1,0,1,,1,,"49,359",,,,,
,,Tillamook,0,0,0,1,0,0,0,1,0,"5,037",,,,,
,,Toledo,1,0,0,0,0,1,0,0,0,"3,483",,,,,
,Metropolitan Counties,,0,0,1,2,1,,,,,,,,,,
,,Benton,0,0,0,2,1,1,1,0,1,,,,,,
,,Deschutes,0,0,1,0,0,0,1,0,0,,,,,,
,Nonmetropolitan Counties,,1,1,0,2,0,,,,,,,,,,
,,Douglas,1,1,0,0,0,0,1,0,1,,,,,,
,,Lincoln,0,0,0,1,0,0,1,0,0,,,,,,
,,Umatilla,0,0,0,1,0,0,0,0,1,,,,,,
Pennsylvania,Total,,26,7,4,1,0,,,,,,,,,,
,Cities,,22,5,4,1,0,,,,,,,,,,
,,"Abington Township, Montgomery County",2,0,0,0,0,2,0,0,0,"55,731",,,,,
,,Avoca,2,0,0,0,0,0,0,1,1,"2,663",,,,,
,,Carlisle,1,0,0,0,0,1,0,0,0,"19,103",,,,,
,,Harrisburg,0,0,1,0,0,0,0,1,0,"49,753",,,,,
,,Lancaster,1,2,0,0,0,1,1,0,1,"60,155",,,,,
,,Philadelphia,8,1,2,0,0,8,1,0,2,"1,538,957",,,,,
,,Pittsburgh,2,0,0,1,0,2,,,1,"312,112",,,,,
,,Reading,3,0,0,0,0,1,2,0,0,"88,557",,,,,
,,Roseto,0,1,0,0,0,1,0,0,0,"1,574",,,,,
,,Ross Township,1,0,0,0,0,1,0,0,0,"31,222",,,,,
,,Selinsgrove,0,1,0,0,0,0,0,1,0,"5,781",,,,,
,,State College,1,0,0,0,0,1,0,0,0,"57,020",,,,,
,,Throop,0,0,1,0,0,0,0,1,0,"4,089",,,,,
,,Tunkhannock,1,0,0,0,0,1,0,0,0,"1,839",,,,,
,Universities and Colleges,,2,0,0,0,0,,,,,,,,,,
,,Moravian College,1,0,0,0,0,1,0,0,0,"2,002",,,,,
,,Shippensburg University,1,0,0,0,0,0,0,1,0,"8,183",,,,,
,State Police Agencies,,2,2,0,0,0,,,,,,,,,,
,,State Police:,,,,,,,,,,,,,,,
,,Chester County,1,0,0,0,0,0,1,0,0,,,,,,
,,Erie County,1,0,0,0,0,0,0,1,0,,,,,,
,,Lehigh County,0,1,0,0,0,0,0,0,1,,,,,,
,,Wayne County,0,1,0,0,0,0,0,1,0,,,,,,
Rhode Island,Total,,4,2,5,1,0,,,,,,,,,,
,Cities,,4,2,5,1,0,, ,,,,,,,,
,,Barrington,1,0,0,0,0,0,0,1,0,"16,268",,,,,
,,Newport,1,0,0,0,0,0,0,0,1,"24,595",,,,,
,,Pawtucket,0,0,2,1,0,1,2,0,0,"71,085",,,,,
,,Providence,2,1,1,0,0,1,2,1,0,"177,882",,,,,
,,South Kingstown,0,0,1,0,0,0,0,0,1,"30,524",,,,,
,,Warwick,0,1,0,0,0,0,1,0,0,"82,282",,,,,
,,West Warwick,0,0,1,0,0,1,0,0,0,"29,053",,,,,
South Carolina,Total,,69,41,26,8,4,,,,,,,,,,
,Cities,,39,19,19,3,0,,,,,,,,,,
,,Anderson,7,0,0,0,0,0,0,7,0,"27,127",,,,,
,,Atlantic Beach,1,0,0,0,0,0,1,0,,346,,,,,
,,Beaufort,0,0,1,0,0,1,0,0,0,"12,653",,,,,
,,Bennettsville,0,0,1,0,0,0,1,0,0,"9,034",,,,,
,,Blacksburg,1,0,0,0,0,0,0,1,0,"1,873",,,,,
,,Bluffton,1,0,0,0,0,1,0,0,0,"12,855",,,,,
,,Camden,0,0,1,0,0,0,1,0,0,"6,968",,,,,
,,Charleston,1,0,0,0,0,0,0,1,0,"123,856",,,,,
,,Cheraw,0,1,0,0,0,1,0,0,0,"5,885",,,,,
,,Clinton,0,0,1,0,0,0,0,1,0,"8,570",,,,,
,,Clover,1,0,0,0,0,0,1,0,0,"5,245",,,,,
,,Columbia,2,2,1,0,0,2,2,0,1,"131,833",,,,,
,,Darlington,1,0,1,0,0,1,0,0,1,"6,313",,,,,
,,Elgin,1,0,0,0,0,0,1,0,0,"1,336",,,,,
,,Florence,1,0,0,0,0,0,0,1,0,"37,681",,,,,
,,Folly Beach,1,0,0,0,0,0,1,0,0,"2,700",,,,,
,,Forest Acres,1,1,0,0,0,0,0,1,1,"10,596",,,,,
,,Fort Mill,0,1,0,0,0,0,0,0,1,"11,132",,,,,
,,Goose Creek,0,0,0,1,0,0,1,0,0,"37,387",,,,,
,,Holly Hill,1,0,0,0,0,1,0,0,0,"1,280",,,,,
,,Irmo,0,0,1,0,0,0,0,0,1,"11,390",,,,,
,,Kingstree,1,0,0,0,0,0,0,0,1,"3,325",,,,,
,,Lamar,0,1,0,0,0,0,1,0,0,988,,,,,
,,Latta,0,0,1,0,0,0,0,1,0,"1,378",,,,,
,,Lexington,1,0,0,0,0,0,1,0,0,"18,352",,,,,
,,Moncks Corner,2,0,0,0,0,2,0,0,0,"8,229",,,,,
,,Mount Pleasant,0,0,2,0,0,0,0,1,1,"70,016",,,,,
,,Mullins,1,0,0,1,0,2,0,0,0,"4,680",,,,,
,,Myrtle Beach,0,0,1,0,0,0,0,0,1,"28,085",,,,,
,,Pageland,1,0,0,0,0,0,1,0,0,"2,733",,,,,
,,Rock Hill,2,0,1,0,0,1,1,0,1,"68,064",,,,,
,,Seneca,1,0,0,0,0,1,0,0,0,"8,194",,,,,
,,Simpsonville,1,0,2,0,0,1,0,2,0,"18,829",,,,,
,,Spartanburg,0,0,1,0,0,0,0,1,0,"37,689",,,,,
,,Summerville,3,0,0,0,0,0,1,2,0,"45,209",,,,,
,,Tega Cay,0,0,1,0,0,0,1,0,0,"7,847",,,,,
,,Walterboro,0,5,3,1,0,3,1,4,1,"5,411",,,,,
,,Ware Shoals,3,0,0,0,0,2,0,1,0,"2,189",,,,,
,,West Columbia,1,0,0,0,0,1,0,0,0,"15,610",,,,,
,,Williamston,1,0,0,0,0,1,0,0,0,"4,002",,,,,
,,Winnsboro,0,8,0,0,0,2,1,3,2,"3,527",,,,,
,,York,1,0,0,0,0,0,0,1,0,"7,963",,,,,
,Universities and Colleges,,1,0,1,0,0,,,,,,,,,,
,,The Citadel,1,0,0,0,0,0,0,1,0,"3,390",,,,,
,,"University of South Carolina, Upstate",0,0,1,0,0,1,0,0,0,"5,493",,,,,
,Metropolitan Counties,,11,4,6,5,3,,,,,,,,,,
,,Anderson,0,1,0,1,0,0,1,1,0,,,,,,
,,Berkeley,0,0,0,1,1,0,1,0,1,,,,,,
,,Fairfield,0,0,0,1,0,0,1,0,0,,,,,,
,,Greenville,0,0,1,1,0,1,0,0,1,,,,,,
,,Horry County Police Department,1,1,1,0,0,0,1,1,1,,,,,,
,,Lancaster,1,0,1,0,0,2,0,0,0,,,,,,
,,Lexington,2,0,0,0,1,2,1,0,0,,,,,,
,,Pickens,3,0,0,0,0,1,1,0,1,,,,,,
,,Richland,1,0,1,0,1,0,1,2,0,,,,,,
,,Saluda,0,0,0,1,0,0,1,0,0,,,,,,
,,Spartanburg,2,2,1,0,0,2,3,0,0,,,,,,
,,Sumter,1,0,1,0,0,1,0,1,0,,,,,,
,Nonmetropolitan Counties,,15,18,0,0,1,,,,,,,,,,
,,Abbeville,2,15,0,0,0,1,7,6,3,,,,,,
,,Clarendon,2,0,0,0,0,2,0,0,0,,,,,,
,,Colleton,2,2,0,0,0,2,0,0,2,,,,,,
,,Georgetown,1,1,0,0,0,0,1,0,1,,,,,,
,,Greenwood,1,0,0,0,0,0,0,0,1,,,,,,
,,Hampton,3,0,0,0,0,2,1,0,0,,,,,,
,,Lee,2,0,0,0,1,0,1,1,1,,,,,,
,,Marion,1,0,0,0,0,0,0,0,1,,,,,,
,,Marlboro,1,0,0,0,0,0,0,0,1,,,,,,
,State Police Agencies,,2,0,0,0,0,,,,,,,,,,
,,Highway Patrol:,,,,,,,,,,,,,,,
,,Florence County,1,0,0,0,0,1,0,0,0,,,,,,
,,Greenwood County,1,0,0,0,0,1,0,0,0,,,,,,
,Other Agencies,,1,0,0,0,0,,,,,,,,,,
,,Lexington County Medical Center,1,0,0,0,0,0,0,0,1,,,,,,
South Dakota,Total,,20,4,3,2,0,,,,,,,,,,
,Cities,,19,4,3,2,0,,,,,,,,,,
,,Martin,1,0,1,0,0,1,0,1,0,"1,086",,,,,
,,Rapid City,6,0,0,0,0,0,1,3,2,"69,979",,,,,
,,Sioux Falls,8,4,2,1,0,5,3,6,1,"158,354",,,,,
,,Sturgis,0,0,0,1,0,0,0,1,0,"6,731",,,,,
,,Tea,1,0,0,0,0,0,0,1,0,"4,021",,,,,
,,Watertown,3,0,0,0,0,0,2,1,0,"21,902",,,,,
,Metropolitan Counties,,1,0,0,0,0,,,,,,,,,,
,,Minnehaha,1,0,0,0,0,1,0,0,0,,,,,,
Tennessee,Total,,183,20,55,36,22,,,,,,,,,,
,Cities,,127,17,48,20,17,,,,,,,,,,
,,Alcoa,0,0,1,0,0,0,0,0,1,"8,587",,,,,
,,Ardmore,1,0,0,0,0,1,0,0,0,"1,219",,,,,
,,Atoka,0,0,0,1,0,0,0,0,1,"8,488",,,,,
,,Baxter,1,0,0,0,1,1,1,0,0,"1,388",,,,,
,,Bells,0,0,0,0,1,0,1,0,0,"2,452",,,,,
,,Bluff City,0,0,0,1,0,0,0,0,1,"1,753",,,,,
,,Brighton,1,0,0,0,0,0,0,0,1,"2,769",,,,,
,,Chapel Hill,0,0,0,0,1,1,0,0,0,"1,470",,,,,
,,Chattanooga,8,6,2,1,3,3,5,8,4,"171,541",,,,,
,,Clarksville,3,1,1,0,1,1,4,1,0,"137,356",,,,,
,,Cleveland,1,0,1,0,0,1,0,0,1,"42,068",,,,,
,,Columbia,0,0,1,0,0,1,0,0,0,"35,203",,,,,
,,Dyersburg,5,0,2,0,0,3,1,1,2,"17,223",,,,,
,,Elkton,1,0,0,1,0,0,0,0,2,581,,,,,
,,Franklin,1,0,0,0,0,1,0,0,0,"64,848",,,,,
,,Goodlettsville,0,2,0,0,0,0,1,0,1,"16,310",,,,,
,,Hendersonville,1,0,0,0,0,0,0,1,0,"52,781",,,,,
,,Jackson,0,0,1,0,0,0,1,0,0,"65,725",,,,,
,,Jamestown,29,0,1,0,0,5,11,5,9,"1,982",,,,,
,,Johnson City3,4,0,3,0,0,2,2,2,0,"64,342",,,,,
,,Kingsport,2,0,1,0,1,2,1,1,0,"49,639",,,,,
,,Knoxville,13,1,3,6,2,3,5,13,4,"182,254",,,,,
,,La Follette,0,0,0,1,0,0,1,0,0,"7,481",,,,,
,,Lexington,1,0,0,0,0,0,0,1,0,"7,755",,,,,
,,Lebanon,0,0,1,0,0,1,0,0,0,"26,991",,,,,
,,Lenoir City,1,0,1,0,0,0,1,1,0,"8,836",,,,,
,,Lookout Mountain,0,0,1,0,0,0,0,0,1,"1,871",,,,,
,,Mason,0,0,0,1,0,0,0,1,0,"1,626",,,,,
,,Memphis,27,4,21,5,4,11,15,16,19,"657,436",,,,,
,,Milan,1,1,0,0,0,1,0,0,1,"7,955",,,,,
,,Millington,0,0,0,0,2,1,1,0,0,"10,342",,,,,
,,Morristown,0,0,0,1,0,1,0,0,0,"29,617",,,,,
,,Murfreesboro,1,0,1,0,0,0,1,0,1,"112,247",,,,,
,,Nashville,7,1,1,1,0,0,1,3,6,"620,886",,,,,
,,Pigeon Forge,0,0,1,0,0,1,0,0,0,"6,024",,,,,
,,Pikeville,9,0,0,0,0,0,0,2,7,"1,619",,,,,
,,Red Bank,1,1,0,0,0,0,1,0,1,"11,906",,,,,
,,Sevierville,1,0,0,1,0,0,0,1,1,"15,161",,,,,
,,Sharon,1,0,0,0,0,0,0,1,0,950,,,,,
,,Smyrna,1,0,0,0,0,0,1,0,0,"41,284",,,,,
,,Soddy-Daisy,0,0,1,0,0,0,0,0,1,"12,989",,,,,
,,South Carthage,0,0,1,0,0,0,0,1,0,"1,332",,,,,
,,Spring Hill,2,0,1,0,1,1,0,1,2,"29,981",,,,,
,,Union City,0,0,1,0,0,0,1,0,0,"10,978",,,,,
,,White House,2,0,0,0,0,1,0,0,1,"10,505",,,,,
,,Winchester,1,0,0,0,0,1,0,0,0,"8,272",,,,,
,Universities and Colleges,,4,0,0,1,0,,,,,,,,,,
,,Middle Tennessee State University,1,0,0,0,0,1,0,0,0,"26,442",,,,,
,,Vanderbilt University,1,0,0,0,0,1,0,0,0,"12,836",,,,,
,,University of Tennessee:,,,,,,,,,,,,,,,
,,Health Science Center4,1,0,0,0,0,0,0,0,1,,,,,,
,,Knoxville,1,0,0,1,0,0,2,0,0,"30,194",,,,,
,Metropolitan Counties,,32,0,7,7,2,,,,,,,,,,
,,Blount,4,0,0,0,0,1,1,1,1,,,,,,
,,Campbell,0,0,0,1,0,0,0,1,0,,,,,,
,,Cheatham,1,0,0,0,0,0,0,0,1,,,,,,
,,Grainger,0,0,0,1,0,0,0,1,0,,,,,,
,,Hamilton,1,0,4,0,0,2,2,1,0,,,,,,
,,Knox,2,0,0,0,0,1,0,0,1,,,,,,
,,Loudon,0,0,1,0,0,0,0,1,0,,,,,,
,,Montgomery,2,0,0,0,0,0,1,0,1,,,,,,
,,Robertson,3,0,0,0,0,0,1,1,1,,,,,,
,,Rutherford,1,0,0,0,0,0,1,0,0,,,,,,
,,Shelby,10,0,1,3,2,4,3,6,3,,,,,,
,,Sullivan,1,0,0,2,0,1,0,1,1,,,,,,
,,Sumner,1,0,0,0,0,1,0,0,0,,,,,,
,,Tipton,2,0,0,0,0,1,0,0,1,,,,,,
,,Washington,1,0,1,0,0,0,1,1,0,,,,,,
,,Williamson,1,0,0,0,0,1,0,0,0,,,,,,
,,Wilson,2,0,0,0,0,0,0,0,2,,,,,,
,Nonmetropolitan Counties,,20,1,0,5,3,,,,,,,,,,
,,Bledsoe,0,0,0,2,0,0,0,0,2,,,,,,
,,Carroll,0,0,0,0,2,0,1,1,0,,,,,,
,,Claiborne,1,0,0,0,0,1,0,0,0,,,,,,
,,Giles,2,0,0,0,0,0,2,0,0,,,,,,
,,Haywood,0,0,0,0,1,0,1,0,0,,,,,,
,,Lauderdale,0,1,0,0,0,0,0,1,0,,,,,,
,,Lawrence,1,0,0,0,0,0,1,0,0,,,,,,
,,Moore,1,0,0,0,0,1,0,0,0,,,,,,
,,Rhea,0,0,0,1,0,0,1,0,0,,,,,,
,,Scott,15,0,0,1,0,2,8,3,3,,,,,,
,,Van Buren,0,0,0,1,0,0,1,0,0,,,,,,
,Other Agencies,,0,2,0,3,0,,,,,,,,,,
,,Department of Safety,0,0,0,1,0,0,0,0,1,,,,,,
,,"Drug Task Force, 23rd Judicial District",0,2,0,2,0,2,0,0,2,,,,,,
Texas,Total,,27,4,14,7,0,,,,,,,,,,
,Cities,,25,4,13,7,0,,,,,,,,,,
,,Allen,1,0,0,0,0,0,1,0,0,"88,783",,,,,
,,Amarillo,1,0,0,0,0,1,0,0,0,"196,576",,,,,
,,Bedford,1,0,0,0,0,0,1,0,0,"48,763",,,,,
,,Denison,2,0,0,1,0,0,1,2,0,"23,125",,,,,
,,Denton,2,0,0,0,0,0,1,1,0,"118,942",,,,,
,,Forney,1,0,0,0,0,0,0,1,0,"15,174",,,,,
,,Fort Worth,10,1,3,0,0,3,4,3,4,"770,101",,,,,
,,Lancaster,1,0,0,1,0,2,0,0,0,"37,653",,,,,
,,Lewisville,0,0,2,2,0,1,1,2,0,"100,216",,,,,
,,Longview,2,0,0,0,0,1,1,0,0,"82,554",,,,,
,,McKinney,3,0,3,0,0,2,2,2,0,"138,105",,,,,
,,Pearland,1,1,0,1,0,1,1,1,0,"94,702",,,,,
,,Plano,0,1,1,2,0,0,3,0,1,"273,816",,,,,
,,Rowlett,0,0,1,0,0,0,0,0,1,"58,324",,,,,
,,San Angelo,0,1,1,0,0,0,0,0,2,"95,960",,,,,
,,Temple,0,0,1,0,0,0,0,0,1,"68,194",,,,,
,,Tyler,0,0,1,0,0,0,1,0,0,"100,040",,,,,
,Universities and Colleges,,0,0,1,0,0,,,,,,,,,,
,,"Texas A&M University, Commerce",0,0,1,0,0,0,0,0,1,"11,417",,,,,
,Metropolitan Counties,,2,0,0,0,0,,,,,,,,,,
,,Kaufman,1,0,0,0,0,0,1,0,0,,,,,,
,,Lubbock,1,0,0,0,0,0,0,0,1,,,,,,
Utah,Total,,51,26,9,13,3,,,,,,,,,,
,Cities,,31,19,6,10,0,,,,,,,,,,
,,Bountiful,5,2,1,0,0,1,2,1,4,"43,888",,,,,
,,Brigham City,1,0,0,1,0,1,0,1,0,"18,255",,,,,
,,Centerville,2,0,0,0,0,0,1,1,0,"15,807",,,,,
,,Clinton,0,0,1,0,0,0,0,1,0,"21,064",,,,,
,,Draper,3,5,2,0,0,7,0,3,0,"43,600",,,,,
,,Helper,1,0,0,0,0,0,0,0,1,"2,219",,,,,
,,Hurricane,1,0,0,1,0,1,0,0,1,"14,284",,,,,
,,Kanab,0,1,0,0,0,0,0,0,1,"4,450",,,,,
,,Kaysville,1,0,0,0,0,0,0,1,0,"28,153",,,,,
,,Logan,1,0,0,0,0,0,0,1,0,"49,672",,,,,
,,Murray,3,0,0,0,0,1,1,1,0,"48,276",,,,,
,,North Salt Lake,0,1,0,1,0,1,0,1,0,"16,831",,,,,
,,Pleasant Grove,0,0,1,0,0,0,0,1,0,"34,900",,,,,
,,Price,3,0,0,0,0,2,0,0,1,"8,799",,,,,
,,Provo,1,1,0,0,0,0,1,1,0,"116,879",,,,,
,,Salt Lake City,1,1,0,0,0,0,0,0,2,"192,465",,,,,
,,South Jordan,1,0,0,1,0,0,1,1,0,"52,071",,,,,
,,South Salt Lake,0,1,0,1,0,0,0,2,0,"24,340",,,,,
,,St. George,0,0,0,1,0,0,1,0,0,"75,780",,,,,
,,Syracuse,0,1,0,0,0,0,1,0,0,"25,090",,,,,
,,Tooele,2,1,0,0,0,1,0,0,2,"32,641",,,,,
,,Tremonton,0,0,1,2,0,0,1,1,1,"7,799",,,,,
,,West Bountiful,0,1,0,1,0,0,2,0,0,"5,429",,,,,
,,West Jordan,3,1,0,0,0,1,3,0,0,"107,103",,,,,
,,West Valley,2,2,0,0,0,0,1,2,1,"133,725",,,,,
,,Willard,0,1,0,0,0,0,0,0,1,"1,806",,,,,
,,Woods Cross,0,0,0,1,0,0,1,0,0,"10,066",,,,,
,Universities and Colleges,,1,0,1,0,0,,,,,,,,,,
,,Utah State University,1,0,1,0,0,1,1,0,0,"26,757",,,,,
,Metropolitan Counties,,6,7,1,0,0,,,,,,,,,,
,,Davis,1,0,0,0,0,0,0,0,1,,,,,,
,,Salt Lake County Unified Police Department,4,6,1,0,0,2,4,2,3,,,,,,
,,Tooele,0,1,0,0,0,1,0,0,0,,,,,,
,,Washington,1,0,0,0,0,0,1,0,0,,,,,,
,Nonmetropolitan Counties,,0,0,1,0,1,,,,,,,,,,
,,Daggett,0,0,0,0,1,0,1,0,0,,,,,,
,,Summit,0,0,1,0,0,0,0,0,1,,,,,,
,State Police Agencies,,10,0,0,2,2,,,,,,,,,,
,,Utah Highway Patrol,10,0,0,2,2,3,6,2,3,,,,,,
,Other Agencies,,3,0,0,1,0,,,,,,,,,,
,,Utah Transit Authority,3,0,0,1,0,1,0,2,1,,,,,,
Vermont,Total,,6,2,4,0,0,,,,,,,,,,
,Cities,,6,2,4,0,0,, ,,,,,,,,
,,Burlington,4,1,0,0,0,0,1,3,1,"42,616",,,,,
,,Dover,0,0,1,0,0,1,0,0,0,"1,116",,,,,
,,Fair Haven,0,0,2,0,0,0,0,2,0,"2,716",,,,,
,,Morristown,0,0,1,0,0,0,1,0,0,"5,273",,,,,
,,South Burlington,2,0,0,0,0,0,0,0,2,"18,005",,,,,
,,Winooski,0,1,0,0,0,1,0,0,0,"7,307",,,,,
Virginia,Total,,79,24,26,5,0,,,,,,,,,,
,Cities,,32,4,13,2,0,,,,,,,,,,
,,Blacksburg,1,0,0,0,0,0,0,0,1,"43,070",,,,,
,,Blackstone,2,0,0,0,0,0,1,1,0,"3,656",,,,,
,,Chesapeake,8,1,1,0,0,4,2,3,1,"227,531",,,,,
,,Christiansburg,1,0,0,0,0,0,0,1,0,"21,262",,,,,
,,Colonial Heights,1,0,0,0,0,0,1,0,0,"17,632",,,,,
,,Emporia,1,0,0,0,0,0,1,0,0,"5,936",,,,,
,,Front Royal,3,0,0,0,0,0,1,1,1,"14,718",,,,,
,,Galax,1,0,0,0,0,0,1,0,0,"7,060",,,,,
,,Harrisonburg,1,2,0,0,0,1,0,2,0,"50,524",,,,,
,,Herndon,1,0,0,0,0,0,0,0,1,"23,966",,,,,
,,Lynchburg,1,0,1,0,0,0,0,0,2,"77,347",,,,,
,,Manassas,0,0,3,1,0,0,1,3,0,"39,733",,,,,
,,Newport News,1,1,0,0,0,1,0,1,0,"181,591",,,,,
,,Norfolk,2,0,0,0,0,1,0,1,0,"245,303",,,,,
,,Portsmouth,1,0,0,0,0,0,0,0,1,"96,739",,,,,
,,Radford,1,0,1,0,0,1,0,0,1,"16,595",,,,,
,,Richmond,1,0,4,0,0,1,1,3,0,"207,799",,,,,
,,Roanoke,2,0,3,0,0,1,3,1,0,"97,780",,,,,
,,Virginia Beach,2,0,0,0,0,2,0,0,0,"447,588",,,,,
,,Waynesboro,1,0,0,1,0,0,0,1,1,"21,546",,,,,
,Universities and Colleges,,3,1,4,0,0,,,,,,,,,,
,,George Mason University,0,0,1,0,0,0,1,0,0,"33,320",,,,,
,,Old Dominion University,2,1,1,0,0,1,1,1,1,"24,753",,,,,
,,Radford University,0,0,1,0,0,0,0,1,0,"9,370",,,,,
,,University of Virginia,0,0,1,0,0,0,0,0,1,"24,297",,,,,
,,Virginia Polytechnic Institute and State University,1,0,0,0,0,0,0,0,1,"30,936",,,,,
,Metropolitan Counties,,41,18,9,2,0,,,,,,,,,,
,,Albemarle County Police Department,7,3,1,0,0,0,5,4,2,,,,,,
,,Amherst,2,0,0,0,0,0,0,1,1,,,,,,
,,Arlington County Police Department,0,0,0,1,0,0,0,1,0,,,,,,
,,Augusta,0,0,1,0,0,0,0,1,0,,,,,,
,,Campbell,0,1,0,0,0,0,0,0,1,,,,,,
,,Chesterfield County Police Department,6,2,0,1,0,2,2,4,1,,,,,,
,,Fairfax County Police Department,6,7,4,0,0,6,7,3,1,,,,,,
,,Gloucester,1,1,0,0,0,0,0,0,2,,,,,,
,,Henrico County Police Department,3,0,1,0,0,0,2,0,2,,,,,,
,,James City County Police Department,0,0,2,0,0,1,1,0,0,,,,,,
,,Loudoun,1,2,0,0,0,0,2,1,0,,,,,,
,,New Kent,1,0,0,0,0,0,0,0,1,,,,,,
,,Prince George County Police Department,0,1,0,0,0,1,0,0,0,,,,,,
,,Roanoke County Police Department,2,0,0,0,0,2,0,0,0,,,,,,
,,Spotsylvania,3,1,0,0,0,0,0,4,0,,,,,,
,,Stafford,7,0,0,0,0,1,3,3,0,,,,,,
,,York,2,0,0,0,0,2,0,0,0,,,,,,
,Nonmetropolitan Counties,,3,1,0,1,0,,,,,,,,,,
,,Accomack,0,0,0,1,0,0,0,1,0,,,,,,
,,Essex,1,0,0,0,0,0,1,0,0,,,,,,
,,Prince Edward,2,0,0,0,0,0,0,2,0,,,,,,
,,Richmond,0,1,0,0,0,0,0,1,0,,,,,,
Washington,Total,,141,50,52,28,1,,,,,,,,,,
,Cities,,118,33,41,21,0,,,,,,,,,,
,,Aberdeen,2,0,0,0,0,1,1,0,0,"17,000",,,,,
,,Anacortes,0,1,0,0,0,0,0,0,1,"16,097",,,,,
,,Bellevue,1,1,1,0,0,1,1,1,0,"126,022",,,,,
,,Bellingham,3,2,2,2,0,2,2,5,1,"82,665",,,,,
,,Black Diamond,1,0,0,0,0,0,0,1,0,"4,279",,,,,
,,Bothell,0,1,1,0,0,0,1,1,0,"34,389",,,,,
,,Burien,3,0,1,0,0,1,2,0,1,"34,310",,,,,
,,Cheney,1,0,1,0,0,0,2,0,0,"10,747",,,,,
,,Edmonds,0,0,1,0,0,1,0,0,0,"40,609",,,,,
,,Ellensburg,1,0,0,0,0,0,1,0,0,"18,649",,,,,
,,Everett,0,1,1,0,0,0,1,1,0,"105,318",,,,,
,,Federal Way,5,0,0,0,0,2,1,1,1,"91,978",,,,,
,,Ferndale,1,0,0,0,0,0,0,1,0,"11,677",,,,,
,,Fircrest,1,0,0,0,0,0,1,0,0,"6,637",,,,,
,,Kennewick,0,0,1,0,0,1,0,0,0,"76,971",,,,,
,,Kent,1,1,0,1,0,0,1,0,2,"122,102",,,,,
,,Kirkland,4,2,1,0,0,1,3,2,1,"50,243",,,,,
,,Lake Forest Park,1,0,0,0,0,0,1,0,0,"12,975",,,,,
,,Lakewood,1,0,0,1,0,0,0,2,0,"59,416",,,,,
,,Longview,5,0,1,0,0,2,2,1,1,"37,032",,,,,
,,Lynden,0,1,0,0,0,1,0,0,0,"12,223",,,,,
,,Lynnwood,0,1,0,0,0,0,0,1,0,"36,647",,,,,
,,Mercer Island,1,0,0,1,0,0,1,0,1,"23,381",,,,,
,,Mill Creek,1,0,0,0,0,0,1,0,0,"18,661",,,,,
,,Monroe,0,1,0,0,0,0,0,0,1,"17,665",,,,,
,,Mount Vernon,0,0,0,1,0,1,0,0,0,"32,384",,,,,
,,Newcastle,0,0,0,1,0,0,0,1,0,"10,692",,,,,
,,Oak Harbor,1,0,1,0,0,1,0,0,1,"22,457",,,,,
,,Omak,2,0,0,0,0,0,1,1,0,"4,929",,,,,
,,Orting,1,0,0,0,0,0,1,0,0,"6,890",,,,,
,,Port Angeles,2,0,0,0,0,0,0,1,1,"19,342",,,,,
,,Port Townsend,0,1,0,0,0,0,0,0,1,"9,219",,,,,
,,Poulsbo,0,0,1,0,0,1,0,0,0,"9,428",,,,,
,,Pullman,1,0,0,1,0,1,1,0,0,"30,206",,,,,
,,Puyallup,0,0,1,0,0,0,0,0,1,"37,821",,,,,
,,Redmond,1,0,0,0,0,0,0,0,1,"55,770",,,,,
,,Renton,5,1,0,3,0,1,2,3,3,"93,722",,,,,
,,Seattle,47,13,19,6,0,12,24,32,17,"626,865",,,,,
,,Sequim,0,1,0,0,0,1,0,0,0,"6,710",,,,,
,,Shoreline,1,0,0,1,0,1,0,1,0,"54,574",,,,,
,,Spokane,3,0,3,0,0,3,1,1,1,"212,163",,,,,
,,Spokane Valley,2,1,1,0,0,1,1,2,0,"91,164",,,,,
,,Sumner,1,0,0,0,0,1,0,0,0,"9,656",,,,,
,,Sunnyside,0,0,1,0,0,0,1,0,0,"16,271",,,,,
,,Tacoma,9,1,2,1,0,3,4,2,4,"202,646",,,,,
,,University Place,2,0,0,0,0,0,2,0,0,"31,820",,,,,
,,Vancouver,7,2,0,2,0,2,2,4,3,"166,375",,,,,
,,Wapato,0,1,0,0,0,1,0,0,0,"5,123",,,,,
,,Yakima,0,0,1,0,0,0,1,0,0,"93,419",,,,,
,Universities and Colleges,,6,10,3,0,0,,,,,,,,,,
,,University of Washington,6,8,2,0,0,3,3,6,4,"42,444",,,,,
,,"Washington State University, Pullman",0,2,1,0,0,0,1,2,0,"27,329",,,,,
,Metropolitan Counties,,15,4,6,5,1,,,,,,,,,,
,,Benton,0,0,0,0,1,1,0,0,0,,,,,,
,,Chelan,1,1,0,1,0,0,3,0,0,,,,,,
,,Clark,3,0,0,0,0,0,0,1,2,,,,,,
,,Cowlitz,0,0,1,0,0,0,1,0,0,,,,,,
,,Douglas,1,0,0,0,0,0,1,0,0,,,,,,
,,King,3,1,1,1,0,1,4,1,0,,,,,,
,,Kitsap,0,1,0,0,0,0,0,1,0,,,,,,
,,Pend Oreille,1,0,0,0,0,0,0,0,1,,,,,,
,,Pierce,3,0,1,0,0,1,1,1,1,,,,,,
,,Snohomish,1,0,0,0,0,1,0,,,,,,,,
,,Stevens,0,0,1,0,0,0,1,0,0,,,,,,
,,Thurston,1,0,2,0,0,1,0,2,0,,,,,,
,,Walla Walla,1,0,0,0,0,0,0,0,1,,,,,,
,,Yakima,0,1,0,3,0,0,1,2,1,,,,,,
,Nonmetropolitan Counties,,2,3,1,2,0,,,,,,,,,,
,,Clallam,2,0,0,0,0,0,0,1,1,,,,,,
,,Mason,0,3,1,0,0,1,0,2,1,,,,,,
,,Pacific,0,0,0,2,0,1,0,1,0,,,,,,
,Other Agencies,,0,0,1,0,0,,,,,,,,,,
,,Port of Seattle,0,0,1,0,0,1,0,0,0,,,,,,
West Virginia,Total,,20,1,5,0,1,,,,,,,,,,
,Cities,,10,1,3,0,1,,,,,,,,,,
,,Beckley,2,0,1,0,1,2,1,0,1,"17,675",,,,,
,,Clarksburg,3,0,0,0,0,0,1,1,1,"16,649",,,,,
,,Elkins,1,0,0,0,0,1,0,0,0,"7,108",,,,,
,,Fairmont,1,0,0,0,0,0,0,0,1,"18,764",,,,,
,,Huntington,1,0,2,0,0,1,1,1,0,"49,254",,,,,
,,Martinsburg,1,0,0,0,0,0,1,0,0,"17,487",,,,,
,,Morgantown,0,1,0,0,0,1,0,0,0,"30,294",,,,,
,,Weirton,1,0,0,0,0,1,0,0,0,"19,652",,,,,
,Universities and Colleges,,2,0,0,0,0,,,,,,,,,,
,,West Liberty University,1,0,0,0,0,0,0,1,0,"2,789",,,,,
,,West Virginia Tech,1,0,0,0,0,1,0,0,0,"1,316",,,,,
,Metropolitan Counties,,6,0,2,0,0,,,,,,,,,,
,,Brooke,1,0,0,0,0,0,0,1,0, ,,,,,
,,Fayette,0,0,1,0,0,0,0,1,0,,,,,,
,,Hancock,2,0,0,0,0,1,0,0,1,,,,,,
,,Kanawha,2,0,1,0,0,1,1,1,0,,,,,,
,,Wayne,1,0,0,0,0,0,0,0,1,,,,,,
,Nonmetropolitan Counties,,2,0,0,0,0,,,,,,,,,,
,,Nicholas,2,0,0,0,0,0,1,1,0,,,,,,
Wisconsin,Total,,32,10,13,5,8,,,,,,,,,,
,Cities,,29,9,7,4,1,,,,,,,,,,
,,Appleton,6,0,1,1,0,1,3,4,0,"73,431",,,,,
,,Caledonia,1,0,0,0,0,0,1,0,0,"24,764",,,,,
,,Fond du Lac,0,0,2,0,0,0,2,0,0,"43,319",,,,,
,,La Crosse,1,1,0,0,0,0,0,1,1,"51,851",,,,,
,,Madison,8,3,0,0,1,3,4,3,2,"237,508",,,,,
,,Milwaukee,5,4,4,1,0,4,1,2,7,"599,395",,,,,
,,Minocqua,1,0,0,0,0,0,0,0,1,"4,372",,,,,
,,Oak Creek,0,1,0,0,0,0,0,1,0,"34,715",,,,,
,,Rhinelander,0,0,0,1,0,0,1,0,0,"7,776",,,,,
,,River Falls,1,0,0,0,0,0,0,0,1,"14,927",,,,,
,,Seymour,1,0,0,0,0,0,1,0,0,"3,481",,,,,
,,Sheboygan,2,0,0,1,0,1,1,1,0,"49,261",,,,,
,,Waukesha,1,0,0,0,0,0,0,0,1,"71,049",,,,,
,,Wausau,1,0,0,0,0,1,0,0,0,"39,313",,,,,
,,West Allis,1,0,0,0,0,0,1,0,0,"60,870",,,,,
,Universities and Colleges,,1,0,5,0,0,,,,,,,,,,
,,"University of Wisconsin, Platteville",1,0,5,0,0,0,1,0,5,"8,262",,,,,
,Metropolitan Counties,,1,0,1,0,0,,,,,,,,,,
,,Dane,1,0,0,0,0,1,0,0,0,,,,,,
,,Iowa,0,0,1,0,0,0,0,0,1,,,,,,
,Nonmetropolitan Counties,,1,1,0,1,7,,,,,,,,,,
,,Burnett,1,1,0,0,1,0,1,2,0,,,,,,
,,Grant,0,0,0,1,0,0,0,0,1,,,,,,
,,Juneau,0,0,0,0,5,1,1,2,1,,,,,,
,,Lincoln,0,0,0,0,1,0,1,0,0,,,,,,
Wyoming,Total,,1,0,0,1,0,,,,,,,,,,
,Cities,,1,0,0,0,0,,,,,,,,,,
,,Rawlins,1,0,0,0,0,0,1,0,0,"9,337",,,,,
,Nonmetropolitan Counties,,0,0,0,1,0,,,,,,,,,,
,,Sublette,0,0,0,1,0,0,1,0,0,,,,,,
1 Agencies published in this table indicated that at least one hate crime incident occurred in their respective jurisdictions during the quarter(s) for which they submitted a report to the Hate Crime Statistics Program.  Blanks indicate quarters for which agencies did not submit reports.,,,,,,,,,,,,,,,,,
"2 Population figures are published only for the cities.  The figures listed for the universities and colleges are student enrollment and were provided by the United States Department of Education for the 2011 school year, the most recent available.  The enrollment figures include full-time and part-time students.",,,,,,,,,,,,,,,,,
3 Includes one incident reported with more than one bias motivation.,,,,,,,,,,,,,,,,,
4 Student enrollment figures were not available.,,,,,,,,,,,,,,,,,