state,agencyType,agencyName,quarter01,quarter02,quarter03,quarter04,population
Washington,Cities,Aberdeen,1,1,0,0,"17,000"
New Jersey,Cities,Aberdeen Township,0,0,1,0,"18,319"
Pennsylvania,Cities,Abington Township: Montgomery County,2,0,0,0,"55,731"
Massachusetts,Cities,Acton,1,1,0,1,"22,349"
California,Cities,Adelanto,0,0,1,0,"32,520"
Michigan,Cities,Adrian,1,2,1,1,"21,060"
California,Cities,Agoura Hills,0,1,3,0,"20,667"
Ohio,Cities,Akron,0,2,4,1,"198,390"
New York,Cities,Albany,1,,,1,"98,187"
Tennessee,Cities,Alcoa,0,0,0,1,"8,587"
Illinois,Cities,Algonquin,0,1,0,0,"30,159"
California,Cities,Aliso Viejo,0,0,1,0,"48,999"
Michigan,Cities,Allegan,0,0,1,0,"4,994"
Texas,Cities,Allen,0,1,0,0,"88,783"
New Jersey,Cities,Allendale,0,0,0,1,"6,580"
Michigan,Cities,Alma,0,0,1,0,"9,319"
Michigan,Cities,Alpena,2,0,0,0,"10,418"
Illinois,Cities,Altamont,1,0,0,0,"2,323"
Texas,Cities,Amarillo,1,0,0,0,"196,576"
Massachusetts,Cities,Amesbury,0,0,0,1,"16,557"
Massachusetts,Cities,Amherst,0,1,1,0,"38,112"
New York,Cities,Amherst Town,1,2,1,0,"117,591"
Washington,Cities,Anacortes,0,0,0,1,"16,097"
California,Cities,Anaheim,0,0,0,1,"344,526"
Alaska,Cities,Anchorage,0,4,1,1,"299,143"
Kentucky,Cities,Anchorage,2,0,0,0,"2,372"
South Carolina,Cities,Anderson,0,0,7,0,"27,127"
Massachusetts,Cities,Andover,1,0,0,0,"33,753"
Michigan,Cities,Ann Arbor,1,5,3,1,"115,008"
California,Cities,Antioch,0,2,1,1,"105,009"
Arizona,Cities,Apache Junction,0,0,1,0,"36,986"
Florida,Cities,Apopka,1,0,0,0,"43,046"
California,Cities,Apple Valley,0,0,0,2,"70,823"
Wisconsin,Cities,Appleton,1,3,4,0,"73,431"
California,Cities,Arcata,0,1,0,0,"17,408"
Tennessee,Cities,Ardmore,1,0,0,0,"1,219"
Texas,Cities,Arlington,0,2,0,0,"379,295"
North Carolina,Cities,Asheville,1,3,2,2,"85,295"
Oregon,Cities,Ashland,0,1,0,0,"20,376"
Colorado,Cities,Aspen,0,0,1,0,"6,734"
California,Cities,Atascadero,0,1,0,0,"28,825"
Ohio,Cities,Athens,1,0,0,0,"23,834"
South Carolina,Cities,Atlantic Beach,0,1,0,,346
Tennessee,Cities,Atoka,0,0,0,1,"8,488"
Massachusetts,Cities,Attleboro,0,0,1,0,"44,033"
Maine,Cities,Auburn,0,2,0,0,"23,002"
New York,Cities,Auburn,0,2,2,0,"27,739"
Michigan,Cities,Auburn Hills,0,0,1,1,"21,559"
Maine,Cities,Augusta,0,0,1,1,"19,117"
Colorado,Cities,Aurora,1,0,1,1,"336,952"
Illinois,Cities,Aurora,0,1,0,0,"199,765"
Texas,Cities,Austin,2,0,0,4,"832,901"
Ohio,Cities,Austintown,0,0,4,3,"36,478"
Florida,Cities,Aventura,0,1,0,0,"37,110"
Pennsylvania,Cities,Avoca,0,0,1,1,"2,663"
California,Cities,Azusa,1,0,1,1,"47,111"
Maine,Cities,Baileyville,0,0,0,1,"1,511"
California,Cities,Bakersfield,0,0,3,1,"355,696"
Maryland,Cities,Baltimore,0,0,1,0,"625,474"
Maine,Cities,Bangor,0,0,3,3,"33,036"
Michigan,Cities,Bangor,0,0,0,1,"1,882"
Maine,Cities,Bar Harbor,0,1,0,0,"5,253"
Kentucky,Cities,Barbourville,0,1,0,0,"3,178"
Kentucky,Cities,Bardstown,2,0,1,4,"11,869"
New Jersey,Cities,Barnegat Township,1,2,1,0,"21,141"
Massachusetts,Cities,Barnstable,4,1,0,3,"45,570"
Rhode Island,Cities,Barrington,0,0,1,0,"16,268"
Florida,Cities,Bartow,0,0,1,0,"17,740"
Kansas,Cities,Basehor,1,0,0,0,"4,716"
Ohio,Cities,Bath Township: Summit County,0,1,0,0,"9,667"
Michigan,Cities,Battle Creek,1,1,0,0,"61,450"
Tennessee,Cities,Baxter,1,1,0,0,"1,388"
Michigan,Cities,Bay City,2,0,0,0,"34,742"
Texas,Cities,Bay City,0,0,1,0,"17,928"
New Jersey,Cities,Bayonne,0,0,1,0,"64,036"
Illinois,Cities,Beardstown,1,0,0,0,"6,099"
South Carolina,Cities,Beaufort,1,0,0,0,"12,653"
Ohio,Cities,Beavercreek,1,0,0,0,"45,563"
Oregon,Cities,Beaverton,3,,1,,"92,276"
West Virginia,Cities,Beckley,2,1,0,1,"17,675"
Massachusetts,Cities,Bedford,0,1,0,0,"13,575"
Texas,Cities,Bedford,0,1,0,0,"48,763"
New Jersey,Cities,Bedminster Township,0,1,0,0,"8,242"
Massachusetts,Cities,Belchertown,0,1,0,0,"14,751"
Idaho,Cities,Bellevue,1,0,0,0,"2,283"
Kentucky,Cities,Bellevue,0,1,1,0,"6,011"
Washington,Cities,Bellevue,1,1,1,0,"126,022"
California,Cities,Bellflower,0,0,0,1,"77,886"
Washington,Cities,Bellingham,2,2,5,1,"82,665"
Tennessee,Cities,Bells,0,1,0,0,"2,452"
Illinois,Cities,Bellwood,0,0,0,1,"19,165"
New Jersey,Cities,Belmar,0,0,1,0,"5,829"
Massachusetts,Cities,Belmont,0,2,0,0,"25,209"
New Hampshire,Cities,Belmont,0,0,0,1,"7,385"
Kansas,Cities,Beloit,1,0,0,0,"3,808"
Missouri,Cities,Belton,0,1,0,0,"23,295"
Minnesota,Cities,Bemidji,1,,,,"13,745"
Oregon,Cities,Bend,2,2,1,1,"78,458"
California,Cities,Benicia,1,0,0,0,"27,459"
South Carolina,Cities,Bennettsville,0,1,0,0,"9,034"
Arkansas,Cities,Benton,0,0,1,0,"31,486"
Michigan,Cities,Benton Township,1,0,0,1,"14,771"
Arkansas,Cities,Bentonville,2,0,0,0,"36,433"
Kentucky,Cities,Berea,0,0,1,0,"13,798"
New Jersey,Cities,Bergenfield,0,0,0,1,"27,072"
California,Cities,Berkeley,1,1,5,1,"114,961"
Michigan,Cities,Berkley,0,0,1,1,"15,078"
Connecticut,Cities,Berlin,0,1,0,0,"19,935"
New Jersey,Cities,Bernards Township,0,1,0,1,"26,903"
Michigan,Cities,Berrien Springs-Oronoko Township,0,0,0,2,"9,206"
Colorado,Cities,Berthoud,1,0,0,0,"5,278"
Iowa,Cities,Bettendorf,0,1,0,0,"33,729"
North Dakota,Cities,Beulah,0,0,1,0,"3,202"
Massachusetts,Cities,Beverly,1,1,0,0,"40,150"
California,Cities,Beverly Hills,0,2,2,1,"34,677"
Michigan,Cities,Beverly Hills,0,1,0,1,"10,341"
Ohio,Cities,Bexley,0,1,1,0,"13,220"
Massachusetts,Cities,Billerica,0,0,1,0,"41,016"
Montana,Cities,Billings,1,4,1,2,"106,371"
Mississippi,Cities,Biloxi,0,1,0,2,"45,037"
New York,Cities,Binghamton,0,2,0,0,"47,250"
Michigan,Cities,Birmingham,2,1,1,0,"20,250"
North Dakota,Cities,Bismarck,3,0,4,2,"64,103"
Washington,Cities,Black Diamond,0,0,1,0,"4,279"
Michigan,Cities,Blackman Township,1,0,0,1,"37,782"
South Carolina,Cities,Blacksburg,0,0,1,0,"1,873"
Virginia,Cities,Blacksburg,0,0,0,1,"43,070"
Virginia,Cities,Blackstone,0,1,1,0,"3,656"
Minnesota,Cities,Blaine,1,3,,,"57,953"
Michigan,Cities,Blissfield,0,0,1,0,"3,326"
Connecticut,Cities,Bloomfield,0,0,1,0,"20,557"
Michigan,Cities,Bloomfield Township,0,0,4,1,"41,367"
Illinois,Cities,Bloomington,0,0,0,1,"77,107"
Indiana,Cities,Bloomington,1,2,6,4,"81,636"
Ohio,Cities,Blue Ash,0,0,1,0,"12,082"
Tennessee,Cities,Bluff City,0,0,0,1,"1,753"
South Carolina,Cities,Bluffton,1,0,0,0,"12,855"
Ohio,Cities,Boardman,1,0,0,0,"40,608"
Oregon,Cities,Boardman,1,0,0,0,"3,241"
Idaho,Cities,Boise,6,4,5,3,"211,569"
Massachusetts,Cities,Bolton,1,1,0,0,"4,959"
Massachusetts,Cities,Boston,37,38,21,27,"630,648"
Washington,Cities,Bothell,0,1,1,0,"34,389"
Colorado,Cities,Boulder,0,1,0,0,"100,257"
Utah,Cities,Bountiful,1,2,1,4,"43,888"
Maryland,Cities,Bowie,1,0,0,0,"55,765"
Kentucky,Cities,Bowling Green,1,2,3,3,"59,043"
Ohio,Cities,Bowling Green,0,0,1,2,"30,219"
New Jersey,Cities,Bradley Beach,0,0,1,0,"4,323"
Massachusetts,Cities,Braintree,0,1,2,2,"36,310"
California,Cities,Brentwood,0,1,0,0,"52,811"
New Jersey,Cities,Brick Township,0,1,0,0,"75,809"
Connecticut,Cities,Bridgeport,0,2,1,3,"146,030"
New Jersey,Cities,Bridgeton,0,1,0,0,"25,378"
Utah,Cities,Brigham City,1,0,1,0,"18,255"
Tennessee,Cities,Brighton,0,0,0,1,"2,769"
Connecticut,Cities,Bristol,0,1,0,0,"60,688"
New Hampshire,Cities,Bristol,0,0,2,0,"3,053"
Oklahoma,Cities,Bristow,,1,0,0,"4,279"
Massachusetts,Cities,Brookline,0,0,0,1,"59,658"
Minnesota,Cities,Brooklyn Park,2,1,,,"77,346"
Arkansas,Cities,Bryant,0,0,0,1,"17,129"
Michigan,Cities,Buchanan,0,1,1,0,"4,462"
California,Cities,Buena Park,0,2,1,0,"82,505"
New York,Cities,Buffalo,2,12,13,9,"262,434"
California,Cities,Burbank,2,5,1,1,"105,057"
Washington,Cities,Burien,1,2,0,1,"34,310"
Texas,Cities,Burkburnett,1,0,0,0,"10,901"
Texas,Cities,Burleson,0,1,0,0,"37,774"
Massachusetts,Cities,Burlington,0,1,0,0,"24,975"
Vermont,Cities,Burlington,0,1,3,1,"42,616"
California,Cities,Calabasas,0,1,1,0,"23,442"
Wisconsin,Cities,Caledonia,0,1,0,0,"24,764"
California,Cities,Calimesa,0,0,0,2,"8,136"
California,Cities,Camarillo,0,0,2,2,"66,506"
Maryland,Cities,Cambridge,0,0,1,1,"12,454"
Massachusetts,Cities,Cambridge,2,2,2,4,"106,981"
South Carolina,Cities,Camden,0,1,0,0,"6,968"
New Jersey,Cities,Camden ,0,1,2,1,"77,665"
California,Cities,Campbell,1,0,0,0,"40,339"
Kentucky,Cities,Campbellsville,1,0,1,0,"9,209"
Ohio,Cities,Canfield,0,1,0,0,"7,464"
Colorado,Cities,Canon City,0,0,1,1,"16,727"
Connecticut,Cities,Canton,0,0,1,0,"10,328"
Illinois,Cities,Canton,1,0,0,0,"14,673"
Michigan,Cities,Canton Township,0,0,1,1,"89,312"
Michigan,Cities,Capac,0,0,1,2,"1,874"
Florida,Cities,Cape Coral,0,0,0,1,"159,625"
California,Cities,Capitola,0,0,1,0,"10,085"
Ohio,Cities,Cardington,0,0,0,1,"2,047"
Pennsylvania,Cities,Carlisle,1,0,0,0,"19,103"
New Jersey,Cities,Carney's Point Township,1,0,0,0,"8,068"
North Carolina,Cities,Carolina Beach,0,0,1,0,"5,867"
Illinois,Cities,Carpentersville,0,1,0,0,"38,080"
California,Cities,Carson,0,2,1,0,"93,233"
North Carolina,Cities,Carthage,0,0,1,0,"2,255"
Massachusetts,Cities,Carver,0,0,1,0,"11,676"
Florida,Cities,Casselberry,0,1,0,0,"26,747"
Michigan,Cities,Cedar Springs,0,1,0,0,"3,546"
Colorado,Cities,Centennial,1,1,1,0,"104,022"
Texas,Cities,Center,1,0,0,0,"5,307"
Michigan,Cities,Center Line,0,1,0,0,"8,275"
Ohio,Cities,Centerville,6,3,3,,"24,107"
Utah,Cities,Centerville,0,1,1,0,"15,807"
Illinois,Cities,Centralia,0,0,1,,"13,027"
California,Cities,Cerritos,0,0,0,1,"49,856"
North Carolina,Cities,Chapel Hill,2,1,0,1,"58,586"
Tennessee,Cities,Chapel Hill,1,0,0,0,"1,470"
South Carolina,Cities,Charleston,0,0,1,0,"123,856"
North Carolina,Cities,Charlotte-Mecklenburg,3,1,6,4,"808,504"
Massachusetts,Cities,Charlton,1,0,0,0,"13,142"
Tennessee,Cities,Chattanooga,3,5,8,4,"171,541"
Michigan,Cities,Cheboygan,0,1,0,0,"4,830"
Massachusetts,Cities,Chelsea,0,0,1,0,"35,966"
Michigan,Cities,Chelsea,1,0,0,1,"4,995"
Washington,Cities,Cheney,0,2,0,0,"10,747"
South Carolina,Cities,Cheraw,1,0,0,0,"5,885"
Virginia,Cities,Chesapeake,4,2,3,1,"227,531"
Michigan,Cities,Chesterfield Township,1,0,0,1,"43,474"
Illinois,Cities,Chicago,3,3,4,4,"2,708,382"
California,Cities,Chico,2,0,3,0,"87,090"
Massachusetts,Cities,Chicopee,0,1,1,0,"55,825"
California,Cities,Chino,0,1,1,1,"79,792"
California,Cities,Chino Hills,0,0,1,0,"76,632"
Virginia,Cities,Christiansburg,0,0,1,0,"21,262"
California,Cities,Chula Vista,3,1,0,0,"249,830"
Ohio,Cities,Cincinnati,1,4,6,0,"296,204"
Ohio,Cities,Circleville,1,0,0,0,"13,388"
California,Cities,Citrus Heights,0,0,0,1,"85,112"
Michigan,Cities,Clare,1,1,0,0,"3,130"
California,Cities,Claremont,0,1,1,0,"35,469"
West Virginia,Cities,Clarksburg,0,1,1,1,"16,649"
New York,Cities,Clarkstown Town,0,1,,3,"80,186"
Tennessee,Cities,Clarksville,1,4,1,0,"137,356"
Michigan,Cities,Clawson,1,0,0,0,"11,909"
Ohio,Cities,Clearcreek Township,1,0,0,0,"14,224"
California,Cities,Clearlake,2,0,2,0,"15,311"
Florida,Cities,Clermont,1,0,0,0,"29,523"
Ohio,Cities,Cleveland,0,4,2,3,"393,781"
Tennessee,Cities,Cleveland,1,0,0,1,"42,068"
South Carolina,Cities,Clinton,0,0,1,0,"8,570"
Utah,Cities,Clinton,0,0,1,0,"21,064"
Michigan,Cities,Clinton Township,8,4,1,1,"97,001"
New Jersey,Cities,Clinton Township,0,0,1,0,"13,514"
Michigan,Cities,Clio,1,0,0,0,"2,625"
South Carolina,Cities,Clover,0,1,0,0,"5,245"
California,Cities,Clovis,1,0,0,1,"97,828"
Idaho,Cities,Coeur d'Alene,1,4,0,0,"45,267"
New York,Cities,Coeymans Town,0,1,0,0,"7,443"
New York,Cities,Cohoes,0,1,0,0,"16,220"
Virginia,Cities,Colonial Heights,0,1,0,0,"17,632"
New York,Cities,Colonie Town,0,0,1,0,"77,853"
Colorado,Cities,Colorado Springs,0,5,7,6,"432,287"
Montana,Cities,Colstrip,0,0,0,1,"2,264"
California,Cities,Colton,0,0,2,0,"53,431"
New Jersey,Cities,Colts Neck Township,0,0,1,2,"10,201"
Missouri,Cities,Columbia,0,1,0,0,"110,646"
South Carolina,Cities,Columbia,2,2,0,1,"131,833"
Tennessee,Cities,Columbia,1,0,0,0,"35,203"
Georgia,Cities,Columbus,2,,,,"196,178"
Kansas,Cities,Columbus,1,0,0,0,"3,295"
Ohio,Cities,Columbus,8,13,16,7,"797,384"
Texas,Cities,Commerce,0,1,1,0,"8,229"
Ohio,Cities,Commercial Point,1,0,0,0,"1,590"
California,Cities,Compton,0,0,0,1,"98,057"
California,Cities,Concord,0,1,1,0,"125,205"
New Hampshire,Cities,Concord,0,1,0,1,"42,815"
Kansas,Cities,Concordia,0,1,0,0,"5,329"
Arizona,Cities,Coolidge,0,,0,1,"12,206"
Texas,Cities,Copperas Cove,0,0,1,0,"33,009"
Florida,Cities,Coral Gables,0,1,1,0,"48,435"
California,Cities,Corona,2,1,0,0,"157,342"
California,Cities,Coronado,1,0,0,0,"19,345"
Texas,Cities,Corpus Christi,1,1,2,0,"312,565"
New York,Cities,Cortland,1,0,0,0,"19,316"
Oregon,Cities,Corvallis,0,1,0,0,"55,062"
Iowa,Cities,Council Bluffs,1,0,1,0,"62,708"
Connecticut,Cities,Coventry,1,1,0,0,"12,451"
Michigan,Cities,Covert Township,0,0,1,0,"2,886"
California,Cities,Covina,2,2,0,0,"48,588"
Kentucky,Cities,Covington,0,0,3,3,"40,914"
Colorado,Cities,Craig,0,0,5,0,"9,357"
New Jersey,Cities,Cranbury Township,1,1,1,0,"3,897"
New Jersey,Cities,Cranford Township,0,1,0,0,"22,864"
New York,Cities,Crawford Town,2,0,1,0,"9,419"
Illinois,Cities,Crest Hill,0,1,0,0,"20,953"
Missouri,Cities,Creve Coeur,0,0,2,0,"17,863"
Missouri,Cities,Crocker,1,0,0,0,"1,136"
New York,Cities,Croton-on-Hudson Village,2,3,0,,"8,171"
Michigan,Cities,Crystal Falls,0,0,1,0,"1,467"
Illinois,Cities,Crystal Lake,0,1,0,1,"40,785"
California,Cities,Cudahy,1,0,0,0,"24,201"
California,Cities,Cupertino,0,1,1,2,"59,769"
California,Cities,Cypress,1,0,0,0,"48,976"
Texas,Cities,Dallas,3,13,12,2,"1,241,549"
California,Cities,Daly City,0,1,0,0,"103,311"
California,Cities,Dana Point,0,0,1,0,"34,172"
Massachusetts,Cities,Danvers,1,3,2,2,"26,934"
Illinois,Cities,Danville,1,0,0,0,"32,997"
Kentucky,Cities,Danville,0,0,0,2,"16,314"
South Carolina,Cities,Darlington,1,0,0,1,"6,313"
California,Cities,Davis,1,2,0,2,"66,628"
Ohio,Cities,Dayton,1,0,0,0,"142,139"
Illinois,Cities,De Kalb,0,1,0,0,"43,722"
Missouri,Cities,De Soto,0,0,1,0,"6,433"
Michigan,Cities,Dearborn,4,8,4,0,"97,215"
Michigan,Cities,Dearborn Heights,3,3,0,0,"57,228"
Illinois,Cities,Decatur,0,1,0,0,"76,131"
Ohio,Cities,Defiance,1,2,1,0,"16,621"
New Jersey,Cities,Delanco Township,1,0,1,0,"4,312"
Florida,Cities,Deland,0,1,0,0,"27,410"
Ohio,Cities,Delaware,0,1,1,0,"35,539"
Texas,Cities,Denison,0,1,2,0,"23,125"
Texas,Cities,Denton,0,1,1,0,"118,942"
Colorado,Cities,Denver,11,8,13,13,"628,545"
Connecticut,Cities,Derby,0,0,0,1,"12,917"
Kansas,Cities,Derby,1,0,1,0,"22,393"
Illinois,Cities,Des Plaines,0,0,1,0,"58,644"
Michigan,Cities,Detroit,1,6,12,3,"707,096"
North Dakota,Cities,Devils Lake,1,0,0,0,"7,305"
California,Cities,Diamond Bar,1,0,0,0,"56,470"
Kansas,Cities,Dodge City,0,0,1,0,"28,064"
New Hampshire,Cities,Dover,0,0,1,0,"30,226"
Vermont,Cities,Dover,1,0,0,0,"1,116"
Illinois,Cities,Downers Grove,0,0,1,0,"48,185"
California,Cities,Downey,0,1,0,0,"113,628"
Massachusetts,Cities,Dracut,0,1,0,0,"30,032"
Utah,Cities,Draper,7,0,3,0,"43,600"
Iowa,Cities,Dubuque,1,0,0,0,"58,460"
New Hampshire,Cities,Dunbarton,0,1,0,0,"2,766"
Colorado,Cities,Durango,0,1,1,0,"17,305"
New Hampshire,Cities,Durham,1,0,1,0,"14,712"
North Carolina,Cities,Durham,2,1,2,0,"235,563"
Tennessee,Cities,Dyersburg,3,1,1,2,"17,223"
New Jersey,Cities,East Brunswick Township,4,1,0,0,"48,009"
New Jersey,Cities,East Greenwich Township,0,0,1,1,"9,630"
New York,Cities,East Hampton Town,0,0,1,,"19,569"
New Jersey,Cities,East Hanover Township,0,1,2,0,"11,274"
Michigan,Cities,East Lansing,0,7,4,0,"48,701"
Ohio,Cities,East Liverpool,2,0,0,0,"11,198"
Massachusetts,Cities,East Longmeadow,0,0,1,0,"15,871"
New Jersey,Cities,East Orange,0,0,1,0,"64,682"
New York,Cities,East Rochester Village,0,0,1,,"6,632"
New Jersey,Cities,East Windsor Township,0,0,1,1,"27,389"
New Jersey,Cities,Eastampton Township,0,1,0,0,"6,109"
Michigan,Cities,Eastpointe,3,3,0,0,"32,511"
California,Cities,Eastvale,0,1,3,0,"55,439"
Ohio,Cities,Eaton,0,2,0,0,"8,369"
Michigan,Cities,Eau Claire,1,0,0,0,626
New Jersey,Cities,Edison Township,2,2,1,1,"101,007"
Washington,Cities,Edmonds,1,0,0,0,"40,609"
Missouri,Cities,Edmundson,1,0,0,0,836
New Jersey,Cities,Egg Harbor City,0,0,1,0,"4,261"
New Jersey,Cities,Egg Harbor Township,1,0,3,1,"43,501"
California,Cities,El Cajon,0,0,0,1,"101,864"
California,Cities,El Monte,2,1,0,2,"115,356"
Texas,Cities,El Paso,2,0,2,0,"675,536"
South Carolina,Cities,Elgin,0,1,0,0,"1,336"
North Carolina,Cities,Elizabeth City,0,0,0,1,"18,883"
Kentucky,Cities,Elizabethtown,1,0,0,0,"29,118"
Minnesota,Cities,Elk River,2,,,,"23,335"
West Virginia,Cities,Elkins,1,0,0,0,"7,108"
Maryland,Cities,Elkton,0,0,1,0,"15,681"
Tennessee,Cities,Elkton,0,0,0,2,581
Washington,Cities,Ellensburg,0,1,0,0,"18,649"
New Jersey,Cities,Elmwood Park,1,0,1,0,"19,627"
Kentucky,Cities,Eminence,1,1,0,0,"2,508"
Michigan,Cities,Emmett Township,0,0,1,1,"11,722"
Kansas,Cities,Emporia,0,1,0,0,"25,099"
Virginia,Cities,Emporia,0,1,0,0,"5,936"
California,Cities,Encinitas,0,0,1,0,"60,960"
Connecticut,Cities,Enfield,1,0,1,2,"44,806"
Colorado,Cities,Englewood,0,1,1,0,"31,358"
Ohio,Cities,Englewood,0,0,0,1,"13,526"
New Hampshire,Cities,Epping,1,0,0,0,"6,443"
Michigan,Cities,Escanaba,2,0,2,1,"12,636"
California,Cities,Escondido,6,0,2,2,"147,386"
Kansas,Cities,Eudora,0,1,0,0,"6,249"
Oklahoma,Cities,Eufaula,0,1,0,0,"2,845"
California,Cities,Eureka,1,0,1,1,"27,469"
Illinois,Cities,Evanston,0,1,0,0,"74,820"
Minnesota,Cities,Eveleth,0,1,,,"3,742"
Massachusetts,Cities,Everett,1,0,1,0,"42,476"
Washington,Cities,Everett,0,1,1,0,"105,318"
Texas,Cities,Everman,0,0,0,1,"6,342"
New Jersey,Cities,Evesham Township,2,1,4,5,"45,849"
New Jersey,Cities,Ewing Township,2,2,0,2,"36,388"
Vermont,Cities,Fair Haven,0,0,2,0,"2,716"
New Jersey,Cities,Fair Lawn,4,0,0,1,"32,830"
Illinois,Cities,Fairbury,0,0,1,0,"3,751"
West Virginia,Cities,Fairmont,0,0,0,1,"18,764"
Kentucky,Cities,Falmouth,0,0,0,1,"2,152"
Massachusetts,Cities,Falmouth,0,0,1,0,"31,794"
North Dakota,Cities,Fargo,5,4,4,2,"109,813"
Michigan,Cities,Farmington,1,0,0,1,"10,446"
Michigan,Cities,Farmington Hills,1,2,2,1,"80,316"
North Carolina,Cities,Fayetteville,1,0,2,5,"205,966"
Washington,Cities,Federal Way,2,1,1,1,"91,978"
Michigan,Cities,Fenton,0,1,1,0,"11,662"
Michigan,Cities,Ferndale,0,1,0,0,"20,045"
Washington,Cities,Ferndale,0,0,1,0,"11,677"
Washington,Cities,Fircrest,0,1,0,0,"6,637"
Massachusetts,Cities,Fitchburg,0,2,0,0,"40,809"
Arizona,Cities,Flagstaff,0,2,0,3,"66,633"
Michigan,Cities,Flat Rock,0,0,2,0,"9,785"
Kentucky,Cities,Flemingsburg,0,0,0,1,"2,693"
Michigan,Cities,Flint,2,1,0,1,"101,632"
Michigan,Cities,Flint Township,2,0,0,0,"31,677"
Kentucky,Cities,Florence,0,1,1,0,"30,765"
South Carolina,Cities,Florence,0,0,1,0,"37,681"
New Jersey,Cities,Florence Township,1,0,0,0,"12,192"
Michigan,Cities,Flushing,0,0,0,1,"8,322"
South Carolina,Cities,Folly Beach,0,1,0,0,"2,700"
Wisconsin,Cities,Fond du Lac,0,2,0,0,"43,319"
South Carolina,Cities,Forest Acres,0,0,1,1,"10,596"
Texas,Cities,Forney,0,0,1,0,"15,174"
Michigan,Cities,Forsyth Township,0,1,0,0,"6,230"
Colorado,Cities,Fort Collins,0,0,1,1,"148,792"
Florida,Cities,Fort Lauderdale,0,0,1,0,"170,827"
New Jersey,Cities,Fort Lee,0,1,0,1,"35,754"
South Carolina,Cities,Fort Mill,0,0,0,1,"11,132"
Florida,Cities,Fort Myers,1,0,0,0,"64,379"
Kansas,Cities,Fort Scott,0,0,0,1,"8,031"
Arkansas,Cities,Fort Smith,0,0,1,0,"87,483"
Kentucky,Cities,Fort Thomas,0,1,0,0,"16,478"
Texas,Cities,Fort Worth,3,4,3,4,"770,101"
Colorado,Cities,Fountain,0,0,3,1,"26,841"
California,Cities,Fountain Valley,1,0,0,0,"56,674"
California,Cities,Fowler,1,0,0,0,"5,698"
Massachusetts,Cities,Framingham,0,0,0,1,"69,605"
Kentucky,Cities,Frankfort,1,1,0,0,"25,648"
Indiana,Cities,Franklin,1,,0,,"24,115"
Tennessee,Cities,Franklin,1,0,0,0,"64,848"
New Jersey,Cities,Franklin Lakes,0,0,1,1,"10,712"
New Jersey,Cities,Franklin Township: Gloucester County,0,1,0,0,"16,952"
Michigan,Cities,Fraser,0,3,0,1,"14,512"
New Jersey,Cities,Freehold,2,1,1,0,"12,122"
New Jersey,Cities,Freehold Township,2,3,1,0,"36,397"
Nebraska,Cities,Fremont,1,1,0,0,"26,641"
California,Cities,Fresno,2,2,2,2,"506,011"
Colorado,Cities,Frisco,0,1,0,0,"2,717"
Virginia,Cities,Front Royal,0,1,1,1,"14,718"
California,Cities,Fullerton,0,0,0,1,"138,455"
Kentucky,Cities,Fulton,0,2,0,0,"2,428"
Ohio,Cities,Gahanna,1,0,0,0,"33,692"
Florida,Cities,Gainesville,1,0,3,1,"127,036"
Virginia,Cities,Galax,0,1,0,0,"7,060"
New Jersey,Cities,Galloway Township,4,2,0,2,"37,506"
Idaho,Cities,Garden City,0,1,0,0,"11,293"
Michigan,Cities,Garden City,1,1,1,0,"27,428"
California,Cities,Garden Grove,1,1,0,0,"175,079"
California,Cities,Gardena,0,1,0,0,"59,802"
Texas,Cities,Garland,0,1,0,0,"234,984"
North Carolina,Cities,Gastonia,0,0,0,1,"72,782"
Michigan,Cities,Genesee Township,0,0,1,0,"21,407"
Ohio,Cities,Genoa Township,0,0,1,0,"23,643"
Kentucky,Cities,Georgetown,0,0,0,1,"29,765"
New Jersey,Cities,Gibbsboro,1,0,0,0,"2,283"
Arizona,Cities,Gilbert,0,1,0,1,"214,264"
California,Cities,Gilroy,1,0,0,0,"50,042"
Ohio,Cities,Girard,0,1,0,0,"9,906"
Texas,Cities,Gladewater,0,0,1,0,"6,612"
Missouri,Cities,Gladstone,0,0,1,0,"25,832"
New Jersey,Cities,Glassboro,0,0,0,2,"18,718"
Connecticut,Cities,Glastonbury,0,0,1,0,"34,547"
New Jersey,Cities,Glen Ridge,0,1,0,0,"7,576"
New Jersey,Cities,Glen Rock,1,0,0,0,"11,734"
Arizona,Cities,Glendale,1,,4,3,"232,997"
California,Cities,Glendale,0,0,0,1,"194,902"
Colorado,Cities,Glendale,0,0,1,2,"4,493"
New York,Cities,Glens Falls,0,1,0,0,"14,807"
Colorado,Cities,Glenwood Springs,0,0,1,2,"9,727"
New York,Cities,Gloversville,0,1,0,0,"15,705"
Tennessee,Cities,Goodlettsville,0,1,0,1,"16,310"
South Carolina,Cities,Goose Creek,0,1,0,0,"37,387"
Massachusetts,Cities,Grafton,0,0,1,0,"17,986"
Missouri,Cities,Grain Valley,0,0,1,0,"12,922"
Michigan,Cities,Grand Blanc,0,0,1,0,"8,210"
Michigan,Cities,Grand Blanc Township,2,1,0,1,"37,206"
Michigan,Cities,Grand Haven,0,1,0,0,"10,519"
Colorado,Cities,Grand Junction,1,0,3,0,"59,516"
Michigan,Cities,Grand Ledge,0,1,0,0,"7,814"
Michigan,Cities,Grand Rapids,2,0,0,4,"189,953"
Michigan,Cities,Grandville,0,1,0,0,"15,538"
Idaho,Cities,Grangeville,0,1,0,0,"3,198"
Kentucky,Cities,Graymoor-Devondale,0,1,0,0,"2,897"
Colorado,Cities,Greeley,3,1,2,0,"96,276"
New Jersey,Cities,Green Brook Township,1,0,0,0,"7,270"
Florida,Cities,Green Cove Springs,1,0,0,0,"7,053"
New York,Cities,Greenburgh Town,1,0,0,,"43,409"
California,Cities,Greenfield,1,0,0,0,"16,765"
Ohio,Cities,Greenhills,0,1,1,0,"3,605"
North Carolina,Cities,Greensboro,2,0,0,0,"276,134"
Michigan,Cities,Greenville,0,0,1,0,"8,466"
Texas,Cities,Greenville,0,0,1,0,"26,061"
Michigan,Cities,Grosse Pointe Woods,1,1,1,0,"15,981"
Connecticut,Cities,Groton,0,0,1,0,"10,397"
Connecticut,Cities,Groton Town,2,0,1,0,"29,231"
Ohio,Cities,Grove City,0,0,0,2,"36,050"
Ohio,Cities,Groveport,0,1,0,0,"5,435"
Mississippi,Cities,Gulfport,3,3,6,2,"69,369"
Oklahoma,Cities,Guthrie,1,0,0,0,"10,409"
New Jersey,Cities,Guttenberg,0,0,1,0,"11,355"
New Jersey,Cities,Haddon Township,0,2,0,0,"14,766"
New Jersey,Cities,Haddonfield,0,0,0,1,"11,639"
Massachusetts,Cities,Hadley,0,0,1,0,"5,288"
Connecticut,Cities,Hamden,0,0,1,0,"61,032"
Ohio,Cities,Hamilton,0,1,0,0,"62,791"
New Jersey,Cities,Hamilton Township: Mercer County,0,0,1,0,"89,111"
Ohio,Cities,Hamilton Township: Warren County,1,0,0,0,"21,033"
Indiana,Cities,Hammond,0,,1,0,"81,010"
New Jersey,Cities,Hammonton,2,0,0,0,"14,852"
Michigan,Cities,Hamtramck,0,2,0,1,"22,214"
Michigan,Cities,Hancock,1,0,0,0,"4,638"
California,Cities,Hanford,0,0,0,1,"54,787"
New Jersey,Cities,Hardyston Township,0,0,0,1,"8,212"
Michigan,Cities,Harper Woods,0,0,0,2,"14,102"
Pennsylvania,Cities,Harrisburg,0,0,1,0,"49,753"
New Jersey,Cities,Harrison,1,0,0,0,"13,841"
New Jersey,Cities,Harrison Township,0,1,1,1,"12,514"
Virginia,Cities,Harrisonburg,1,0,2,0,"50,524"
Kentucky,Cities,Harrodsburg,1,0,0,1,"8,342"
Connecticut,Cities,Hartford,2,1,1,0,"125,203"
Michigan,Cities,Hartford,0,1,0,0,"2,686"
Oklahoma,Cities,Hartshorne,1,0,0,0,"2,128"
Massachusetts,Cities,Harvard,0,1,0,0,"6,595"
Michigan,Cities,Hastings,1,0,0,0,"7,313"
Massachusetts,Cities,Haverhill,4,3,0,1,"61,897"
California,Cities,Hawaiian Gardens,1,0,0,1,"14,493"
California,Cities,Hawthorne,1,0,1,0,"85,692"
New Jersey,Cities,Hawthorne,0,2,0,0,"18,914"
Kansas,Cities,Hays,1,0,0,0,"20,823"
Kansas,Cities,Haysville,1,0,0,0,"10,939"
California,Cities,Hayward,1,1,2,0,"147,424"
Michigan,Cities,Hazel Park,0,1,0,0,"16,542"
Ohio,Cities,Heath,1,0,1,0,"10,356"
Montana,Cities,Helena,0,0,1,1,"28,791"
Utah,Cities,Helper,0,0,0,1,"2,219"
California,Cities,Hemet,1,0,1,0,"81,213"
New York,Cities,Hempstead Village,0,0,1,0,"54,380"
Nevada,Cities,Henderson,1,1,,1,"263,469"
Tennessee,Cities,Hendersonville,0,0,1,0,"52,781"
California,Cities,Hercules,0,1,0,0,"24,682"
California,Cities,Hermosa Beach,0,0,1,0,"19,830"
Virginia,Cities,Herndon,0,0,0,1,"23,966"
California,Cities,Hesperia,0,1,0,0,"92,383"
Kansas,Cities,Hesston,0,1,0,0,"3,744"
North Carolina,Cities,Hickory,1,1,1,0,"40,361"
Texas,Cities,Hickory Creek,0,0,1,0,"3,414"
North Carolina,Cities,High Point,1,2,1,0,"106,801"
California,Cities,Highland,0,0,1,0,"54,403"
Ohio,Cities,Highland Heights,1,,0,0,"8,279"
New Jersey,Cities,Highland Park,10,2,1,2,"14,129"
New Jersey,Cities,Highlands,0,0,1,0,"5,035"
New Jersey,Cities,Hightstown,1,1,0,0,"5,533"
New Jersey,Cities,Hillsborough Township,1,0,0,1,"38,665"
Michigan,Cities,Hillsdale,0,1,1,0,"8,284"
New Jersey,Cities,Hillside Township,0,0,1,0,"21,630"
Massachusetts,Cities,Hingham,2,0,0,0,"22,475"
New Jersey,Cities,Hoboken,4,3,1,1,"50,794"
Michigan,Cities,Holland,0,0,1,0,"33,294"
South Carolina,Cities,Holly Hill,1,0,0,0,"1,280"
Florida,Cities,Homestead,1,1,1,0,"62,785"
Oklahoma,Cities,Hominy,0,1,0,0,"3,585"
New Hampshire,Cities,Hooksett,0,0,1,0,"13,489"
Alabama,Cities,Hoover,2,3,1,0,"82,332"
North Carolina,Cities,Hope Mills,0,0,1,0,"15,594"
Michigan,Cities,Hopkins,0,1,0,0,610
Kentucky,Cities,Hopkinsville,3,2,1,0,"31,499"
Colorado,Cities,Hotchkiss,,1,0,0,942
Michigan,Cities,Houghton,0,0,1,0,"7,716"
Maine,Cities,Houlton,1,0,0,0,"6,095"
Texas,Cities,Houston,4,2,4,3,"2,177,273"
Michigan,Cities,Howard City,0,0,1,0,"1,805"
New Jersey,Cities,Howell Township,5,5,1,4,"51,379"
Ohio,Cities,Hubbard,0,1,0,0,"7,834"
Michigan,Cities,Hudson,0,0,1,0,"2,298"
New Hampshire,Cities,Hudson,1,1,0,0,"24,574"
New York,Cities,Hudson Falls Village,0,0,1,0,"7,314"
California,Cities,Hughson,0,0,0,1,"6,754"
Massachusetts,Cities,Hull,0,0,1,1,"10,441"
West Virginia,Cities,Huntington,1,1,1,0,"49,254"
California,Cities,Huntington Beach,3,0,2,5,"194,677"
Michigan,Cities,Huntington Woods,1,0,1,0,"6,285"
Utah,Cities,Hurricane,1,0,0,1,"14,284"
Kansas,Cities,Hutchinson,1,0,0,0,"42,357"
Kansas,Cities,Independence,1,1,1,0,"9,380"
Kentucky,Cities,Independence,0,0,1,0,"24,927"
Missouri,Cities,Independence,2,2,,2,"117,433"
California,Cities,Inglewood,0,0,1,0,"111,488"
Michigan,Cities,Inkster,1,0,1,0,"25,129"
Minnesota,Cities,Inver Grove Heights,1,,,,"34,394"
South Carolina,Cities,Irmo,0,0,0,1,"11,390"
Michigan,Cities,Ironwood,0,1,0,0,"5,339"
California,Cities,Irvine,2,0,0,1,"217,528"
New York,Cities,Ithaca,1,1,1,0,"30,216"
Michigan,Cities,Jackson,1,3,1,1,"33,449"
Tennessee,Cities,Jackson,0,1,0,0,"65,725"
New Jersey,Cities,Jackson Township,1,0,0,0,"55,400"
Ohio,Cities,Jackson Township: Stark County,0,2,0,0,"40,317"
Florida,Cities,Jacksonville,2,1,0,1,"840,660"
New Jersey,Cities,Jamesburg,1,0,0,0,"5,977"
Tennessee,Cities,Jamestown,5,11,5,9,"1,982"
New Jersey,Cities,Jefferson Township,1,0,0,0,"21,539"
Idaho,Cities,Jerome,0,0,0,2,"11,115"
New Jersey,Cities,Jersey City,1,0,0,0,"251,554"
Tennessee,Cities,Johnson City,2,2,2,0,"64,342"
Colorado,Cities,Johnstown,0,0,1,0,"10,259"
Illinois,Cities,Joliet,0,0,1,0,"148,471"
Arkansas,Cities,Jonesboro,0,1,0,0,"68,807"
Florida,Cities,Jupiter,0,3,0,0,"56,674"
Utah,Cities,Kanab,0,0,0,1,"4,450"
Missouri,Cities,Kansas City,12,14,16,7,"464,073"
Utah,Cities,Kaysville,0,0,1,0,"28,153"
New Jersey,Cities,Keansburg,2,7,2,0,"10,166"
Nebraska,Cities,Kearney,0,1,2,0,"31,392"
New Jersey,Cities,Kearny,2,3,1,0,"41,310"
Michigan,Cities,Keego Harbor,1,0,1,0,"2,992"
Oregon,Cities,Keizer,0,1,0,0,"37,160"
Washington,Cities,Kennewick,1,0,0,0,"76,971"
Washington,Cities,Kent,0,1,0,2,"122,102"
Michigan,Cities,Kentwood,0,1,0,0,"49,220"
Florida,Cities,Key West,2,1,1,0,"25,249"
Texas,Cities,Kilgore,1,0,0,0,"13,306"
North Carolina,Cities,King,0,0,5,0,"6,958"
Tennessee,Cities,Kingsport,2,1,1,0,"49,639"
New Hampshire,Cities,Kingston,1,0,0,0,"6,058"
South Carolina,Cities,Kingstree,0,0,0,1,"3,325"
Washington,Cities,Kirkland,1,3,2,1,"50,243"
Maine,Cities,Kittery,0,0,1,0,"9,548"
Tennessee,Cities,Knoxville,3,5,13,4,"182,254"
Texas,Cities,Kyle,0,0,2,0,"29,732"
Wisconsin,Cities,La Crosse,0,0,1,1,"51,851"
Tennessee,Cities,La Follette,0,1,0,0,"7,481"
Illinois,Cities,La Grange,2,0,0,0,"15,624"
California,Cities,La Habra,0,0,1,0,"61,731"
Colorado,Cities,La Junta,0,0,1,0,"7,187"
California,Cities,La Mesa,1,0,1,0,"58,444"
California,Cities,La Mirada,1,0,0,0,"49,312"
California,Cities,La Quinta,1,0,0,0,"38,690"
New Jersey,Cities,Lacey Township,0,1,2,1,"27,918"
New York,Cities,Lackawanna,1,0,0,0,"18,219"
Colorado,Cities,Lafayette,0,1,3,4,"25,209"
California,Cities,Laguna Beach,0,0,1,0,"23,283"
California,Cities,Laguna Hills,1,0,0,0,"31,090"
Florida,Cities,Lake Clarke Shores,1,0,0,0,"3,462"
California,Cities,Lake Elsinore,1,0,0,0,"53,912"
California,Cities,Lake Forest,0,0,1,0,"79,166"
Washington,Cities,Lake Forest Park,0,1,0,0,"12,975"
Texas,Cities,Lake Jackson,0,0,1,0,"27,862"
Florida,Cities,Lakeland,1,0,0,0,"99,934"
California,Cities,Lakewood,1,0,2,0,"81,382"
Colorado,Cities,Lakewood,0,0,0,2,"146,404"
Ohio,Cities,Lakewood,0,0,1,0,"51,721"
Washington,Cities,Lakewood,0,0,2,0,"59,416"
New Jersey,Cities,Lakewood Township,11,10,11,5,"93,742"
South Carolina,Cities,Lamar,0,1,0,0,988
California,Cities,Lancaster,1,5,1,0,"159,155"
Kentucky,Cities,Lancaster,0,0,0,1,"3,445"
New Hampshire,Cities,Lancaster,0,0,0,1,"3,476"
Pennsylvania,Cities,Lancaster,1,1,0,1,"60,155"
Texas,Cities,Lancaster,2,0,0,0,"37,653"
Michigan,Cities,Lansing,1,2,1,1,"114,688"
Florida,Cities,Largo,0,0,0,2,"78,783"
Nevada,Cities,Las Vegas Metropolitan Police Department,27,18,12,16,"1,479,393"
South Carolina,Cities,Latta,0,0,1,0,"1,378"
California,Cities,Lawndale,0,0,1,0,"33,312"
Kansas,Cities,Lawrence,5,3,4,3,"89,180"
Michigan,Cities,Lawton,0,1,0,0,"1,897"
Kansas,Cities,Leavenworth,0,0,1,0,"35,857"
New Hampshire,Cities,Lebanon,0,0,1,0,"13,145"
Oregon,Cities,Lebanon,1,0,0,0,"15,823"
Tennessee,Cities,Lebanon,1,0,0,0,"26,991"
Missouri,Cities,Lee's Summit,,3,1,1,"91,840"
Florida,Cities,Leesburg,0,0,0,1,"20,668"
California,Cities,Lemon Grove,0,2,0,0,"25,932"
Tennessee,Cities,Lenoir City,0,1,1,0,"8,836"
Maine,Cities,Lewiston,1,0,2,0,"36,519"
Texas,Cities,Lewisville,2,2,4,0,"100,216"
Kentucky,Cities,Lexington,11,12,11,8,"302,332"
South Carolina,Cities,Lexington,0,1,0,0,"18,352"
Tennessee,Cities,Lexington,0,0,1,0,"7,755"
Kansas,Cities,Liberal,0,1,0,0,"20,968"
Ohio,Cities,Liberty Township,0,0,0,1,"12,002"
New Hampshire,Cities,Lincoln,0,1,0,0,"1,661"
Oregon,Cities,Lincoln City,0,1,0,0,"7,969"
New Jersey,Cities,Lincoln Park,1,0,0,0,"10,628"
New Jersey,Cities,Linden,1,1,0,0,"40,926"
Kansas,Cities,Lindsborg,1,0,0,0,"3,483"
North Dakota,Cities,Lisbon,0,0,1,0,"2,182"
New Jersey,Cities,Little Egg Harbor Township,1,2,0,1,"20,261"
New Jersey,Cities,Little Falls Township,0,1,0,0,"14,520"
Colorado,Cities,Littleton,2,0,0,0,"43,229"
California,Cities,Livermore,2,1,0,0,"82,800"
Maine,Cities,Livermore Falls,0,0,0,1,"3,180"
California,Cities,Livingston,0,0,1,0,"13,394"
Michigan,Cities,Livonia,4,2,1,5,"96,028"
California,Cities,Lodi,1,1,1,0,"63,718"
New Jersey,Cities,Lodi,0,2,0,0,"24,415"
Utah,Cities,Logan,0,0,1,0,"49,672"
California,Cities,Lomita,0,0,1,1,"20,591"
Colorado,Cities,Lone Tree,1,3,2,1,"88,925"
California,Cities,Long Beach,0,2,1,1,"469,893"
New Jersey,Cities,Long Hill Township,0,0,0,1,"8,794"
Massachusetts,Cities,Longmeadow,0,0,1,0,"15,936"
Colorado,Cities,Longmont,4,3,0,0,"69,147"
Texas,Cities,Longview,1,1,0,0,"82,554"
Washington,Cities,Longview,2,2,1,1,"37,032"
Tennessee,Cities,Lookout Mountain,0,0,0,1,"1,871"
Ohio,Cities,Lorain,2,1,2,5,"64,148"
California,Cities,Los Angeles,23,33,34,34,"3,855,122"
California,Cities,Los Gatos,0,0,0,1,"30,161"
New Mexico,Cities,Los Lunas,,1,,1,"14,957"
Kentucky,Cities,Louisa,0,0,1,0,"2,500"
Kentucky,Cities,Louisville Metro,1,3,3,2,"666,200"
Massachusetts,Cities,Lowell,0,0,0,1,"108,539"
New Jersey,Cities,Lower Township,1,0,0,0,"22,819"
New York,Cities,Lowville Village,0,0,1,0,"3,486"
Massachusetts,Cities,Ludlow,1,0,0,0,"21,304"
Oklahoma,Cities,Luther,1,0,0,0,"1,252"
Virginia,Cities,Lynchburg,0,0,0,2,"77,347"
Washington,Cities,Lynden,1,0,0,0,"12,223"
Massachusetts,Cities,Lynn,0,1,3,1,"91,846"
Washington,Cities,Lynnwood,0,0,1,0,"36,647"
California,Cities,Lynwood,1,0,0,0,"70,908"
Missouri,Cities,Macon,0,1,0,0,"5,490"
New Jersey,Cities,Madison,1,0,0,0,"16,002"
Wisconsin,Cities,Madison,3,4,3,2,"237,508"
Massachusetts,Cities,Malden,0,0,0,2,"60,605"
California,Cities,Mammoth Lakes,0,1,0,0,"8,373"
New Jersey,Cities,Manalapan Township,2,2,6,0,"39,105"
New Jersey,Cities,Manasquan,1,2,0,1,"5,932"
Virginia,Cities,Manassas,0,1,3,0,"39,733"
Connecticut,Cities,Manchester,6,4,3,3,"58,444"
New Hampshire,Cities,Manchester,0,1,0,1,"110,040"
New Jersey,Cities,Manchester Township,0,1,2,1,"43,491"
Massachusetts,Cities,Manchester-by-the-Sea,0,0,1,0,"5,222"
North Dakota,Cities,Mandan,1,0,0,0,"18,932"
Oklahoma,Cities,Mangum,0,1,0,0,"2,963"
Michigan,Cities,Manistique,1,0,0,0,"3,100"
Minnesota,Cities,Mankato,3,2,,,"39,782"
New York,Cities,Manlius Town,0,1,0,0,"24,678"
Massachusetts,Cities,Mansfield,0,0,0,1,"23,419"
Ohio,Cities,Mansfield,0,3,0,1,"47,480"
New Jersey,Cities,Maple Shade Township,0,0,2,1,"19,261"
Minnesota,Cities,Maplewood,1,,,,"38,719"
Massachusetts,Cities,Marblehead,0,0,0,1,"20,142"
New Jersey,Cities,Margate City,0,0,1,0,"6,380"
Arizona,Cities,Maricopa,2,1,0,0,"44,881"
Ohio,Cities,Marietta,0,0,0,1,"14,079"
Ohio,Cities,Marion,0,0,0,1,"36,687"
New Jersey,Cities,Marlboro Township,1,2,2,0,"40,430"
New Hampshire,Cities,Marlborough,0,0,1,0,"2,060"
Michigan,Cities,Marlette,2,1,0,0,"1,855"
South Dakota,Cities,Martin,1,0,1,0,"1,086"
West Virginia,Cities,Martinsburg,0,1,0,0,"17,487"
California,Cities,Marysville,0,0,1,0,"12,254"
Michigan,Cities,Marysville,0,1,0,0,"9,881"
Ohio,Cities,Mason,1,1,0,0,"31,037"
Tennessee,Cities,Mason,0,0,1,0,"1,626"
Ohio,Cities,Massillon,0,1,1,0,"32,104"
New Jersey,Cities,Matawan,1,0,0,0,"8,862"
Michigan,Cities,Mattawan,0,0,1,0,"1,994"
Kentucky,Cities,Mayfield,0,0,1,0,"10,155"
Kentucky,Cities,Maysville,0,0,1,0,"9,117"
New Jersey,Cities,Maywood,1,0,0,0,"9,665"
Ohio,Cities,McArthur,0,0,1,0,"1,691"
Arkansas,Cities,McGehee,1,0,0,0,"4,157"
Texas,Cities,McKinney,2,2,2,0,"138,105"
New York,Cities,Mechanicville,0,1,0,0,"5,255"
New Jersey,Cities,Medford Township,9,2,0,3,"23,191"
Colorado,Cities,Meeker,0,0,1,0,"2,554"
Florida,Cities,Melbourne,3,5,1,0,"77,133"
Tennessee,Cities,Memphis,11,15,16,19,"657,436"
Massachusetts,Cities,Mendon,0,1,0,0,"5,913"
California,Cities,Merced,1,0,0,0,"80,976"
Washington,Cities,Mercer Island,0,1,0,1,"23,381"
Idaho,Cities,Meridian,0,0,1,0,"77,270"
Michigan,Cities,Meridian Township,2,0,2,0,"39,824"
Kansas,Cities,Merriam,0,1,0,0,"11,237"
New Hampshire,Cities,Merrimack,0,1,1,0,"25,606"
Arizona,Cities,Mesa,,,0,2,"451,391"
Maine,Cities,Mexico,0,1,0,0,"2,677"
Oklahoma,Cities,Miami,,,1,0,"13,660"
Florida,Cities,Miami Gardens,0,0,1,1,"111,177"
Ohio,Cities,Miamisburg,0,1,0,0,"20,273"
Kentucky,Cities,Middlesboro,1,0,0,0,"10,358"
New Jersey,Cities,Middlesex,1,1,4,0,"13,778"
Connecticut,Cities,Middletown,1,2,2,0,"47,878"
New Jersey,Cities,Middletown Township,1,1,1,1,"66,919"
Michigan,Cities,Midland,0,0,2,0,"42,106"
Missouri,Cities,Milan,0,0,1,0,"1,948"
Tennessee,Cities,Milan,1,0,0,1,"7,955"
Connecticut,Cities,Milford,0,1,,1,"52,817"
Washington,Cities,Mill Creek,0,1,0,0,"18,661"
Tennessee,Cities,Millington,1,1,0,0,"10,342"
Massachusetts,Cities,Millis,0,1,0,0,"8,016"
California,Cities,Milpitas,0,1,0,0,"68,433"
Delaware,Cities,Milton,0,0,1,0,"2,650"
New Hampshire,Cities,Milton,1,0,0,0,"4,636"
Wisconsin,Cities,Milwaukee,4,1,2,7,"599,395"
Minnesota,Cities,Minneapolis,8,14,,,"390,240"
Minnesota,Cities,Minnetonka,0,1,0,,"50,758"
Minnesota,Cities,Minnetrista,0,1,,,"8,846"
Wisconsin,Cities,Minocqua,0,0,0,1,"4,372"
Florida,Cities,Miramar,2,1,0,0,"125,998"
Indiana,Cities,Mishawaka,,,1,,"48,363"
Montana,Cities,Missoula,1,2,2,1,"67,758"
Texas,Cities,Missouri City,0,0,1,0,"70,819"
California,Cities,Modesto,2,1,0,2,"204,631"
South Carolina,Cities,Moncks Corner,2,0,0,0,"8,229"
Illinois,Cities,Monmouth,1,0,0,0,"9,504"
Michigan,Cities,Monroe,0,3,1,1,"20,687"
Ohio,Cities,Monroe,0,0,1,0,"14,837"
Washington,Cities,Monroe,0,0,0,1,"17,665"
New Jersey,Cities,Monroe Township: Gloucester County,0,1,0,0,"36,410"
New Jersey,Cities,Monroe Township: Middlesex County,0,4,6,3,"39,539"
New York,Cities,Monroe Village,0,1,1,,"8,458"
California,Cities,Monrovia,0,0,2,0,"37,199"
Massachusetts,Cities,Monson,0,0,1,0,"8,641"
Massachusetts,Cities,Montague,1,0,0,1,"8,540"
California,Cities,Montclair,0,1,1,1,"37,556"
New Jersey,Cities,Montclair,9,3,0,3,"37,912"
California,Cities,Monterey Park,0,1,1,0,"61,270"
New Jersey,Cities,Montgomery Township,1,2,2,0,"22,464"
Kentucky,Cities,Monticello,1,0,0,0,"6,240"
Ohio,Cities,Montpelier,0,1,0,0,"4,067"
Colorado,Cities,Monument,0,2,0,0,"5,744"
New Jersey,Cities,Moorestown Township,1,0,1,0,"20,868"
Minnesota,Cities,Moorhead,1,,,,"38,813"
Ohio,Cities,Moraine,0,1,1,0,"6,336"
Kentucky,Cities,Morehead,0,0,1,0,"6,914"
Michigan,Cities,Morenci,0,1,1,0,"2,211"
California,Cities,Moreno Valley,0,0,0,1,"199,673"
North Carolina,Cities,Morganton,1,0,2,0,"17,085"
West Virginia,Cities,Morgantown,1,0,0,0,"30,294"
New Jersey,Cities,Morris Township,0,1,0,0,"22,534"
Tennessee,Cities,Morristown,1,0,0,0,"29,617"
Vermont,Cities,Morristown,0,1,0,0,"5,273"
New Jersey,Cities,Mount Holly Township,0,1,0,0,"9,602"
New Jersey,Cities,Mount Laurel Township,3,4,0,0,"42,150"
Michigan,Cities,Mount Morris,0,0,1,0,"3,061"
Michigan,Cities,Mount Morris Township,0,0,0,1,"21,326"
New Jersey,Cities,Mount Olive Township,0,1,0,0,"28,412"
South Carolina,Cities,Mount Pleasant,0,0,1,1,"70,016"
Kentucky,Cities,Mount Sterling,1,0,0,0,"6,977"
New York,Cities,Mount Vernon,1,2,0,0,"68,146"
Ohio,Cities,Mount Vernon,2,1,2,1,"17,086"
Washington,Cities,Mount Vernon,1,0,0,0,"32,384"
Kentucky,Cities,Mount Washington,0,1,0,0,"9,237"
South Carolina,Cities,Mullins,2,0,0,0,"4,680"
Michigan,Cities,Mundy Township,2,0,0,0,"14,960"
Tennessee,Cities,Murfreesboro,0,1,0,1,"112,247"
Kentucky,Cities,Murray,0,1,1,0,"17,938"
Utah,Cities,Murray,1,1,1,0,"48,276"
California,Cities,Murrieta,0,0,1,1,"106,839"
Michigan,Cities,Muskegon,1,1,1,0,"38,253"
Michigan,Cities,Muskegon Heights,0,1,0,0,"10,806"
South Carolina,Cities,Myrtle Beach,0,0,0,1,"28,085"
Idaho,Cities,Nampa,0,1,0,2,"83,316"
California,Cities,Napa,0,0,1,0,"78,589"
Tennessee,Cities,Nashville,0,1,3,6,"620,886"
Massachusetts,Cities,Natick,0,1,1,0,"33,646"
California,Cities,National City,0,0,0,2,"59,920"
Connecticut,Cities,Naugatuck,0,0,0,1,"31,896"
Massachusetts,Cities,Needham,0,0,0,1,"29,342"
New Jersey,Cities,Neptune Township,5,5,0,5,"28,101"
Ohio,Cities,New Albany,0,1,0,0,"7,834"
North Carolina,Cities,New Bern,0,0,1,0,"30,195"
Connecticut,Cities,New Britain,0,0,1,0,"73,458"
New Jersey,Cities,New Brunswick,6,3,4,2,"55,717"
Connecticut,Cities,New Canaan,0,1,0,0,"19,992"
Maryland,Cities,New Carrollton,0,0,1,0,"12,366"
Connecticut,Cities,New Haven,5,1,4,2,"129,934"
Michigan,Cities,New Haven,0,1,0,0,"4,650"
Minnesota,Cities,New Hope,1,0,0,,"20,748"
Connecticut,Cities,New London,2,0,3,1,"27,643"
Connecticut,Cities,New Milford,0,1,0,0,"28,047"
Louisiana,Cities,New Orleans,,,1,1,"362,874"
New Jersey,Cities,New Providence,0,0,1,0,"12,298"
New York,Cities,New Rochelle,0,0,1,1,"78,025"
Florida,Cities,New Smyrna Beach,0,0,0,1,"22,788"
New York,Cities,New York,107,97,84,84,"8,289,415"
California,Cities,Newark,0,2,3,0,"43,539"
New Jersey,Cities,Newark,1,0,1,3,"278,906"
Massachusetts,Cities,Newburyport,0,0,0,1,"17,708"
Washington,Cities,Newcastle,0,0,1,0,"10,692"
Connecticut,Cities,Newington,0,1,0,0,"30,668"
Arkansas,Cities,Newport,0,1,0,0,"7,862"
Kentucky,Cities,Newport,0,0,0,1,"15,412"
Oregon,Cities,Newport,1,0,0,2,"10,039"
Rhode Island,Cities,Newport,0,0,0,1,"24,595"
California,Cities,Newport Beach,0,1,4,2,"87,286"
Virginia,Cities,Newport News,1,0,1,0,"181,591"
Kansas,Cities,Newton,0,0,1,0,"19,328"
Massachusetts,Cities,Newton,0,1,1,1,"86,710"
Connecticut,Cities,Newtown,1,0,0,0,"27,904"
New York,Cities,Niagara Falls,1,0,0,0,"50,356"
Kentucky,Cities,Nicholasville,2,0,0,0,"28,366"
New York,Cities,Nissequogue Village,0,0,1,0,"1,763"
Virginia,Cities,Norfolk,1,0,1,0,"245,303"
Illinois,Cities,Normal,0,2,0,0,"52,797"
Ohio,Cities,North Canton,0,0,1,1,"17,464"
New Jersey,Cities,North Hanover Township,0,0,1,0,"7,730"
Nevada,Cities,North Las Vegas,1,2,6,1,"221,884"
New Jersey,Cities,North Plainfield,1,0,0,1,"22,143"
Nebraska,Cities,North Platte,1,0,0,0,"24,806"
Florida,Cities,North Port,1,0,2,1,"58,568"
Texas,Cities,North Richland Hills,0,0,0,1,"65,750"
Illinois,Cities,North Riverside,0,0,1,0,"6,702"
Utah,Cities,North Salt Lake,1,0,1,0,"16,831"
New Jersey,Cities,North Wildwood,0,0,0,1,"4,033"
Kentucky,Cities,Northfield,0,0,0,1,"1,030"
Michigan,Cities,Northfield Township,0,0,1,0,"8,329"
Michigan,Cities,Northville,1,0,0,0,"5,968"
Michigan,Cities,Northville Township,1,0,1,0,"28,224"
Massachusetts,Cities,Norton,0,1,0,0,"19,222"
Ohio,Cities,Norton,0,1,0,0,"12,039"
Michigan,Cities,Norton Shores,1,1,1,0,"23,884"
California,Cities,Norwalk,0,2,0,0,"107,295"
Connecticut,Cities,Norwalk,0,1,0,1,"86,693"
Ohio,Cities,Norwalk,1,0,0,0,"16,976"
Connecticut,Cities,Norwich,3,2,0,0,"40,517"
California,Cities,Novato,1,0,1,0,"52,942"
Michigan,Cities,Novi,0,1,0,0,"55,623"
New Jersey,Cities,Nutley Township,0,0,1,1,"28,554"
Massachusetts,Cities,Oak Bluffs,0,0,0,1,"4,631"
Wisconsin,Cities,Oak Creek,0,0,1,0,"34,715"
Illinois,Cities,Oak Forest,0,1,0,0,"28,097"
Washington,Cities,Oak Harbor,1,0,0,1,"22,457"
Michigan,Cities,Oak Park,1,0,0,1,"29,532"
California,Cities,Oakland,2,6,3,0,"399,487"
Florida,Cities,Oakland Park,0,1,0,0,"42,701"
Michigan,Cities,Oakley,0,1,0,0,287
New Jersey,Cities,Ocean Gate,0,0,0,1,"2,032"
California,Cities,Oceanside,4,3,2,0,"171,141"
Florida,Cities,Ocoee,0,0,0,1,"36,816"
Arkansas,Cities,Ola,1,0,0,0,"1,276"
New Jersey,Cities,Old Bridge Township,2,0,2,0,"66,057"
Maine,Cities,Old Orchard Beach,0,1,1,0,"8,678"
Connecticut,Cities,Old Saybrook,0,0,1,1,"10,293"
Illinois,Cities,Olney,0,0,1,0,"9,125"
Washington,Cities,Omak,0,1,1,0,"4,929"
California,Cities,Ontario,1,0,0,1,"167,933"
California,Cities,Orange,0,0,0,1,"139,692"
Connecticut,Cities,Orange,1,0,0,0,"13,971"
Florida,Cities,Orange Park,1,0,0,0,"8,592"
New York,Cities,Orangetown Town,1,0,0,0,"37,425"
Michigan,Cities,Orchard Lake,0,1,1,0,"2,391"
Ohio,Cities,Oregon,0,1,0,0,"20,205"
California,Cities,Orland,1,0,0,0,"7,361"
Florida,Cities,Orlando,1,2,0,0,"246,513"
Florida,Cities,Ormond Beach,1,0,0,0,"38,674"
Washington,Cities,Orting,0,1,0,0,"6,890"
Michigan,Cities,Oscoda Township,0,0,1,0,"6,907"
Missouri,Cities,Overland,1,0,0,,"16,089"
Florida,Cities,Oviedo,1,0,0,0,"33,985"
Kentucky,Cities,Owensboro,0,1,3,1,"57,751"
Michigan,Cities,Owosso,0,0,1,0,"15,035"
California,Cities,Oxnard,0,1,1,2,"201,797"
California,Cities,Pacifica,0,1,2,0,"38,041"
Kentucky,Cities,Paducah,1,0,2,0,"25,199"
South Carolina,Cities,Pageland,0,1,0,0,"2,733"
New Jersey,Cities,Palisades Park,2,0,0,0,"19,849"
Florida,Cities,Palm Bay,1,0,0,0,"104,635"
California,Cities,Palm Desert,1,0,0,0,"50,021"
California,Cities,Palm Springs,4,2,0,0,"45,996"
California,Cities,Palmdale,7,5,5,0,"155,294"
New Jersey,Cities,Palmyra,1,2,1,0,"7,447"
California,Cities,Palo Alto,0,3,0,1,"66,019"
California,Cities,Paradise,0,1,0,0,"26,492"
Arizona,Cities,Paradise Valley,1,,0,0,"13,177"
Arkansas,Cities,Paragould,1,0,0,0,"26,602"
California,Cities,Paramount,2,1,0,1,"54,997"
New Jersey,Cities,Paramus,2,0,0,0,"26,638"
Kentucky,Cities,Paris,1,0,0,0,"8,580"
Kentucky,Cities,Park Hills,0,0,1,0,"2,991"
New Jersey,Cities,Park Ridge,0,0,0,1,"8,744"
Colorado,Cities,Parker,0,1,0,0,"47,004"
California,Cities,Parlier,0,0,1,0,"14,828"
New Jersey,Cities,Parsippany-Troy Hills Township,0,0,1,0,"53,793"
Kansas,Cities,Parsons,0,0,1,0,"10,507"
California,Cities,Pasadena,0,1,0,1,"139,382"
California,Cities,Paso Robles,0,0,1,0,"30,344"
New Jersey,Cities,Passaic,1,0,0,0,"70,237"
Oklahoma,Cities,Pauls Valley,0,0,1,0,"6,198"
New Jersey,Cities,Paulsboro,0,0,1,0,"6,143"
Rhode Island,Cities,Pawtucket,1,2,0,0,"71,085"
Texas,Cities,Pearland,1,1,1,0,"94,702"
Missouri,Cities,Peculiar,1,0,0,0,"4,645"
New York,Cities,Peekskill,1,1,0,,"23,883"
New Jersey,Cities,Pemberton Township,1,0,0,1,"28,104"
Massachusetts,Cities,Pembroke,0,0,1,0,"18,094"
New Hampshire,Cities,Pembroke,0,1,0,0,"7,137"
Oregon,Cities,Pendleton,0,1,0,0,"16,903"
New Jersey,Cities,Pennsauken Township,0,1,0,0,"36,033"
Florida,Cities,Pensacola,1,2,1,0,"52,909"
Illinois,Cities,Peoria,0,0,0,1,"115,288"
Ohio,Cities,Perry Township: Stark County,1,0,1,0,"28,262"
Pennsylvania,Cities,Philadelphia,8,1,0,2,"1,538,957"
New Jersey,Cities,Phillipsburg,0,1,0,0,"14,973"
Arizona,Cities,Phoenix,47,,39,35,"1,485,509"
California,Cities,Pico Rivera,0,0,0,1,"63,988"
Tennessee,Cities,Pigeon Forge,1,0,0,0,"6,024"
Tennessee,Cities,Pikeville,0,0,2,7,"1,619"
Arkansas,Cities,Pine Bluff,0,0,2,0,"48,522"
New Jersey,Cities,Pine Hill,0,0,0,1,"10,273"
Florida,Cities,Pinellas Park,0,0,0,1,"49,821"
California,Cities,Pinole,1,0,0,0,"18,864"
New Jersey,Cities,Piscataway Township,0,1,2,0,"56,593"
California,Cities,Pittsburg,0,1,0,0,"64,890"
Kansas,Cities,Pittsburg,0,1,0,0,"20,380"
Pennsylvania,Cities,Pittsburgh,2,,,1,"312,112"
Maine,Cities,Pittsfield,0,0,2,0,"4,202"
Michigan,Cities,Pittsfield Township,1,1,1,0,"35,020"
California,Cities,Placerville,0,1,0,0,"10,479"
Illinois,Cities,Plainfield,0,0,1,0,"39,859"
Massachusetts,Cities,Plainville,1,0,0,0,"8,396"
Texas,Cities,Plano,0,3,0,1,"273,816"
Utah,Cities,Pleasant Grove,0,0,1,0,"34,900"
Massachusetts,Cities,Plymouth,3,1,1,3,"57,272"
Michigan,Cities,Plymouth Township,0,0,1,0,"27,262"
New Jersey,Cities,Point Pleasant,0,0,0,1,"18,572"
New Jersey,Cities,Point Pleasant Beach,1,0,0,0,"4,711"
Montana,Cities,Polson,0,1,0,0,"4,555"
California,Cities,Pomona,0,2,1,1,"151,511"
Florida,Cities,Pompano Beach,0,0,3,0,"103,003"
New Jersey,Cities,Pompton Lakes,0,1,2,2,"11,169"
Washington,Cities,Port Angeles,0,0,1,1,"19,342"
Ohio,Cities,Port Clinton,0,0,1,0,"6,050"
Michigan,Cities,Port Huron,1,0,0,0,"29,950"
Florida,Cities,Port St. Lucie,1,0,0,1,"168,416"
Washington,Cities,Port Townsend,0,0,0,1,"9,219"
Michigan,Cities,Portage,1,0,0,0,"46,658"
Maine,Cities,Portland,2,0,4,1,"66,413"
Oregon,Cities,Portland,4,2,1,,"598,037"
Ohio,Cities,Portsmouth,1,0,2,1,"20,170"
Virginia,Cities,Portsmouth,0,0,0,1,"96,739"
New York,Cities,Poughkeepsie,0,0,1,0,"32,967"
New York,Cities,Poughkeepsie Town,0,2,0,1,"42,698"
Washington,Cities,Poulsbo,1,0,0,0,"9,428"
California,Cities,Poway,0,1,0,0,"48,968"
Ohio,Cities,Powhatan Point,0,1,0,0,"1,586"
Kansas,Cities,Pratt,0,1,0,0,"6,885"
Arizona,Cities,Prescott Valley,1,,0,0,"39,407"
Kentucky,Cities,Prestonsburg,1,0,0,0,"3,246"
Utah,Cities,Price,2,0,0,1,"8,799"
Kentucky,Cities,Princeton,1,0,1,0,"6,339"
New Jersey,Cities,Princeton Township,0,0,0,3,"16,384"
Rhode Island,Cities,Providence,1,2,1,0,"177,882"
Massachusetts,Cities,Provincetown,0,0,1,0,"2,966"
Utah,Cities,Provo,0,1,1,0,"116,879"
Colorado,Cities,Pueblo,2,1,0,0,"109,065"
Washington,Cities,Pullman,1,1,0,0,"30,206"
Oklahoma,Cities,Purcell,0,1,0,0,"6,043"
Washington,Cities,Puyallup,0,0,0,1,"37,821"
Illinois,Cities,Quincy,0,1,1,0,"40,684"
Massachusetts,Cities,Quincy,2,3,0,3,"93,736"
Kentucky,Cities,Radcliff,0,1,0,0,"22,148"
Virginia,Cities,Radford,1,0,0,1,"16,595"
New York,Cities,Ramapo Town,1,0,0,0,"85,448"
California,Cities,Rancho Palos Verdes,1,0,0,0,"42,335"
California,Cities,Rancho Santa Margarita,0,0,0,1,"49,038"
Massachusetts,Cities,Randolph,0,0,0,1,"32,624"
New Jersey,Cities,Randolph Township,1,0,0,0,"26,004"
South Dakota,Cities,Rapid City,0,1,3,2,"69,979"
New Jersey,Cities,Raritan,1,0,0,0,"6,945"
Wyoming,Cities,Rawlins,0,1,0,0,"9,337"
Missouri,Cities,Raytown,0,1,1,0,"29,678"
Pennsylvania,Cities,Reading,1,2,0,0,"88,557"
Tennessee,Cities,Red Bank,0,1,0,1,"11,906"
Minnesota,Cities,Red Wing,0,1,,,"16,578"
California,Cities,Redding,2,3,6,3,"90,974"
Michigan,Cities,Redford Township,0,0,1,0,"47,903"
California,Cities,Redlands,0,0,1,0,"70,399"
Washington,Cities,Redmond,0,0,0,1,"55,770"
California,Cities,Redondo Beach,1,3,0,2,"67,856"
California,Cities,Redwood City,0,0,0,1,"78,466"
California,Cities,Reedley,1,0,0,0,"24,747"
North Carolina,Cities,Reidsville,0,1,0,0,"14,616"
Nevada,Cities,Reno,,2,1,2,"230,486"
Washington,Cities,Renton,1,2,3,3,"93,722"
Massachusetts,Cities,Revere,1,0,0,2,"52,926"
Wisconsin,Cities,Rhinelander,0,1,0,0,"7,776"
Minnesota,Cities,Richfield,1,1,0,,"35,953"
California,Cities,Richmond,4,1,0,0,"106,357"
Kentucky,Cities,Richmond,0,1,0,0,"31,890"
Michigan,Cities,Richmond,1,1,0,0,"5,747"
Virginia,Cities,Richmond,1,1,3,0,"207,799"
Texas,Cities,Richwood,0,1,0,0,"3,642"
New Jersey,Cities,Ridgewood,0,0,0,1,"25,244"
New Jersey,Cities,Ringwood,1,1,0,0,"12,306"
Wisconsin,Cities,River Falls,0,0,0,1,"14,927"
California,Cities,Riverside,5,2,3,2,"313,532"
New Jersey,Cities,Riverside Township,2,2,0,1,"8,135"
Virginia,Cities,Roanoke,1,3,1,0,"97,780"
North Carolina,Cities,Roanoke Rapids,0,1,0,0,"15,756"
New Jersey,Cities,Robbinsville Township,0,1,2,0,"13,741"
Michigan,Cities,Rochester,1,0,0,0,"12,802"
Minnesota,Cities,Rochester,1,3,,,"108,582"
New Hampshire,Cities,Rochester,0,2,0,1,"29,992"
New York,Cities,Rochester,1,0,0,0,"211,993"
South Carolina,Cities,Rock Hill,1,1,0,1,"68,064"
Illinois,Cities,Rockford,1,3,2,0,"152,293"
Michigan,Cities,Rockford,0,1,0,0,"5,779"
North Carolina,Cities,Rocky Mount,0,1,0,0,"58,002"
Arkansas,Cities,Rogers,1,0,0,0,"57,757"
Missouri,Cities,Rolla,1,0,1,6,"19,543"
Illinois,Cities,Rolling Meadows,0,0,1,0,"24,216"
Oregon,Cities,Roseburg,0,1,0,0,"21,305"
California,Cities,Rosemead,0,2,0,0,"54,656"
Pennsylvania,Cities,Roseto,1,0,0,0,"1,574"
California,Cities,Roseville,0,0,1,0,"122,896"
Michigan,Cities,Roseville,3,1,0,1,"47,400"
Minnesota,Cities,Roseville,0,1,,,"34,276"
Pennsylvania,Cities,Ross Township,1,0,0,0,"31,222"
Texas,Cities,Round Rock,0,2,0,0,"106,232"
Texas,Cities,Rowlett,0,0,0,1,"58,324"
North Carolina,Cities,Roxboro,1,1,0,0,"8,480"
Michigan,Cities,Royal Oak,1,2,2,2,"57,649"
Maine,Cities,Rumford,0,1,0,0,"5,831"
New Jersey,Cities,Runnemede,3,0,0,0,"8,504"
New Jersey,Cities,Rutherford,1,0,0,0,"18,268"
Maine,Cities,Saco,2,3,1,4,"18,595"
California,Cities,Sacramento,4,5,7,0,"476,557"
New Jersey,Cities,Saddle Brook Township,0,0,0,1,"13,816"
Michigan,Cities,Saginaw,1,0,2,0,"51,267"
Michigan,Cities,Saginaw Township,1,0,0,1,"40,642"
Massachusetts,Cities,Salem,,,2,0,"42,025"
Ohio,Cities,Salem,0,1,1,0,"12,269"
Oregon,Cities,Salem,1,1,1,1,"157,353"
Kansas,Cities,Salina,0,0,1,3,"48,155"
Michigan,Cities,Saline,0,0,0,1,"8,899"
Ohio,Cities,Salineville,0,1,0,0,"1,307"
North Carolina,Cities,Salisbury,1,1,0,2,"33,919"
Oklahoma,Cities,Sallisaw,0,0,1,0,"8,929"
Utah,Cities,Salt Lake City,0,0,0,2,"192,465"
Texas,Cities,San Angelo,0,0,0,2,"95,960"
California,Cities,San Anselmo,0,1,0,0,"12,584"
Texas,Cities,San Antonio,1,5,4,7,"1,380,123"
California,Cities,San Bernardino,0,1,0,0,"214,987"
California,Cities,San Clemente,0,1,0,0,"65,089"
California,Cities,San Diego,10,6,8,10,"1,338,477"
California,Cities,San Dimas,1,0,0,0,"33,923"
California,Cities,San Francisco,8,9,8,10,"820,363"
California,Cities,San Gabriel,1,0,0,0,"40,376"
California,Cities,San Jose,6,2,1,6,"976,459"
California,Cities,San Leandro,2,0,0,1,"86,869"
California,Cities,San Luis Obispo,2,2,0,0,"45,947"
California,Cities,San Marcos,1,0,0,1,"85,810"
California,Cities,San Mateo,1,0,0,0,"99,303"
California,Cities,San Rafael,0,1,0,2,"58,854"
Florida,Cities,Sanford,0,0,0,1,"54,662"
Maine,Cities,Sanford,0,3,2,0,"20,925"
California,Cities,Santa Ana,3,4,0,0,"332,482"
California,Cities,Santa Barbara,,0,0,1,"89,871"
California,Cities,Santa Clarita,4,2,2,1,"179,248"
California,Cities,Santa Cruz,2,3,3,2,"60,902"
California,Cities,Santa Maria,0,1,0,0,"101,207"
California,Cities,Santa Monica,2,4,4,1,"91,215"
California,Cities,Santa Paula,0,0,0,1,"29,899"
California,Cities,Santa Rosa,1,0,0,0,"170,862"
Oklahoma,Cities,Sapulpa,1,0,0,0,"20,818"
New York,Cities,Saranac Lake Village,0,,0,1,"5,420"
California,Cities,Saratoga,0,0,0,1,"30,683"
Michigan,Cities,Saugatuck-Douglas,0,0,1,0,"2,156"
New Jersey,Cities,Sayreville,1,0,0,0,"43,151"
California,Cities,Scotts Valley,0,0,0,1,"11,775"
Arizona,Cities,Scottsdale,,,1,2,"223,432"
New Jersey,Cities,Sea Isle City,0,0,1,0,"2,109"
New Jersey,Cities,Seaside Park,0,0,1,0,"1,595"
Washington,Cities,Seattle,12,24,32,17,"626,865"
New Jersey,Cities,Secaucus,0,1,1,0,"16,517"
Massachusetts,Cities,Seekonk,0,0,1,0,"13,862"
Pennsylvania,Cities,Selinsgrove,0,0,1,0,"5,781"
South Carolina,Cities,Seneca,1,0,0,0,"8,194"
Washington,Cities,Sequim,1,0,0,0,"6,710"
Tennessee,Cities,Sevierville,0,0,1,1,"15,161"
Connecticut,Cities,Seymour,1,1,1,1,"16,558"
Indiana,Cities,Seymour,0,0,1,0,"18,340"
Wisconsin,Cities,Seymour,0,1,0,0,"3,481"
Minnesota,Cities,Shakopee,0,1,,,"38,057"
Massachusetts,Cities,Sharon,1,0,0,0,"17,892"
Tennessee,Cities,Sharon,0,0,1,0,950
Kansas,Cities,Shawnee,1,1,1,0,"63,542"
Wisconsin,Cities,Sheboygan,1,1,1,0,"49,261"
Michigan,Cities,Shelby Township,2,2,1,0,"73,960"
Kentucky,Cities,Shelbyville,1,2,1,0,"14,425"
Connecticut,Cities,Shelton,0,1,0,0,"40,062"
Michigan,Cities,Shepherd,1,0,0,0,"1,524"
Kentucky,Cities,Shepherdsville,2,1,0,0,"11,372"
Colorado,Cities,Sheridan,0,0,1,0,"5,871"
Arkansas,Cities,Sherwood,5,2,1,1,"29,914"
Kentucky,Cities,Shively,1,0,0,1,"15,422"
Washington,Cities,Shoreline,1,0,1,0,"54,574"
Arizona,Cities,Show Low,0,0,1,0,"10,773"
California,Cities,Sierra Madre,1,0,0,0,"11,098"
California,Cities,Simi Valley,3,0,0,0,"126,686"
South Carolina,Cities,Simpsonville,1,0,2,0,"18,829"
Connecticut,Cities,Simsbury,0,1,0,0,"23,591"
South Dakota,Cities,Sioux Falls,5,3,6,1,"158,354"
Illinois,Cities,Skokie,0,2,0,1,"65,096"
Maine,Cities,Skowhegan,0,2,0,0,"8,562"
North Carolina,Cities,Smithfield,1,0,0,0,"11,305"
Missouri,Cities,Smithville,0,0,1,0,"8,563"
Tennessee,Cities,Smyrna,0,1,0,0,"41,284"
Texas,Cities,Socorro,0,0,0,1,"33,326"
Tennessee,Cities,Soddy-Daisy,0,0,0,1,"12,989"
Kentucky,Cities,Somerset,0,1,1,0,"11,325"
Massachusetts,Cities,Somerville,1,0,1,0,"77,200"
New Jersey,Cities,Somerville,0,1,0,0,"12,210"
California,Cities,Sonora,0,1,0,0,"4,911"
New Jersey,Cities,South Brunswick Township,2,3,0,0,"43,875"
Vermont,Cities,South Burlington,0,0,0,2,"18,005"
Tennessee,Cities,South Carthage,0,0,1,0,"1,332"
California,Cities,South Gate,0,0,1,0,"95,966"
Massachusetts,Cities,South Hadley,0,0,0,1,"17,642"
New Jersey,Cities,South Harrison Township,1,0,0,0,"3,188"
Utah,Cities,South Jordan,0,1,1,0,"52,071"
Rhode Island,Cities,South Kingstown,0,0,0,1,"30,524"
Michigan,Cities,South Lyon,1,0,0,0,"11,408"
New Jersey,Cities,South Orange,0,0,1,0,"16,301"
New Jersey,Cities,South Plainfield,1,0,0,2,"23,629"
Utah,Cities,South Salt Lake,0,0,2,0,"24,340"
Massachusetts,Cities,Southborough,0,1,0,0,"9,887"
Michigan,Cities,Southfield,3,2,6,3,"72,253"
Connecticut,Cities,Southington,1,2,1,2,"43,219"
New York,Cities,Southold Town,0,0,0,2,"19,951"
Massachusetts,Cities,Southwick,0,1,0,0,"9,594"
Michigan,Cities,Sparta,0,0,0,1,"4,183"
South Carolina,Cities,Spartanburg,0,0,1,0,"37,689"
Washington,Cities,Spokane,3,1,1,1,"212,163"
Washington,Cities,Spokane Valley,1,1,2,0,"91,164"
New Jersey,Cities,Spotswood,0,0,0,1,"8,342"
Tennessee,Cities,Spring Hill,1,0,1,2,"29,981"
Michigan,Cities,Spring Lake-Ferrysburg,0,1,0,0,"5,269"
Ohio,Cities,Springboro,0,1,0,0,"17,587"
Arkansas,Cities,Springdale,2,0,0,2,"71,668"
Illinois,Cities,Springfield,1,2,3,2,"117,131"
Massachusetts,Cities,Springfield,0,0,0,1,"154,518"
Missouri,Cities,Springfield,0,0,1,,"160,962"
Ohio,Cities,Springfield,1,,3,1,"60,329"
Oregon,Cities,Springfield,1,2,2,1,"60,119"
Ohio,Cities,Springfield Township: Hamilton County,0,0,0,1,"36,225"
Michigan,Cities,St. Charles,1,0,0,0,"2,043"
Missouri,Cities,St. Charles,0,0,0,2,"66,723"
Michigan,Cities,St. Clair,0,0,0,1,"5,442"
Michigan,Cities,St. Clair Shores,0,2,2,0,"59,841"
Minnesota,Cities,St. Cloud,1,1,,,"66,593"
Utah,Cities,St. George,0,1,0,0,"75,780"
Missouri,Cities,St. Louis,0,5,1,0,"318,667"
Minnesota,Cities,St. Louis Park,,2,,,"46,176"
Minnesota,Cities,St. Paul,3,5,,,"290,700"
Missouri,Cities,St. Peters,1,1,1,0,"53,364"
New Jersey,Cities,Stafford Township,2,0,1,0,"26,796"
Connecticut,Cities,Stamford,1,1,2,2,"124,201"
Pennsylvania,Cities,State College,1,0,0,0,"57,020"
North Carolina,Cities,Statesville,0,0,0,1,"25,044"
Oregon,Cities,Stayton,0,1,0,0,"7,788"
Colorado,Cities,Steamboat Springs,0,1,0,0,"12,116"
Colorado,Cities,Sterling,2,0,0,0,"14,929"
Michigan,Cities,Sterling Heights,2,2,0,0,"129,974"
California,Cities,Stockton,0,1,0,1,"299,105"
Massachusetts,Cities,Stoneham,0,0,1,1,"21,852"
North Carolina,Cities,Stoneville,1,0,1,0,"1,064"
Connecticut,Cities,Stonington,0,0,2,1,"18,556"
Massachusetts,Cities,Stoughton,0,0,1,0,"27,392"
Ohio,Cities,Stow,0,0,1,0,"34,709"
Connecticut,Cities,Stratford,2,1,0,0,"52,041"
Florida,Cities,Stuart,1,1,0,0,"15,932"
South Dakota,Cities,Sturgis,0,0,1,0,"6,731"
South Carolina,Cities,Summerville,0,1,2,0,"45,209"
Illinois,Cities,Summit,0,0,1,0,"11,109"
Washington,Cities,Sumner,1,0,0,0,"9,656"
Washington,Cities,Sunnyside,0,1,0,0,"16,271"
California,Cities,Sunnyvale,1,1,1,0,"143,606"
Oregon,Cities,Sutherlin,0,0,0,1,"7,852"
Michigan,Cities,Swartz Creek,1,0,0,0,"5,712"
Utah,Cities,Syracuse,0,1,0,0,"25,090"
Washington,Cities,Tacoma,3,4,2,4,"202,646"
California,Cities,Taft,1,0,0,1,"9,552"
Florida,Cities,Tallahassee,0,1,0,0,"185,461"
New York,Cities,Tarrytown Village,1,0,0,0,"11,415"
Massachusetts,Cities,Taunton,1,1,1,0,"56,438"
Michigan,Cities,Taylor,1,3,1,0,"62,534"
Kentucky,Cities,Taylor Mill,0,0,1,0,"6,650"
South Dakota,Cities,Tea,0,0,1,0,"4,021"
New Jersey,Cities,Teaneck Township,3,0,0,0,"40,230"
South Carolina,Cities,Tega Cay,0,1,0,0,"7,847"
California,Cities,Tehachapi,1,0,0,0,"14,766"
Colorado,Cities,Telluride,0,1,0,0,"2,401"
California,Cities,Temecula,3,1,0,0,"103,414"
Arizona,Cities,Tempe,0,,3,2,"166,061"
Texas,Cities,Temple,0,0,0,1,"68,194"
California,Cities,Temple City,0,0,1,0,"36,148"
Florida,Cities,Temple Terrace,0,0,0,1,"25,659"
New Jersey,Cities,Tenafly,0,1,0,0,"14,654"
Michigan,Cities,Thomas Township,0,0,1,0,"11,927"
North Carolina,Cities,Thomasville,0,2,0,0,"26,994"
California,Cities,Thousand Oaks,0,2,0,1,"129,171"
Michigan,Cities,Three Rivers,0,1,0,0,"7,797"
Pennsylvania,Cities,Throop,0,0,1,0,"4,089"
Oregon,Cities,Tigard,1,,1,,"49,359"
Oregon,Cities,Tillamook,0,0,1,0,"5,037"
Illinois,Cities,Tinley Park,0,0,1,0,"56,992"
New Jersey,Cities,Tinton Falls,3,3,1,2,"17,999"
Massachusetts,Cities,Tisbury,0,0,2,0,"4,040"
Michigan,Cities,Tittabawassee Township,0,0,0,1,"9,688"
Oregon,Cities,Toledo,1,0,0,0,"3,483"
New York,Cities,Tonawanda Town,0,1,0,0,"58,393"
Utah,Cities,Tooele,1,0,0,2,"32,641"
Ohio,Cities,Toronto,0,1,0,0,"5,024"
California,Cities,Torrance,1,1,0,0,"147,851"
Connecticut,Cities,Torrington,1,1,3,3,"36,264"
California,Cities,Tracy,1,0,0,1,"85,047"
Utah,Cities,Tremonton,0,1,1,1,"7,799"
Michigan,Cities,Trenton,0,0,1,1,"18,676"
Ohio,Cities,Trotwood,2,1,0,1,"24,540"
Michigan,Cities,Troy,3,1,0,1,"81,567"
New York,Cities,Tuckahoe Village,0,1,0,0,"6,567"
Arizona,Cities,Tucson,,,4,6,"531,535"
California,Cities,Tulare,0,0,0,1,"60,848"
Pennsylvania,Cities,Tunkhannock,1,0,0,0,"1,839"
New York,Cities,Tupper Lake Village,0,1,0,,"3,684"
California,Cities,Turlock,0,0,0,1,"69,730"
Idaho,Cities,Twin Falls,0,0,0,1,"44,866"
Texas,Cities,Tyler,0,1,0,0,"100,040"
California,Cities,Ukiah,0,1,0,0,"16,172"
California,Cities,Union City,1,0,0,0,"71,089"
Tennessee,Cities,Union City,0,1,0,0,"10,978"
Texas,Cities,University Park,0,0,1,0,"23,842"
Washington,Cities,University Place,0,2,0,0,"31,820"
California,Cities,Upland,0,0,1,0,"75,531"
New Jersey,Cities,Upper Saddle River,0,1,0,0,"8,304"
Illinois,Cities,Urbana,1,0,0,0,"41,537"
Ohio,Cities,Urbana,0,0,1,0,"11,706"
Michigan,Cities,Utica,0,0,0,1,"4,766"
New York,Cities,Utica,0,0,1,1,"62,445"
Massachusetts,Cities,Uxbridge,1,0,0,0,"13,623"
California,Cities,Vallejo,1,0,0,1,"117,912"
Michigan,Cities,Van Buren Township,0,1,1,0,"28,548"
Ohio,Cities,Van Wert,0,1,0,1,"10,792"
Kentucky,Cities,Vanceburg,0,0,1,0,"1,530"
Washington,Cities,Vancouver,2,2,4,3,"166,375"
California,Cities,Ventura,0,2,1,0,"108,511"
Oklahoma,Cities,Verdigris,0,1,0,0,"4,055"
New Jersey,Cities,Verona,0,0,1,1,"13,418"
Kentucky,Cities,Versailles,0,0,0,1,"8,593"
Michigan,Cities,Vicksburg,0,1,1,0,"2,929"
California,Cities,Victorville,0,0,1,1,"118,687"
California,Cities,Villa Park,0,0,0,1,"5,956"
Florida,Cities,Village of Pinecrest,1,0,0,0,"18,912"
Virginia,Cities,Virginia Beach,2,0,0,0,"447,588"
California,Cities,Visalia,1,0,1,0,"127,604"
California,Cities,Vista,0,1,3,0,"96,087"
Ohio,Cities,Wadsworth,1,0,0,0,"21,682"
Michigan,Cities,Walled Lake,1,0,1,0,"7,049"
Connecticut,Cities,Wallingford,2,1,4,0,"45,183"
California,Cities,Walnut Creek,0,0,0,1,"65,816"
South Carolina,Cities,Walterboro,3,1,4,1,"5,411"
Washington,Cities,Wapato,1,0,0,0,"5,123"
South Carolina,Cities,Ware Shoals,2,0,1,0,"2,189"
Michigan,Cities,Warren,4,6,5,4,"134,340"
Ohio,Cities,Warren,1,0,1,2,"41,355"
Rhode Island,Cities,Warwick,0,1,0,0,"82,282"
District of Columbia,Cities,Washington,19,19,19,14,"632,323"
New Jersey,Cities,Washington,0,1,0,0,"6,472"
New Jersey,Cities,Washington Township: Warren County,1,0,0,0,"6,662"
New Jersey,Cities,Watchung,0,1,0,0,"5,857"
Connecticut,Cities,Waterbury,3,0,3,0,"110,486"
Michigan,Cities,Waterford Township,0,1,0,2,"72,224"
New Jersey,Cities,Waterford Township,1,0,0,0,"10,693"
South Dakota,Cities,Watertown,0,2,1,0,"21,902"
New York,Cities,Watervliet,0,1,0,0,"10,285"
North Dakota,Cities,Watford City,1,0,0,0,"1,967"
California,Cities,Watsonville,2,0,0,1,"52,064"
Wisconsin,Cities,Waukesha,0,0,0,1,"71,049"
Wisconsin,Cities,Wausau,1,0,0,0,"39,313"
Michigan,Cities,Wayne,0,1,2,1,"17,427"
Virginia,Cities,Waynesboro,0,0,1,1,"21,546"
New Jersey,Cities,Weehawken Township,0,0,1,0,"12,758"
West Virginia,Cities,Weirton,1,0,0,0,"19,652"
Florida,Cities,Wellington,0,0,0,1,"57,943"
Maine,Cities,Wells,0,0,1,0,"9,648"
Wisconsin,Cities,West Allis,0,1,0,0,"60,870"
Michigan,Cities,West Bloomfield Township,2,2,2,1,"65,157"
Utah,Cities,West Bountiful,0,2,0,0,"5,429"
Kentucky,Cities,West Buechel,,0,0,1,"1,242"
Ohio,Cities,West Chester Township,0,1,0,0,"58,897"
South Carolina,Cities,West Columbia,1,0,0,0,"15,610"
California,Cities,West Covina,0,1,3,2,"107,861"
New Jersey,Cities,West Deptford Township,0,3,0,0,"21,847"
North Dakota,Cities,West Fargo,0,2,2,1,"26,894"
Illinois,Cities,West Frankfort,1,0,0,0,"8,196"
Connecticut,Cities,West Hartford,1,0,1,1,"63,487"
Connecticut,Cities,West Haven,1,1,0,0,"55,626"
California,Cities,West Hollywood,2,5,2,4,"34,971"
Utah,Cities,West Jordan,1,3,0,0,"107,103"
New Jersey,Cities,West Orange,0,0,2,0,"46,505"
New York,Cities,West Seneca Town,0,1,1,0,"44,902"
Utah,Cities,West Valley,0,1,2,1,"133,725"
Rhode Island,Cities,West Warwick,1,0,0,0,"29,053"
New Jersey,Cities,West Windsor Township,0,0,0,1,"27,363"
New Jersey,Cities,Westampton Township,0,1,1,1,"8,873"
Massachusetts,Cities,Westfield,1,0,0,0,"41,485"
New Jersey,Cities,Westfield,1,0,0,0,"30,637"
Michigan,Cities,Westland,1,2,0,2,"83,299"
Colorado,Cities,Westminster,0,0,0,1,"109,461"
New Jersey,Cities,Westville,1,0,0,0,"4,322"
New Jersey,Cities,Westwood,0,0,1,0,"11,033"
Colorado,Cities,Wheat Ridge,1,1,1,0,"30,886"
Illinois,Cities,Wheeling,0,1,0,0,"37,830"
Michigan,Cities,White Cloud,0,0,0,1,"1,407"
Tennessee,Cities,White House,1,0,0,1,"10,505"
Michigan,Cities,White Lake Township,0,2,0,0,"30,236"
New York,Cities,White Plains,1,0,0,0,"57,567"
Ohio,Cities,Whitehall,0,0,1,0,"18,305"
New York,Cities,Whitehall Village,0,1,0,0,"2,626"
Kansas,Cities,Wichita,11,8,4,2,"386,409"
Texas,Cities,Wichita Falls,0,2,0,1,"105,488"
Utah,Cities,Willard,0,0,0,1,"1,806"
Arizona,Cities,Willcox,1,0,0,0,"3,837"
South Carolina,Cities,Williamston,1,0,0,0,"4,002"
New Jersey,Cities,Willingboro Township,0,1,0,0,"31,844"
Delaware,Cities,Wilmington,0,2,1,0,"72,088"
North Carolina,Cities,Wilmington,1,3,2,0,"109,370"
Florida,Cities,Wilton Manors,0,1,1,0,"12,005"
Kentucky,Cities,Winchester,0,1,2,1,"18,374"
Tennessee,Cities,Winchester,1,0,0,0,"8,272"
Colorado,Cities,Windsor,0,1,1,0,"19,330"
Connecticut,Cities,Windsor,0,0,0,1,"29,145"
Connecticut,Cities,Windsor Locks,0,1,0,0,"12,541"
Illinois,Cities,Winnetka,0,0,1,0,"12,247"
South Carolina,Cities,Winnsboro,2,1,3,2,"3,527"
Vermont,Cities,Winooski,1,0,0,0,"7,307"
North Carolina,Cities,Winston-Salem,0,0,1,0,"234,687"
Florida,Cities,Winter Garden,0,0,0,3,"35,768"
Connecticut,Cities,Wolcott,0,1,0,0,"16,697"
Texas,Cities,Wolfe City,0,0,1,0,"1,440"
Illinois,Cities,Wood River,0,0,1,0,"10,630"
New Jersey,Cities,Woodbridge Township,1,1,4,1,"100,612"
New Jersey,Cities,Woodbury,3,0,0,1,"10,251"
New Jersey,Cities,Woodbury Heights,1,0,0,0,"3,078"
Michigan,Cities,Woodhaven,0,0,1,0,"12,752"
Utah,Cities,Woods Cross,0,1,0,0,"10,066"
Ohio,Cities,Wooster,0,0,0,1,"26,137"
Massachusetts,Cities,Worcester,1,0,3,1,"183,247"
Ohio,Cities,Worthington,1,0,1,0,"13,754"
North Carolina,Cities,Wrightsville Beach,0,1,0,0,"2,546"
Michigan,Cities,Wyoming,1,2,1,1,"72,886"
Ohio,Cities,Xenia,0,1,0,0,"25,923"
Washington,Cities,Yakima,0,1,0,0,"93,419"
Massachusetts,Cities,Yarmouth,1,1,2,0,"23,991"
New York,Cities,Yonkers,1,0,2,0,"198,464"
California,Cities,Yorba Linda,0,0,0,1,"65,820"
South Carolina,Cities,York,0,0,1,0,"7,963"
Ohio,Cities,Youngstown,0,1,1,0,"66,567"
Michigan,Cities,Ypsilanti,0,1,1,2,"19,610"
California,Cities,Yucaipa,0,1,0,0,"52,622"
Arizona,Cities,Yuma,1,,1,0,"95,568"
Ohio,Cities,Zanesville,0,1,1,0,"25,529"
North Carolina,Cities,Zebulon,1,0,0,0,"4,619"