agencyName,agencyType,state,recent_population,zeroCount,dnrCount,reportCount,zeroClass,dnrClass,reportClass,popClass
Acadia,Metropolitan Counties,Louisiana,No Data,5,2,21,1,0,5,-1
Accomack,Nonmetropolitan Counties,VIRGINIA,No Data,22,0,6,5,0,1,-1
Ada,Metropolitan Counties,IDAHO,17390,27,0,1,6,0,0,4
Adair,Nonmetropolitan Counties,IOWA,No Data,27,0,1,6,0,0,-1
Adams,Metropolitan Counties,COLORADO,No Data,27,0,1,6,0,0,-1
Aitkin,Nonmetropolitan Counties,MINNESOTA,No Data,20,7,1,5,1,0,-1
Alachua,Metropolitan Counties,FLORIDA,9456,20,0,8,5,0,2,3
Alamance,Metropolitan Counties,NORTH CAROLINA,No Data,27,0,1,6,0,0,-1
Albemarle County Police Department,Metropolitan Counties,VIRGINIA,No Data,4,0,24,1,0,6,-1
Alcona,Nonmetropolitan Counties,MICHIGAN,No Data,27,0,1,6,0,0,-1
Alexander,Metropolitan Counties,ILLINOIS,No Data,27,0,1,6,0,0,-1
Alfalfa,Nonmetropolitan Counties,OKLAHOMA,No Data,27,0,1,6,0,0,-1
Alger,Nonmetropolitan Counties,MICHIGAN,No Data,26,0,2,6,0,0,-1
Allamakee,Nonmetropolitan Counties,Iowa,No Data,19,0,9,4,0,2,-1
Allegan,Nonmetropolitan Counties,MICHIGAN,5088,24,0,4,6,0,1,3
Allegany,Metropolitan Counties,MARYLAND,No Data,26,1,1,6,0,1,-1
Allegany County Bureau of Police,Metropolitan Counties,MARYLAND,No Data,4,0,24,1,0,6,-1
Alleghany,Nonmetropolitan Counties,NORTH CAROLINA,No Data,27,0,1,6,0,0,-1
Allegheny,Metropolitan Counties,PENNSYLVANIA,No Data,23,3,2,5,0,0,-1
Allegheny County Police Department,Metropolitan Counties,PENNSYLVANIA,No Data,24,3,1,6,0,0,-1
Alpine,Nonmetropolitan Counties,CALIFORNIA,5939,27,0,1,6,0,0,3
Amador,Nonmetropolitan Counties,CALIFORNIA,No Data,21,0,7,5,0,1,-1
Amelia,Metropolitan Counties,VIRGINIA,4957,27,0,1,6,0,0,3
Andrew,Metropolitan Counties,MISSOURI,No Data,23,0,5,5,0,1,-1
Androscoggin,Metropolitan Counties,MAINE,No Data,24,0,4,6,0,1,-1
Angelina,Nonmetropolitan Counties,TEXAS,No Data,25,2,1,6,0,0,-1
Anne Arundel,Metropolitan Counties,MARYLAND,No Data,27,0,1,6,0,0,-1
Anne Arundel County Police Department,Metropolitan Counties,MARYLAND,No Data,22,0,6,5,0,1,-1
Anson,Metropolitan Counties,NORTH CAROLINA,2315,27,0,1,6,0,0,3
Antelope,Nonmetropolitan Counties,Nebraska,No Data,11,0,17,2,0,4,-1
Antrim,Nonmetropolitan Counties,MICHIGAN,2662,27,0,1,6,0,0,3
Appanoose,Nonmetropolitan Counties,IOWA,No Data,27,0,1,6,0,0,-1
Appling,Nonmetropolitan Counties,Georgia,No Data,10,5,13,2,1,3,-1
Appomattox,Metropolitan Counties,VIRGINIA,No Data,24,0,4,6,0,1,-1
Aransas,Metropolitan Counties,TEXAS,No Data,27,0,1,6,0,0,-1
Arapahoe,Metropolitan Counties,COLORADO,No Data,11,0,17,2,0,4,-1
Archer,Metropolitan Counties,TEXAS,No Data,27,0,1,6,0,0,-1
Archuleta,Nonmetropolitan Counties,COLORADO,No Data,25,2,1,6,0,0,-1
Arenac,Nonmetropolitan Counties,MICHIGAN,No Data,27,0,1,6,0,0,-1
Arkansas,Nonmetropolitan Counties,ARKANSAS,No Data,27,0,1,6,0,0,-1
Arlington County Police Department,Metropolitan Counties,VIRGINIA,No Data,13,0,15,3,0,3,-1
Armstrong,Metropolitan Counties,TEXAS,No Data,27,0,1,6,0,0,-1
Aroostook,Nonmetropolitan Counties,MAINE,No Data,27,0,1,6,0,0,-1
Ascension,Metropolitan Counties,LOUISIANA,No Data,20,3,5,5,0,1,-1
Ashe,Nonmetropolitan Counties,NORTH CAROLINA,No Data,27,0,1,6,0,0,-1
Ashley,Nonmetropolitan Counties,ARKANSAS,2714,24,3,1,6,0,0,3
Ashtabula,Nonmetropolitan Counties,Ohio,No Data,18,1,9,4,0,2,-1
Assumption,Nonmetropolitan Counties,Louisiana,No Data,19,4,5,4,1,1,-1
Atascosa,Metropolitan Counties,TEXAS,No Data,24,3,1,6,0,0,-1
Atkinson,Nonmetropolitan Counties,Georgia,6817,20,3,5,5,0,1,3
Audrain,Nonmetropolitan Counties,MISSOURI,No Data,26,1,1,6,0,2,-1
Auglaize,Nonmetropolitan Counties,OHIO,No Data,25,0,3,6,0,0,-1
Augusta-Richmond,Metropolitan Counties,GEORGIA,No Data,17,3,8,4,0,2,-1
Autauga,Metropolitan Counties,ALABAMA,No Data,3,1,24,0,0,6,-1
Avery,Nonmetropolitan Counties,NORTH CAROLINA,No Data,27,0,1,6,0,0,-1
Avoyelles,Nonmetropolitan Counties,Louisiana,No Data,1,5,22,0,1,5,-1
Baca,Nonmetropolitan Counties,COLORADO,No Data,27,0,1,6,0,0,-1
Baker,Metropolitan Counties,FLORIDA,2063,27,0,1,6,0,0,3
Baldwin,Nonmetropolitan Counties,ALABAMA,2344,19,8,1,4,2,0,3
Ballard,Nonmetropolitan Counties,KENTUCKY,No Data,23,0,5,5,0,1,-1
Baltimore County,Metropolitan Counties,MARYLAND,No Data,27,0,1,6,0,0,-1
Baltimore County Police Department,Metropolitan Counties,MARYLAND,No Data,11,0,17,2,0,4,-1
Bandera,Metropolitan Counties,TEXAS,No Data,27,0,1,6,0,0,-1
Banks,Nonmetropolitan Counties,GEORGIA,1965,26,1,1,6,0,0,3
Bannock,Metropolitan Counties,IDAHO,No Data,25,2,1,6,0,0,-1
Baraga,Nonmetropolitan Counties,MICHIGAN,No Data,27,0,1,6,0,0,-1
Barber,Nonmetropolitan Counties,KANSAS,No Data,27,0,1,6,0,0,-1
Barbour,Nonmetropolitan Counties,ALABAMA,No Data,15,0,13,3,0,3,-1
Barnes,Nonmetropolitan Counties,NORTH DAKOTA,No Data,26,0,2,6,0,0,-1
Barren,Nonmetropolitan Counties,KENTUCKY,No Data,27,0,1,6,0,0,-1
Barrow,Metropolitan Counties,GEORGIA,No Data,7,1,20,1,0,5,-1
Barry,Metropolitan Counties,MICHIGAN,No Data,27,0,1,6,0,0,-1
Bartholomew,Metropolitan Counties,INDIANA,No Data,27,0,1,6,0,0,-1
Barton,Nonmetropolitan Counties,KANSAS,No Data,20,7,1,5,1,0,-1
Bates,Metropolitan Counties,MISSOURI,No Data,27,0,1,6,0,0,-1
Baxter,Nonmetropolitan Counties,ARKANSAS,1388,24,3,1,6,0,0,3
Baylor,Nonmetropolitan Counties,TEXAS,No Data,27,0,1,6,0,0,-1
Beadle,Nonmetropolitan Counties,SOUTH DAKOTA,No Data,27,0,1,6,0,0,-1
Bear Lake,Nonmetropolitan Counties,IDAHO,No Data,27,0,1,6,0,0,-1
Beauregard,Nonmetropolitan Counties,LOUISIANA,No Data,4,4,20,1,0,5,-1
Beaverhead,Nonmetropolitan Counties,MONTANA,No Data,27,0,1,6,0,0,-1
Beckham,Nonmetropolitan Counties,OKLAHOMA,No Data,27,0,1,6,0,0,-1
Bee,Nonmetropolitan Counties,TEXAS,No Data,27,0,1,6,0,0,-1
Bell,Nonmetropolitan Counties,KENTUCKY,No Data,27,0,1,6,0,0,-1
Beltrami,Nonmetropolitan Counties,MINNESOTA,No Data,19,5,4,4,1,1,-1
Ben Hill,Nonmetropolitan Counties,GEORGIA,No Data,25,2,1,6,0,0,-1
Benewah,Nonmetropolitan Counties,IDAHO,No Data,26,0,2,6,0,0,-1
Bennett,Nonmetropolitan Counties,SOUTH DAKOTA,No Data,27,0,1,6,0,0,-1
Bent,Nonmetropolitan Counties,COLORADO,No Data,26,0,2,6,0,0,-1
Benzie,Nonmetropolitan Counties,MICHIGAN,No Data,21,0,7,5,0,1,-1
Berks,Metropolitan Counties,PENNSYLVANIA,No Data,22,5,1,5,1,0,-1
Bernalillo,Metropolitan Counties,NEW MEXICO,No Data,9,2,17,2,0,4,-1
Berrien,Nonmetropolitan Counties,GEORGIA,No Data,26,1,1,6,0,3,-1
Bertie,Nonmetropolitan Counties,NORTH CAROLINA,No Data,27,0,1,6,0,0,-1
Bexar,Metropolitan Counties,TEXAS,No Data,25,0,3,6,0,0,-1
Bibb,Metropolitan Counties,GEORGIA,No Data,12,7,9,3,1,2,-1
Bienville,Nonmetropolitan Counties,Louisiana,No Data,7,4,17,1,1,4,-1
Big Horn,Nonmetropolitan Counties,MONTANA,No Data,27,0,1,6,0,0,-1
Big Horn ,Nonmetropolitan Counties,Montana,No Data,2,2,24,0,0,6,-1
Big Stone,Nonmetropolitan Counties,Minnesota,No Data,17,2,9,4,0,2,-1
Bingham,Nonmetropolitan Counties,IDAHO,No Data,27,0,1,6,0,0,-1
Blackford,Nonmetropolitan Counties,INDIANA,No Data,17,3,8,4,0,2,-1
Bladen,Nonmetropolitan Counties,NORTH CAROLINA,No Data,26,0,2,6,0,0,-1
Bland,Nonmetropolitan Counties,VIRGINIA,No Data,27,0,1,6,0,0,-1
Bleckley,Nonmetropolitan Counties,GEORGIA,No Data,26,1,1,6,0,0,-1
Bledsoe,Nonmetropolitan Counties,TENNESSEE,No Data,25,0,3,6,0,0,-1
Blount,Metropolitan Counties,ALABAMA,No Data,21,0,7,5,0,1,-1
Blue Earth,Metropolitan Counties,MINNESOTA,No Data,23,4,1,5,1,0,-1
Bollinger,Metropolitan Counties,MISSOURI,No Data,26,1,1,6,0,2,-1
Bon Homme,Nonmetropolitan Counties,SOUTH DAKOTA,No Data,27,0,1,6,0,0,-1
Bond,Metropolitan Counties,ILLINOIS,No Data,23,0,5,5,0,1,-1
Bonner,Nonmetropolitan Counties,IDAHO,No Data,27,0,1,6,0,0,-1
Bonneville,Metropolitan Counties,IDAHO,No Data,26,0,2,6,0,0,-1
Boone,Metropolitan Counties,KENTUCKY,No Data,27,0,1,6,0,0,-1
Borden,Nonmetropolitan Counties,TEXAS,No Data,26,1,1,6,0,0,-1
Bosque,Nonmetropolitan Counties,TEXAS,No Data,27,0,1,6,0,0,-1
Bossier,Metropolitan Counties,LOUISIANA,No Data,21,3,4,5,0,1,-1
Botetourt,Metropolitan Counties,VIRGINIA,No Data,27,0,1,6,0,0,-1
Bottineau,Nonmetropolitan Counties,NORTH DAKOTA,No Data,26,0,2,6,0,0,-1
Boundary,Nonmetropolitan Counties,IDAHO,No Data,27,0,1,6,0,0,-1
Bourbon,Metropolitan Counties,KENTUCKY,1620,26,1,1,6,0,4,3
Bowman,Nonmetropolitan Counties,NORTH DAKOTA,954,22,1,5,5,0,1,2
Box Butte,Nonmetropolitan Counties,Nebraska,No Data,11,0,17,2,0,4,-1
Boyd,Metropolitan Counties,KENTUCKY,1362,23,2,3,5,0,0,3
Boyle,Nonmetropolitan Counties,KENTUCKY,No Data,27,0,1,6,0,0,-1
Bracken,Metropolitan Counties,KENTUCKY,No Data,26,0,2,6,0,0,-1
Branch,Nonmetropolitan Counties,MICHIGAN,No Data,26,0,2,6,0,0,-1
Braxton,Nonmetropolitan Counties,WEST VIRGINIA,No Data,27,0,1,6,0,0,-1
Brazos,Metropolitan Counties,TEXAS,No Data,25,1,2,6,0,0,-1
Breathitt,Nonmetropolitan Counties,Kentucky,No Data,11,0,17,2,0,4,-1
Breckinridge,Nonmetropolitan Counties,KENTUCKY,No Data,26,0,2,6,0,0,-1
Bremer,Metropolitan Counties,IOWA,No Data,27,0,1,6,0,0,-1
Brevard,Metropolitan Counties,FLORIDA,7747,26,0,2,6,0,0,3
Briscoe,Nonmetropolitan Counties,TEXAS,No Data,27,0,1,6,0,0,-1
Broadwater,Nonmetropolitan Counties,MONTANA,No Data,26,0,2,6,0,0,-1
Brooke,Metropolitan Counties,WEST VIRGINIA,No Data,16,0,12,4,0,3,-1
Brooks,Metropolitan Counties,GEORGIA,No Data,27,0,1,6,0,0,-1
Broome,Metropolitan Counties,NEW YORK,No Data,21,2,5,5,0,1,-1
Broward,Metropolitan Counties,FLORIDA,No Data,17,0,11,4,0,2,-1
Brown,Nonmetropolitan Counties,ILLINOIS,No Data,27,0,1,6,0,0,-1
Buckingham,Nonmetropolitan Counties,VIRGINIA,No Data,27,0,1,6,0,0,-1
Bucks,Metropolitan Counties,Pennsylvania,No Data,8,3,17,2,0,4,-1
Bullitt,Metropolitan Counties,KENTUCKY,No Data,16,0,12,4,0,3,-1
Bulloch,Nonmetropolitan Counties,GEORGIA,No Data,25,2,1,6,0,0,-1
Bullock,Nonmetropolitan Counties,ALABAMA,No Data,4,0,24,1,0,6,-1
Buncombe,Metropolitan Counties,NORTH CAROLINA,No Data,15,0,13,3,0,3,-1
Bureau,Nonmetropolitan Counties,ILLINOIS,No Data,27,0,1,6,0,0,-1
Burke,Metropolitan Counties,NORTH CAROLINA,No Data,27,0,1,6,0,0,-1
Burleigh,Metropolitan Counties,NORTH DAKOTA,No Data,27,0,1,6,0,0,-1
Burnett,Nonmetropolitan Counties,WISCONSIN,No Data,21,0,7,5,0,1,-1
Burt,Nonmetropolitan Counties,Nebraska,No Data,11,0,17,2,0,4,-1
Butler,Metropolitan Counties,OHIO,1822,27,0,1,6,0,0,3
Butte,Metropolitan Counties,CALIFORNIA,No Data,27,0,1,6,0,0,-1
Butts,Metropolitan Counties,GEORGIA,No Data,26,1,1,6,0,0,-1
Cabarrus,Metropolitan Counties,NORTH CAROLINA,No Data,24,0,4,6,0,1,-1
Cabell,Metropolitan Counties,WEST VIRGINIA,No Data,27,0,1,6,0,0,-1
Cache,Metropolitan Counties,UTAH,No Data,26,1,1,6,0,0,-1
Caddo,Metropolitan Counties,LOUISIANA,1025,27,0,1,6,0,0,3
Calaveras,Nonmetropolitan Counties,CALIFORNIA,No Data,23,0,5,5,0,1,-1
Calcasieu,Metropolitan Counties,LOUISIANA,No Data,10,0,18,2,0,4,-1
Caldwell,Metropolitan Counties,NORTH CAROLINA,No Data,27,0,1,6,0,0,-1
Caledonia,Nonmetropolitan Counties,VERMONT,24681,27,0,1,6,0,0,4
Calhoun,Metropolitan Counties,MICHIGAN,No Data,23,4,1,5,1,0,-1
Callahan,Metropolitan Counties,TEXAS,No Data,27,0,1,6,0,0,-1
Callaway,Metropolitan Counties,MISSOURI,No Data,27,0,1,6,0,0,-1
Calloway,Nonmetropolitan Counties,KENTUCKY,No Data,24,0,4,6,0,1,-1
Calvert,Metropolitan Counties,MARYLAND,1144,24,3,1,6,0,0,3
Camden County Police Department,Metropolitan Counties,New Jersey,No Data,8,1,19,2,0,4,-1
Cameron,Metropolitan Counties,LOUISIANA,1073,27,0,1,6,0,0,3
Camp,Nonmetropolitan Counties,TEXAS,No Data,27,0,1,6,0,0,-1
Campbell County Police Department,Metropolitan Counties,KENTUCKY,No Data,22,0,6,5,0,1,-1
Canadian,Metropolitan Counties,OKLAHOMA,No Data,27,0,1,6,0,0,-1
Candler,Nonmetropolitan Counties,GEORGIA,No Data,6,2,20,1,0,5,-1
Cannon,Metropolitan Counties,TENNESSEE,No Data,27,0,1,6,0,0,-1
Canyon,Metropolitan Counties,IDAHO,15212,27,0,1,6,0,0,4
Carbon,Metropolitan Counties,MONTANA,No Data,27,0,1,6,0,0,-1
Caribou,Nonmetropolitan Counties,IDAHO,7747,27,0,1,6,0,0,3
Carlton,Metropolitan Counties,MINNESOTA,2080,27,0,1,6,0,0,3
Caroline,Nonmetropolitan Counties,MARYLAND,No Data,27,0,1,6,0,0,-1
Carroll,Nonmetropolitan Counties,ARKANSAS,No Data,27,0,1,6,0,0,-1
Carson City,Metropolitan Counties,NEVADA,No Data,19,0,9,4,0,2,-1
Carter,Nonmetropolitan Counties,KENTUCKY,No Data,27,0,1,6,0,0,-1
Cass,Nonmetropolitan Counties,ILLINOIS,No Data,27,0,1,6,0,0,-1
Cassia,Nonmetropolitan Counties,IDAHO,No Data,23,0,5,5,0,1,-1
Castro,Nonmetropolitan Counties,TEXAS,No Data,27,0,1,6,0,0,-1
Caswell,Nonmetropolitan Counties,NORTH CAROLINA,No Data,27,0,1,6,0,0,-1
Catahoula,Nonmetropolitan Counties,Louisiana,No Data,5,2,21,1,0,5,-1
Catawba,Metropolitan Counties,NORTH CAROLINA,605,27,0,1,6,0,0,2
Catoosa,Metropolitan Counties,GEORGIA,7145,24,3,1,6,0,0,3
Cattaraugus,Nonmetropolitan Counties,NEW YORK,No Data,22,2,4,5,0,1,-1
Cayuga,Nonmetropolitan Counties,NEW YORK,No Data,26,1,1,6,0,1,-1
Cecil,Metropolitan Counties,MARYLAND,No Data,26,0,2,6,0,0,-1
Cedar,Nonmetropolitan Counties,IOWA,No Data,27,0,1,6,0,0,-1
Cerro Gordo,Nonmetropolitan Counties,IOWA,No Data,27,0,1,6,0,0,-1
Chaffee,Nonmetropolitan Counties,COLORADO,2940,26,1,1,6,0,0,3
Chambers,Metropolitan Counties,TEXAS,No Data,26,1,1,6,0,0,-1
Charles,Metropolitan Counties,MARYLAND,No Data,25,0,3,6,0,0,-1
Charles Mix,Nonmetropolitan Counties,SOUTH DAKOTA,No Data,26,0,2,6,0,0,-1
Charlotte,Metropolitan Counties,FLORIDA,No Data,27,0,1,6,0,0,-1
Charlton,Nonmetropolitan Counties,GEORGIA,13430,26,1,1,6,0,1,4
Chatham,Metropolitan Counties,NORTH CAROLINA,1482,27,0,1,6,0,0,3
Chattooga,Nonmetropolitan Counties,GEORGIA,No Data,7,5,16,1,1,4,-1
Chautauqua,Nonmetropolitan Counties,KANSAS,No Data,25,2,1,6,0,0,-1
Chaves,Nonmetropolitan Counties,NEW MEXICO,No Data,11,1,16,2,0,4,-1
Cheatham,Metropolitan Counties,TENNESSEE,No Data,22,0,6,5,0,1,-1
Chelan,Metropolitan Counties,WASHINGTON,No Data,21,0,7,5,0,1,-1
Chemung,Metropolitan Counties,NEW YORK,No Data,27,0,1,6,0,0,-1
Chenango,Nonmetropolitan Counties,NEW YORK,No Data,23,1,4,5,0,1,-1
Cherokee,Nonmetropolitan Counties,ALABAMA,No Data,27,0,1,6,0,0,-1
Cherry,Nonmetropolitan Counties,Nebraska,No Data,3,0,25,0,0,6,-1
Chesterfield,Nonmetropolitan Counties,SOUTH CAROLINA,1446,27,0,1,6,0,0,3
Chesterfield County Police Department,Metropolitan Counties,VIRGINIA,No Data,9,0,19,2,0,4,-1
Cheyenne,Nonmetropolitan Counties,COLORADO,64046,27,0,1,6,0,0,4
Chicot,Nonmetropolitan Counties,ARKANSAS,No Data,27,0,1,6,0,0,-1
Chilton,Metropolitan Counties,ALABAMA,3886,27,0,1,6,0,0,3
Chippewa,Nonmetropolitan Counties,MICHIGAN,No Data,27,0,1,6,0,0,-1
Chisago,Metropolitan Counties,MINNESOTA,No Data,21,4,3,5,1,0,-1
Chittenden,Metropolitan Counties,VERMONT,No Data,27,0,1,6,0,0,-1
Chouteau,Nonmetropolitan Counties,MONTANA,2088,26,1,1,6,0,0,3
Chowan,Nonmetropolitan Counties,NORTH CAROLINA,No Data,27,0,1,6,0,0,-1
Christian,Nonmetropolitan Counties,ILLINOIS,No Data,27,0,1,6,0,0,-1
Churchill,Nonmetropolitan Counties,NEVADA,2973,26,1,1,6,0,6,3
Cibola,Nonmetropolitan Counties,NEW MEXICO,No Data,3,5,20,0,1,5,-1
Citrus,Nonmetropolitan Counties,FLORIDA,No Data,20,0,8,5,0,2,-1
Clackamas,Metropolitan Counties,OREGON,No Data,3,6,19,0,1,4,-1
Claiborne,Nonmetropolitan Counties,TENNESSEE,No Data,27,0,1,6,0,0,-1
Clallam,Nonmetropolitan Counties,WASHINGTON,No Data,20,0,8,5,0,2,-1
Clark,Metropolitan Counties,WASHINGTON,No Data,27,0,1,6,0,0,-1
Clarke,Nonmetropolitan Counties,ALABAMA,No Data,27,0,1,6,0,0,-1
Clay,Metropolitan Counties,FLORIDA,No Data,27,0,1,6,0,0,-1
Clayton County Police Department,Metropolitan Counties,GEORGIA,No Data,17,3,8,4,0,2,-1
Clear Creek,Metropolitan Counties,COLORADO,No Data,27,0,1,6,0,0,-1
Cleburne,Nonmetropolitan Counties,ARKANSAS,30069,27,0,1,6,0,0,4
Clinch,Nonmetropolitan Counties,GEORGIA,No Data,26,1,1,6,0,1,-1
Cloud,Nonmetropolitan Counties,KANSAS,No Data,27,0,1,6,0,0,-1
Coal,Nonmetropolitan Counties,OKLAHOMA,No Data,27,0,1,6,0,0,-1
Cobb,Metropolitan Counties,GEORGIA,No Data,26,1,1,6,0,0,-1
Cobb County Police Department,Metropolitan Counties,GEORGIA,No Data,6,4,18,1,1,4,-1
Cochise,Nonmetropolitan Counties,ARIZONA,No Data,22,4,2,5,1,0,-1
Cocke,Nonmetropolitan Counties,TENNESSEE,No Data,27,0,1,6,0,0,-1
Coconino,Metropolitan Counties,ARIZONA,No Data,24,0,4,6,0,1,-1
Codington,Nonmetropolitan Counties,SOUTH DAKOTA,No Data,24,0,4,6,0,1,-1
Coffee,Nonmetropolitan Counties,ALABAMA,No Data,27,0,1,6,0,0,-1
Coffey,Nonmetropolitan Counties,KANSAS,No Data,27,0,1,6,0,0,-1
Coke,Nonmetropolitan Counties,TEXAS,No Data,27,0,1,6,0,0,-1
Colbert,Metropolitan Counties,ALABAMA,1191,25,2,1,6,0,0,3
Cole,Metropolitan Counties,MISSOURI,No Data,27,0,1,6,0,0,-1
Coles,Nonmetropolitan Counties,ILLINOIS,No Data,24,3,1,6,0,0,-1
Colfax,Nonmetropolitan Counties,NEW MEXICO,1161,27,0,1,6,0,0,3
Colleton,Nonmetropolitan Counties,SOUTH CAROLINA,No Data,20,0,8,5,0,2,-1
Collier,Metropolitan Counties,FLORIDA,No Data,13,2,13,3,0,1,-1
Collin,Metropolitan Counties,TEXAS,No Data,26,0,2,6,0,0,-1
Collingsworth,Nonmetropolitan Counties,TEXAS,No Data,27,0,1,6,0,0,-1
Colorado,Nonmetropolitan Counties,TEXAS,No Data,27,0,1,6,0,0,-1
Colusa,Nonmetropolitan Counties,CALIFORNIA,5937,27,0,1,6,0,0,3
Comal,Metropolitan Counties,TEXAS,No Data,24,0,4,6,0,1,-1
Comanche,Nonmetropolitan Counties,KANSAS,No Data,27,0,1,6,0,0,-1
Concho,Nonmetropolitan Counties,TEXAS,No Data,27,0,1,6,0,0,-1
Conecuh,Nonmetropolitan Counties,ALABAMA,No Data,4,0,24,1,0,6,-1
Conejos,Nonmetropolitan Counties,Colorado,No Data,22,1,5,5,0,1,-1
Contra Costa,Metropolitan Counties,CALIFORNIA,No Data,22,0,6,5,0,1,-1
Cook,Nonmetropolitan Counties,GEORGIA,No Data,20,7,1,5,1,0,-1
Cooke,Nonmetropolitan Counties,TEXAS,No Data,15,0,13,3,0,3,-1
Cooper,Nonmetropolitan Counties,MISSOURI,No Data,27,0,1,6,0,0,-1
Coos,Nonmetropolitan Counties,OREGON,No Data,4,0,24,1,0,6,-1
Coosa,Nonmetropolitan Counties,ALABAMA,No Data,8,3,17,2,0,4,-1
Corson,Nonmetropolitan Counties,SOUTH DAKOTA,No Data,26,0,2,6,0,0,-1
Coryell,Metropolitan Counties,TEXAS,No Data,27,0,1,6,0,0,-1
Coshocton,Nonmetropolitan Counties,OHIO,No Data,22,0,6,5,0,1,-1
Costilla,Nonmetropolitan Counties,Colorado,No Data,16,0,12,4,0,3,-1
Cottle,Nonmetropolitan Counties,TEXAS,No Data,27,0,1,6,0,0,-1
Cotton,Nonmetropolitan Counties,OKLAHOMA,No Data,27,0,1,6,0,0,-1
Cowley,Nonmetropolitan Counties,KANSAS,No Data,26,0,2,6,0,0,-1
Cowlitz,Metropolitan Counties,WASHINGTON,No Data,21,0,7,5,0,1,-1
Craighead,Metropolitan Counties,ARKANSAS,No Data,27,0,1,6,0,0,-1
Craven,Nonmetropolitan Counties,NORTH CAROLINA,No Data,27,0,1,6,0,0,-1
Crawford,Metropolitan Counties,ARKANSAS,No Data,27,0,1,6,0,0,-1
Creek,Metropolitan Counties,Oklahoma,No Data,23,0,5,5,0,1,-1
Crenshaw,Nonmetropolitan Counties,ALABAMA,No Data,4,0,24,1,0,6,-1
Crisp,Nonmetropolitan Counties,GEORGIA,No Data,24,3,1,6,0,0,-1
Crittenden,Metropolitan Counties,ARKANSAS,No Data,27,0,1,6,0,0,-1
Crockett,Nonmetropolitan Counties,TENNESSEE,6595,27,0,1,6,0,0,3
Crook,Nonmetropolitan Counties,OREGON,No Data,27,0,1,6,0,0,-1
Crosby,Metropolitan Counties,TEXAS,No Data,27,0,1,6,0,0,-1
Cross,Nonmetropolitan Counties,ARKANSAS,No Data,27,0,1,6,0,0,-1
Crow Wing,Nonmetropolitan Counties,MINNESOTA,No Data,21,5,2,5,1,0,-1
Crowley,Nonmetropolitan Counties,COLORADO,15272,27,0,1,6,0,0,4
Culberson,Nonmetropolitan Counties,TEXAS,No Data,27,0,1,6,0,0,-1
Cumberland,Metropolitan Counties,MAINE,2142,27,0,1,6,0,0,3
Cuming,Nonmetropolitan Counties,Nebraska,No Data,11,0,17,2,0,4,-1
Currituck,Metropolitan Counties,NORTH CAROLINA,No Data,23,0,5,5,0,1,-1
Curry,Nonmetropolitan Counties,NEW MEXICO,No Data,8,0,20,2,0,5,-1
Custer,Nonmetropolitan Counties,COLORADO,No Data,27,0,1,6,0,0,-1
Dade,Metropolitan Counties,GEORGIA,No Data,26,1,1,6,0,0,-1
Daggett,Nonmetropolitan Counties,UTAH,No Data,23,0,5,5,0,1,-1
Dakota,Metropolitan Counties,MINNESOTA,No Data,18,8,2,4,2,0,-1
Dale,Nonmetropolitan Counties,ALABAMA,1163,21,6,1,5,1,0,3
Dallam,Nonmetropolitan Counties,TEXAS,No Data,27,0,1,6,0,0,-1
Dane,Metropolitan Counties,WISCONSIN,1067,27,0,1,6,0,0,3
Daniels,Nonmetropolitan Counties,MONTANA,No Data,27,0,1,6,0,0,-1
Dare,Nonmetropolitan Counties,NORTH CAROLINA,No Data,27,0,1,6,0,0,-1
Darke,Nonmetropolitan Counties,OHIO,No Data,20,3,5,5,0,1,-1
Daviess,Metropolitan Counties,KENTUCKY,No Data,27,0,1,6,0,0,-1
Dawes,Nonmetropolitan Counties,Nebraska,No Data,11,0,17,2,0,4,-1
De Kalb,Nonmetropolitan Counties,ALABAMA,1653,26,1,1,6,0,0,3
DeKalb,Metropolitan Counties,GEORGIA,No Data,27,0,1,6,0,0,-1
DeKalb County Police Department,Metropolitan Counties,Georgia,No Data,1,3,24,0,0,6,-1
DeSoto,Nonmetropolitan Counties,FLORIDA,53143,24,3,1,6,0,0,4
DeWitt,Nonmetropolitan Counties,Texas,No Data,15,0,13,3,0,3,-1
Deaf Smith,Nonmetropolitan Counties,TEXAS,No Data,27,0,1,6,0,0,-1
Deer Lodge,Nonmetropolitan Counties,MONTANA,No Data,26,0,2,6,0,0,-1
Del Norte,Nonmetropolitan Counties,CALIFORNIA,1588,27,0,1,6,0,0,3
Delaware,Metropolitan Counties,OHIO,38658,24,3,1,6,0,0,4
Dent,Nonmetropolitan Counties,MISSOURI,No Data,27,0,1,6,0,0,-1
Deschutes,Metropolitan Counties,OREGON,No Data,20,0,8,5,0,2,-1
Deuel,Nonmetropolitan Counties,NEBRASKA,No Data,27,0,1,6,0,0,-1
Dickens,Nonmetropolitan Counties,TEXAS,No Data,27,0,1,6,0,0,-1
Dickenson,Nonmetropolitan Counties,VIRGINIA,No Data,27,0,1,6,0,0,-1
Dickey,Nonmetropolitan Counties,NORTH DAKOTA,No Data,27,0,1,6,0,0,-1
Dillon,Nonmetropolitan Counties,SOUTH CAROLINA,6468,27,0,1,6,0,0,3
Dimmit,Nonmetropolitan Counties,TEXAS,No Data,27,0,1,6,0,0,-1
Dinwiddie,Metropolitan Counties,VIRGINIA,No Data,23,1,4,5,0,1,-1
Divide,Nonmetropolitan Counties,North Dakota,No Data,19,0,9,4,0,2,-1
Dixie,Nonmetropolitan Counties,FLORIDA,No Data,20,0,8,5,0,2,-1
Doddridge,Nonmetropolitan Counties,West Virginia,No Data,3,0,25,0,0,6,-1
Dodge,Nonmetropolitan Counties,GEORGIA,No Data,27,0,1,6,0,0,-1
Dolores,Nonmetropolitan Counties,COLORADO,No Data,27,0,1,6,0,0,-1
Doniphan,Metropolitan Counties,KANSAS,1990,27,0,1,6,0,0,3
Donley,Nonmetropolitan Counties,TEXAS,No Data,27,0,1,6,0,0,-1
Dooly,Nonmetropolitan Counties,GEORGIA,No Data,26,1,1,6,0,0,-1
Door,Nonmetropolitan Counties,WISCONSIN,No Data,27,0,1,6,0,0,-1
Dorchester,Nonmetropolitan Counties,MARYLAND,No Data,27,0,1,6,0,0,-1
Dougherty,Metropolitan Counties,Georgia,No Data,22,1,5,5,0,1,-1
Dougherty County Police Department,Metropolitan Counties,Georgia,No Data,19,4,5,4,1,1,-1
Douglas,Metropolitan Counties,COLORADO,6617,27,0,1,6,0,0,3
Drew,Nonmetropolitan Counties,ARKANSAS,No Data,27,0,1,6,0,0,-1
Du Page,Metropolitan Counties,ILLINOIS,No Data,12,0,16,3,0,4,-1
DuPage,Metropolitan Counties,Illinois,No Data,10,0,18,2,0,4,-1
Dubois,Nonmetropolitan Counties,Indiana,No Data,4,2,22,1,0,5,-1
Duchesne,Nonmetropolitan Counties,UTAH,No Data,23,0,5,5,0,1,-1
Dundy,Nonmetropolitan Counties,Nebraska,No Data,7,0,21,1,0,5,-1
Dunklin,Nonmetropolitan Counties,MISSOURI,No Data,27,0,1,6,0,0,-1
Duplin,Nonmetropolitan Counties,NORTH CAROLINA,No Data,27,0,1,6,0,0,-1
Dutchess,Metropolitan Counties,NEW YORK,No Data,24,0,4,6,0,1,-1
Duval,Nonmetropolitan Counties,TEXAS,No Data,27,0,1,6,0,0,-1
Early,Nonmetropolitan Counties,GEORGIA,2842,27,0,1,6,0,0,3
East Baton Rouge,Metropolitan Counties,Louisiana,No Data,1,3,24,0,0,6,-1
East Carroll,Nonmetropolitan Counties,LOUISIANA,No Data,23,0,5,5,0,1,-1
East Feliciana,Metropolitan Counties,Louisiana,No Data,5,1,22,1,0,5,-1
Eaton,Metropolitan Counties,MICHIGAN,5045,27,0,1,6,0,0,3
Echols,Metropolitan Counties,GEORGIA,No Data,26,1,1,6,0,5,-1
Ector,Metropolitan Counties,TEXAS,No Data,27,0,1,6,0,0,-1
Eddy,Nonmetropolitan Counties,NEW MEXICO,No Data,27,0,1,6,0,0,-1
Edgar,Nonmetropolitan Counties,ILLINOIS,1459,27,0,1,6,0,0,3
Edgecombe,Metropolitan Counties,NORTH CAROLINA,No Data,27,0,1,6,0,0,-1
Edmonson,Metropolitan Counties,KENTUCKY,No Data,27,0,1,6,0,0,-1
Edmunds,Nonmetropolitan Counties,SOUTH DAKOTA,No Data,27,0,1,6,0,0,-1
Edwards,Nonmetropolitan Counties,KANSAS,No Data,27,0,1,6,0,0,-1
Effingham,Metropolitan Counties,GEORGIA,1533,27,0,1,6,0,0,3
El Dorado,Metropolitan Counties,CALIFORNIA,18297,27,0,1,6,0,0,4
Elbert,Nonmetropolitan Counties,GEORGIA,No Data,26,1,1,6,0,5,-1
Elk,Nonmetropolitan Counties,KANSAS,No Data,24,3,1,6,0,0,-1
Elkhart,Metropolitan Counties,INDIANA,2011,26,1,1,6,0,0,3
Elliott,Nonmetropolitan Counties,Kentucky,No Data,19,0,9,4,0,2,-1
Elmore,Nonmetropolitan Counties,IDAHO,632,25,1,2,6,0,0,2
Emanuel,Nonmetropolitan Counties,GEORGIA,No Data,25,2,1,6,0,0,-1
Emery,Nonmetropolitan Counties,UTAH,No Data,26,0,2,6,0,0,-1
Emmet,Nonmetropolitan Counties,IOWA,No Data,27,0,1,6,0,0,-1
Emmons,Nonmetropolitan Counties,NORTH DAKOTA,No Data,27,0,1,6,0,0,-1
Erath,Nonmetropolitan Counties,TEXAS,No Data,26,1,1,6,0,0,-1
Erie,Metropolitan Counties,NEW YORK,101972,23,4,1,5,1,0,5
Escambia,Metropolitan Counties,FLORIDA,No Data,15,3,10,3,0,2,-1
Esmeralda,Nonmetropolitan Counties,NEVADA,No Data,15,0,13,3,0,3,-1
Estill,Nonmetropolitan Counties,KENTUCKY,1933,27,0,1,6,0,0,3
Etowah,Metropolitan Counties,ALABAMA,3503,27,0,1,6,0,0,3
Evangeline,Nonmetropolitan Counties,LOUISIANA,No Data,23,0,5,5,0,1,-1
Fairfax County Police Department,Metropolitan Counties,VIRGINIA,No Data,0,0,28,0,0,7,-1
Falls,Nonmetropolitan Counties,TEXAS,No Data,27,0,1,6,0,0,-1
Fannin,Nonmetropolitan Counties,GEORGIA,No Data,27,0,1,6,0,0,-1
Faulk,Nonmetropolitan Counties,SOUTH DAKOTA,No Data,27,0,1,6,0,0,-1
Faulkner,Metropolitan Counties,ARKANSAS,No Data,23,2,3,5,0,0,-1
Fauquier,Metropolitan Counties,VIRGINIA,No Data,25,0,3,6,0,0,-1
Fayette,Nonmetropolitan Counties,OHIO,No Data,27,0,1,6,0,0,-1
Fentress,Nonmetropolitan Counties,TENNESSEE,No Data,27,0,1,6,0,0,-1
Fergus,Nonmetropolitan Counties,MONTANA,No Data,27,0,1,6,0,0,-1
Ferry,Nonmetropolitan Counties,WASHINGTON,No Data,27,0,1,6,0,0,-1
Finney,Nonmetropolitan Counties,KANSAS,No Data,27,0,1,6,0,0,-1
Fisher,Nonmetropolitan Counties,TEXAS,No Data,27,0,1,6,0,0,-1
Flagler,Metropolitan Counties,FLORIDA,No Data,14,0,14,3,0,2,-1
Flathead,Nonmetropolitan Counties,MONTANA,No Data,23,0,5,5,0,1,-1
Fleming,Nonmetropolitan Counties,KENTUCKY,123,27,0,1,6,0,0,2
Floyd,Metropolitan Counties,GEORGIA,No Data,27,0,1,6,0,0,-1
Floyd County Police Department,Metropolitan Counties,Georgia,No Data,2,1,25,0,0,6,-1
Fluvanna,Metropolitan Counties,VIRGINIA,No Data,24,0,4,6,0,1,-1
Foard,Nonmetropolitan Counties,TEXAS,No Data,27,0,1,6,0,0,-1
Ford,Nonmetropolitan Counties,KANSAS,No Data,27,0,1,6,0,0,-1
Forrest,Metropolitan Counties,MISSISSIPPI,No Data,4,0,24,1,0,6,-1
Forsyth,Metropolitan Counties,NORTH CAROLINA,2446,27,0,1,6,0,0,3
Fort Bend,Metropolitan Counties,TEXAS,No Data,26,0,2,6,0,0,-1
Franklin,Nonmetropolitan Counties,KENTUCKY,36313,27,0,1,6,0,0,4
Freeborn,Nonmetropolitan Counties,Minnesota,No Data,19,4,5,4,1,1,-1
Freestone,Nonmetropolitan Counties,TEXAS,No Data,27,0,1,6,0,0,-1
Frio,Nonmetropolitan Counties,TEXAS,No Data,27,0,1,6,0,0,-1
Fulton,Nonmetropolitan Counties,KENTUCKY,1580,27,0,1,6,0,0,3
Fulton County Police Department,Metropolitan Counties,GEORGIA,No Data,6,4,18,1,1,4,-1
Furnas,Nonmetropolitan Counties,Nebraska,No Data,7,0,21,1,0,5,-1
Gage,Nonmetropolitan Counties,NEBRASKA,No Data,27,0,1,6,0,0,-1
Gallia,Nonmetropolitan Counties,OHIO,No Data,25,0,3,6,0,0,-1
Garden,Nonmetropolitan Counties,Nebraska,No Data,2,2,24,0,0,6,-1
Garfield,Nonmetropolitan Counties,MONTANA,596,24,3,1,6,0,0,2
Garland,Metropolitan Counties,ARKANSAS,2449,22,3,3,5,0,1,3
Garrard,Nonmetropolitan Counties,KENTUCKY,No Data,27,0,1,6,0,0,-1
Garrett,Nonmetropolitan Counties,MARYLAND,432,24,3,1,6,0,0,2
Garvin,Nonmetropolitan Counties,OKLAHOMA,No Data,26,0,2,6,0,0,-1
Garza,Nonmetropolitan Counties,TEXAS,No Data,26,1,1,6,0,0,-1
Gasconade,Nonmetropolitan Counties,MISSOURI,No Data,27,0,1,6,0,0,-1
Gaston County Police Department,Metropolitan Counties,NORTH CAROLINA,No Data,18,0,10,4,0,2,-1
Gates,Nonmetropolitan Counties,NORTH CAROLINA,623,27,0,1,6,0,0,2
Geary,Metropolitan Counties,KANSAS,1309,27,0,1,6,0,0,3
Geauga,Metropolitan Counties,OHIO,No Data,24,1,3,6,0,0,-1
Gem,Metropolitan Counties,IDAHO,No Data,27,0,1,6,0,0,-1
Genesee,Metropolitan Counties,MICHIGAN,No Data,25,2,1,6,0,0,-1
George,Nonmetropolitan Counties,Mississippi,No Data,5,3,20,1,0,5,-1
Gila,Nonmetropolitan Counties,ARIZONA,No Data,25,2,1,6,0,0,-1
Gilchrist,Metropolitan Counties,FLORIDA,No Data,20,0,8,5,0,2,-1
Giles,Nonmetropolitan Counties,TENNESSEE,No Data,27,0,1,6,0,0,-1
Gilliam,Nonmetropolitan Counties,OREGON,No Data,4,0,24,1,0,6,-1
Gilmer,Nonmetropolitan Counties,GEORGIA,5104,25,2,1,6,0,0,3
Gilpin,Metropolitan Counties,COLORADO,No Data,26,0,2,6,0,0,-1
Glacier,Nonmetropolitan Counties,MONTANA,No Data,27,0,1,6,0,0,-1
Glades,Nonmetropolitan Counties,FLORIDA,No Data,20,0,8,5,0,2,-1
Glascock,Nonmetropolitan Counties,Georgia,No Data,10,1,17,2,0,4,-1
Glasscock,Nonmetropolitan Counties,TEXAS,No Data,27,0,1,6,0,0,-1
Glenn,Nonmetropolitan Counties,CALIFORNIA,No Data,26,0,2,6,0,0,-1
Glynn,Metropolitan Counties,GEORGIA,No Data,17,2,9,4,0,2,-1
Glynn County Police Department,Metropolitan Counties,GEORGIA,No Data,26,1,1,6,0,2,-1
Gogebic,Nonmetropolitan Counties,Michigan,No Data,20,3,5,5,0,1,-1
Golden Valley,Nonmetropolitan Counties,NORTH DAKOTA,No Data,27,0,1,6,0,0,-1
Goliad,Metropolitan Counties,TEXAS,No Data,26,0,2,6,0,0,-1
Goochland,Metropolitan Counties,VIRGINIA,No Data,25,0,3,6,0,0,-1
Goodhue,Nonmetropolitan Counties,Minnesota,No Data,16,3,9,4,0,2,-1
Gosper,Nonmetropolitan Counties,Nebraska,No Data,18,5,5,4,1,0,-1
Gove,Nonmetropolitan Counties,KANSAS,No Data,27,0,1,6,0,0,-1
Grady,Nonmetropolitan Counties,GEORGIA,No Data,26,0,2,6,0,0,-1
Graham,Nonmetropolitan Counties,ARIZONA,8857,25,2,1,6,0,0,3
Grainger,Metropolitan Counties,TENNESSEE,No Data,26,0,2,6,0,0,-1
Grand,Nonmetropolitan Counties,COLORADO,No Data,24,3,1,6,0,0,-1
Grand Isle,Metropolitan Counties,VERMONT,No Data,27,0,1,6,0,0,-1
Grand Traverse,Nonmetropolitan Counties,MICHIGAN,No Data,20,0,8,5,0,2,-1
Granite,Nonmetropolitan Counties,MONTANA,No Data,27,0,1,6,0,0,-1
Grant,Metropolitan Counties,LOUISIANA,No Data,27,0,1,6,0,0,-1
Granville,Nonmetropolitan Counties,NORTH CAROLINA,5762,18,9,1,4,2,0,3
Gratiot,Nonmetropolitan Counties,MICHIGAN,No Data,24,1,3,6,0,0,-1
Graves,Nonmetropolitan Counties,KENTUCKY,No Data,26,0,2,6,0,0,-1
Grays Harbor,Nonmetropolitan Counties,WASHINGTON,No Data,24,0,4,6,0,1,-1
Green,Nonmetropolitan Counties,KENTUCKY,No Data,27,0,1,6,0,0,-1
Greene,Metropolitan Counties,ALABAMA,No Data,27,0,1,6,0,0,-1
Greenlee,Nonmetropolitan Counties,Arizona,No Data,3,0,25,0,0,6,-1
Greensville,Nonmetropolitan Counties,VIRGINIA,No Data,27,0,1,6,0,0,-1
Greer,Nonmetropolitan Counties,OKLAHOMA,28197,26,1,1,6,0,2,4
Gregg,Metropolitan Counties,TEXAS,No Data,26,1,1,6,0,0,-1
Grenada,Nonmetropolitan Counties,MISSISSIPPI,No Data,17,6,5,4,1,1,-1
Griggs,Nonmetropolitan Counties,NORTH DAKOTA,No Data,27,0,1,6,0,0,-1
Grimes,Nonmetropolitan Counties,TEXAS,No Data,27,0,1,6,0,0,-1
Grundy,Metropolitan Counties,ILLINOIS,970,25,2,1,6,0,0,2
Guernsey,Nonmetropolitan Counties,OHIO,1193,15,5,8,3,1,2,3
Guilford,Metropolitan Counties,NORTH CAROLINA,22861,22,0,6,5,0,1,4
Gulf,Nonmetropolitan Counties,FLORIDA,No Data,20,0,8,5,0,2,-1
Guthrie,Metropolitan Counties,IOWA,11486,27,0,1,6,0,0,4
Gwinnett County Police Department,Metropolitan Counties,Georgia,No Data,5,0,23,1,0,5,-1
Habersham,Nonmetropolitan Counties,GEORGIA,No Data,26,1,1,6,0,4,-1
Hale,Nonmetropolitan Counties,TEXAS,No Data,27,0,1,6,0,0,-1
Hall,Metropolitan Counties,GEORGIA,No Data,27,0,1,6,0,0,-1
Hamblen,Metropolitan Counties,TENNESSEE,No Data,26,0,2,6,0,0,-1
Hamlin,Nonmetropolitan Counties,SOUTH DAKOTA,2026,26,1,1,6,0,0,3
Hampshire,Metropolitan Counties,WEST VIRGINIA,No Data,24,3,1,6,0,0,-1
Hancock,Nonmetropolitan Counties,GEORGIA,397,26,1,1,6,0,5,2
Hand,Nonmetropolitan Counties,SOUTH DAKOTA,No Data,27,0,1,6,0,0,-1
Hansford,Nonmetropolitan Counties,TEXAS,No Data,27,0,1,6,0,0,-1
Haralson,Metropolitan Counties,GEORGIA,No Data,13,6,9,3,1,2,-1
Hardee,Nonmetropolitan Counties,FLORIDA,No Data,20,0,8,5,0,2,-1
Hardeman,Nonmetropolitan Counties,TENNESSEE,No Data,27,0,1,6,0,0,-1
Hardin,Metropolitan Counties,KENTUCKY,No Data,25,2,1,6,0,0,-1
Harding,Nonmetropolitan Counties,SOUTH DAKOTA,No Data,27,0,1,6,0,0,-1
Harford,Metropolitan Counties,MARYLAND,No Data,18,0,10,4,0,2,-1
Harmon,Nonmetropolitan Counties,OKLAHOMA,No Data,27,0,1,6,0,0,-1
Harnett,Nonmetropolitan Counties,NORTH CAROLINA,No Data,26,0,2,6,0,0,-1
Harney,Nonmetropolitan Counties,Oregon,No Data,3,0,25,0,0,6,-1
Harper,Nonmetropolitan Counties,KANSAS,No Data,27,0,1,6,0,0,-1
Harris,Metropolitan Counties,TEXAS,No Data,25,2,1,6,0,0,-1
Hart,Nonmetropolitan Counties,GEORGIA,2103,27,0,1,6,0,0,3
Hartley,Nonmetropolitan Counties,TEXAS,No Data,27,0,1,6,0,0,-1
Hartsville-Trousdale,Metropolitan Counties,TENNESSEE,No Data,4,0,24,1,0,6,-1
Hartsville/Trousdale,Metropolitan Counties,Tennessee,No Data,23,0,5,5,0,1,-1
Harvey,Metropolitan Counties,KANSAS,1779,27,0,1,6,0,0,3
Hawkins,Metropolitan Counties,TENNESSEE,1296,27,0,1,6,0,0,3
Hayes,Nonmetropolitan Counties,Nebraska,No Data,3,0,25,0,0,6,-1
Haywood,Metropolitan Counties,NORTH CAROLINA,No Data,26,0,2,6,0,0,-1
Heard,Metropolitan Counties,GEORGIA,No Data,26,1,1,6,0,0,-1
Hendricks,Metropolitan Counties,Indiana,No Data,8,0,20,2,0,5,-1
Hendry,Nonmetropolitan Counties,FLORIDA,No Data,20,0,8,5,0,2,-1
Hennepin,Metropolitan Counties,Minnesota,No Data,18,0,10,4,0,2,-1
Henrico County Police Department,Metropolitan Counties,VIRGINIA,No Data,12,0,16,3,0,4,-1
Henry,Metropolitan Counties,ALABAMA,No Data,27,0,1,6,0,0,-1
Henry County Police Department,Metropolitan Counties,GEORGIA,No Data,12,1,15,3,0,3,-1
Herkimer,Metropolitan Counties,NEW YORK,No Data,25,2,1,6,0,0,-1
Hernando,Metropolitan Counties,FLORIDA,15793,23,0,5,5,0,1,4
Hettinger,Nonmetropolitan Counties,NORTH DAKOTA,No Data,27,0,1,6,0,0,-1
Hickman,Metropolitan Counties,TENNESSEE,No Data,26,1,1,6,0,2,-1
Highlands,Nonmetropolitan Counties,FLORIDA,939,27,0,1,6,0,0,2
Hill,Nonmetropolitan Counties,MONTANA,No Data,27,0,1,6,0,0,-1
Hillsborough,Metropolitan Counties,FLORIDA,6475,27,0,1,6,0,0,3
Hinds,Metropolitan Counties,Mississippi,No Data,4,0,24,1,0,6,-1
Hocking,Nonmetropolitan Counties,OHIO,No Data,25,2,1,6,0,0,-1
Hockley,Nonmetropolitan Counties,TEXAS,No Data,27,0,1,6,0,0,-1
Hodgeman,Nonmetropolitan Counties,KANSAS,No Data,26,1,1,6,0,5,-1
Hoke,Metropolitan Counties,NORTH CAROLINA,No Data,27,0,1,6,0,0,-1
Holmes,Nonmetropolitan Counties,FLORIDA,No Data,27,0,1,6,0,0,-1
Hood,Nonmetropolitan Counties,TEXAS,No Data,27,0,1,6,0,0,-1
Hooker,Nonmetropolitan Counties,NEBRASKA,2009,26,1,1,6,0,4,3
Hopkins,Nonmetropolitan Counties,KENTUCKY,No Data,27,0,1,6,0,0,-1
Horry,Metropolitan Counties,SOUTH CAROLINA,No Data,24,3,1,6,0,0,-1
Horry County Police Department,Metropolitan Counties,SOUTH CAROLINA,No Data,15,0,13,3,0,3,-1
Hot Spring,Nonmetropolitan Counties,Arkansas,No Data,3,0,25,0,0,6,-1
Howard,Nonmetropolitan Counties,ARKANSAS,No Data,27,0,1,6,0,0,-1
Howard County Police Department,Metropolitan Counties,MARYLAND,No Data,22,2,4,5,0,1,-1
Hudspeth,Nonmetropolitan Counties,TEXAS,No Data,27,0,1,6,0,0,-1
Huerfano,Nonmetropolitan Counties,COLORADO,No Data,25,1,2,6,0,0,-1
Hughes,Nonmetropolitan Counties,OKLAHOMA,No Data,27,0,1,6,0,0,-1
Humboldt,Nonmetropolitan Counties,NEVADA,8324,26,1,1,6,0,0,3
Humphreys,Nonmetropolitan Counties,TENNESSEE,No Data,27,0,1,6,0,0,-1
Hunt,Metropolitan Counties,TEXAS,No Data,25,0,3,6,0,0,-1
Hyde,Nonmetropolitan Counties,NORTH CAROLINA,No Data,27,0,1,6,0,0,-1
Iberville,Metropolitan Counties,Louisiana,No Data,1,3,24,0,0,6,-1
Ida,Nonmetropolitan Counties,IOWA,214,26,0,2,6,0,0,2
Idaho,Nonmetropolitan Counties,IDAHO,No Data,27,0,1,6,0,0,-1
Independence,Nonmetropolitan Counties,ARKANSAS,1342,27,0,1,6,0,0,3
Indian River,Metropolitan Counties,FLORIDA,No Data,20,0,8,5,0,2,-1
Ingham,Metropolitan Counties,MICHIGAN,No Data,25,0,3,6,0,0,-1
Inyo,Nonmetropolitan Counties,CALIFORNIA,No Data,27,0,1,6,0,0,-1
Iosco,Nonmetropolitan Counties,MICHIGAN,No Data,27,0,1,6,0,0,-1
Iowa,Metropolitan Counties,WISCONSIN,No Data,27,0,1,6,0,0,-1
Iredell,Nonmetropolitan Counties,NORTH CAROLINA,No Data,23,0,5,5,0,1,-1
Irion,Metropolitan Counties,TEXAS,No Data,27,0,1,6,0,0,-1
Iron,Nonmetropolitan Counties,MICHIGAN,No Data,27,0,1,6,0,0,-1
Iroquois,Nonmetropolitan Counties,ILLINOIS,No Data,27,0,1,6,0,0,-1
Irwin,Nonmetropolitan Counties,GEORGIA,3838,22,5,1,5,1,0,3
Isabella,Nonmetropolitan Counties,MICHIGAN,No Data,26,0,2,6,0,0,-1
Isanti,Metropolitan Counties,Minnesota,5417,16,3,9,4,0,2,3
Island,Nonmetropolitan Counties,WASHINGTON,No Data,27,0,1,6,0,0,-1
Isle of Wight,Metropolitan Counties,VIRGINIA,No Data,27,0,1,6,0,0,-1
Itawamba,Nonmetropolitan Counties,Mississippi,No Data,5,3,20,1,0,5,-1
Izard,Nonmetropolitan Counties,ARKANSAS,No Data,27,0,1,6,0,0,-1
Jack,Nonmetropolitan Counties,TEXAS,No Data,27,0,1,6,0,0,-1
Jackson County Police Department,Nonmetropolitan Counties,Kentucky,No Data,9,3,16,2,0,4,-1
James City County Police Department,Metropolitan Counties,VIRGINIA,No Data,22,0,6,5,0,1,-1
Jeff Davis,Nonmetropolitan Counties,GEORGIA,No Data,27,0,1,6,0,0,-1
Jefferson,Metropolitan Counties,COLORADO,No Data,27,0,1,6,0,0,-1
Jefferson Davis,Nonmetropolitan Counties,LOUISIANA,No Data,12,4,12,3,1,0,-1
Jerauld,Nonmetropolitan Counties,SOUTH DAKOTA,No Data,26,0,2,6,0,0,-1
Jersey,Metropolitan Counties,ILLINOIS,No Data,20,3,5,5,0,1,-1
Jessamine,Metropolitan Counties,KENTUCKY,No Data,25,0,3,6,0,0,-1
Jewell,Nonmetropolitan Counties,Kansas,No Data,2,2,24,0,0,6,-1
Jim Hogg,Nonmetropolitan Counties,TEXAS,No Data,27,0,1,6,0,0,-1
Jim Wells,Nonmetropolitan Counties,TEXAS,No Data,24,3,1,6,0,0,-1
Jo Daviess,Nonmetropolitan Counties,ILLINOIS,No Data,27,0,1,6,0,0,-1
Johnson,Metropolitan Counties,KANSAS,No Data,27,0,1,6,0,0,-1
Jones,Metropolitan Counties,GEORGIA,No Data,27,0,1,6,0,0,-1
Josephine,Metropolitan Counties,Oregon,1139,18,1,9,4,0,2,3
Juab,Metropolitan Counties,UTAH,No Data,26,1,1,6,0,0,-1
Judith Basin,Nonmetropolitan Counties,MONTANA,No Data,27,0,1,6,0,0,-1
Kanabec,Nonmetropolitan Counties,Minnesota,No Data,18,5,5,4,1,0,-1
Kanawha,Metropolitan Counties,WEST VIRGINIA,No Data,16,0,12,4,0,3,-1
Kandiyohi,Nonmetropolitan Counties,Minnesota,No Data,18,5,5,4,1,3,-1
Kane,Metropolitan Counties,ILLINOIS,3742,22,5,1,5,1,0,3
Karnes,Nonmetropolitan Counties,TEXAS,No Data,27,0,1,6,0,0,-1
Kaufman,Metropolitan Counties,TEXAS,6971,27,0,1,6,0,0,3
Kay,Nonmetropolitan Counties,OKLAHOMA,No Data,23,0,5,5,0,1,-1
Keith,Nonmetropolitan Counties,NEBRASKA,No Data,26,0,2,6,0,0,-1
Kemper,Nonmetropolitan Counties,Mississippi,No Data,18,1,9,4,0,2,-1
Kendall,Metropolitan Counties,ILLINOIS,476,27,0,1,6,0,0,2
Kennebec,Nonmetropolitan Counties,MAINE,No Data,26,0,2,6,0,0,-1
Kent,Metropolitan Counties,MICHIGAN,85768,27,0,1,6,0,0,4
Kenton,Metropolitan Counties,KENTUCKY,1213,27,0,1,6,0,0,3
Kenton County Police Department,Metropolitan Counties,KENTUCKY,No Data,25,0,3,6,0,0,-1
Kern,Metropolitan Counties,CALIFORNIA,No Data,13,0,15,3,0,3,-1
Kerr,Nonmetropolitan Counties,TEXAS,No Data,27,0,1,6,0,0,-1
Kershaw,Metropolitan Counties,SOUTH CAROLINA,No Data,24,3,1,6,0,0,-1
Keweenaw,Nonmetropolitan Counties,MICHIGAN,No Data,20,3,5,5,0,1,-1
Keya Paha,Nonmetropolitan Counties,Nebraska,No Data,14,1,13,3,0,3,-1
Kidder,Nonmetropolitan Counties,NORTH DAKOTA,No Data,27,0,1,6,0,0,-1
Kimball,Nonmetropolitan Counties,NEBRASKA,1398,27,0,1,6,0,0,3
Kimble,Nonmetropolitan Counties,TEXAS,No Data,27,0,1,6,0,0,-1
King George,Nonmetropolitan Counties,VIRGINIA,No Data,24,0,4,6,0,1,-1
King William,Metropolitan Counties,VIRGINIA,No Data,27,0,1,6,0,0,-1
King and Queen,Metropolitan Counties,VIRGINIA,No Data,27,0,1,6,0,0,-1
Kings,Metropolitan Counties,CALIFORNIA,No Data,25,0,3,6,0,0,-1
Kinney,Nonmetropolitan Counties,TEXAS,No Data,27,0,1,6,0,0,-1
Kit Carson,Nonmetropolitan Counties,COLORADO,No Data,25,0,3,6,0,0,-1
Kitsap,Metropolitan Counties,WASHINGTON,No Data,18,0,10,4,0,2,-1
Kittson,Nonmetropolitan Counties,MINNESOTA,No Data,19,4,5,4,1,1,-1
Klamath,Nonmetropolitan Counties,OREGON,No Data,4,0,24,1,0,6,-1
Kleberg,Nonmetropolitan Counties,TEXAS,No Data,25,2,1,6,0,0,-1
Klickitat,Nonmetropolitan Counties,WASHINGTON,No Data,24,2,2,6,0,0,-1
Knott,Nonmetropolitan Counties,KENTUCKY,No Data,26,0,2,6,0,0,-1
Knox,Nonmetropolitan Counties,KENTUCKY,No Data,27,0,1,6,0,0,-1
Koochiching,Nonmetropolitan Counties,Minnesota,No Data,7,0,21,1,0,5,-1
Kootenai,Metropolitan Counties,IDAHO,No Data,18,0,10,4,0,2,-1
Kosciusko,Nonmetropolitan Counties,Indiana,No Data,5,3,20,1,0,5,-1
Kossuth,Nonmetropolitan Counties,IOWA,No Data,27,0,1,6,0,0,-1
La Paz,Nonmetropolitan Counties,ARIZONA,No Data,22,2,4,5,0,1,-1
Labette,Nonmetropolitan Counties,KANSAS,No Data,27,0,1,6,0,0,-1
Lac Qui Parle,Nonmetropolitan Counties,Minnesota,No Data,11,0,17,2,0,4,-1
Laclede,Nonmetropolitan Counties,MISSOURI,No Data,24,0,4,6,0,1,-1
Lafourche,Metropolitan Counties,Louisiana,No Data,5,0,23,1,0,5,-1
Lake,Nonmetropolitan Counties,CALIFORNIA,No Data,25,2,1,6,0,0,-1
Lake of the Woods,Nonmetropolitan Counties,Minnesota,No Data,15,0,13,3,0,3,-1
Lamar,Nonmetropolitan Counties,ALABAMA,No Data,27,0,1,6,0,0,-1
Lamb,Nonmetropolitan Counties,TEXAS,No Data,27,0,1,6,0,0,-1
Lamoille,Nonmetropolitan Counties,VERMONT,No Data,24,0,4,6,0,1,-1
Lamoure,Nonmetropolitan Counties,NORTH DAKOTA,No Data,27,0,1,6,0,0,-1
Lander,Nonmetropolitan Counties,NEVADA,7699,27,0,1,6,0,0,3
Lane,Metropolitan Counties,OREGON,471,27,0,1,6,0,0,2
Langlade,Nonmetropolitan Counties,WISCONSIN,No Data,27,0,1,6,0,0,-1
Lanier,Metropolitan Counties,GEORGIA,No Data,24,3,1,6,0,0,-1
Laramie,Metropolitan Counties,WYOMING,29742,27,0,1,6,0,0,4
Larimer,Metropolitan Counties,COLORADO,No Data,12,0,16,3,0,4,-1
Larue,Metropolitan Counties,KENTUCKY,No Data,26,0,2,6,0,0,-1
Lassen,Nonmetropolitan Counties,CALIFORNIA,No Data,27,0,1,6,0,0,-1
Latah,Nonmetropolitan Counties,IDAHO,No Data,27,0,1,6,0,0,-1
Latimer,Nonmetropolitan Counties,OKLAHOMA,No Data,26,0,2,6,0,0,-1
Lauderdale,Metropolitan Counties,ALABAMA,No Data,25,0,3,6,0,0,-1
Laurens,Metropolitan Counties,SOUTH CAROLINA,9464,27,0,1,6,0,0,3
Lavaca,Nonmetropolitan Counties,TEXAS,No Data,27,0,1,6,0,0,-1
Le Flore,Metropolitan Counties,OKLAHOMA,No Data,23,0,5,5,0,1,-1
Le Sueur,Nonmetropolitan Counties,Minnesota,No Data,16,6,6,4,1,0,-1
Lea,Nonmetropolitan Counties,NEW MEXICO,No Data,11,5,12,2,1,3,-1
Leelanau,Nonmetropolitan Counties,MICHIGAN,No Data,19,3,6,4,0,1,-1
Leflore,Nonmetropolitan Counties,MISSISSIPPI,No Data,12,4,12,3,1,2,-1
Lemhi,Nonmetropolitan Counties,IDAHO,No Data,27,0,1,6,0,0,-1
Lenawee,Nonmetropolitan Counties,MICHIGAN,No Data,19,0,9,4,0,2,-1
Leon,Metropolitan Counties,FLORIDA,No Data,27,0,1,6,0,0,-1
Letcher,Nonmetropolitan Counties,KENTUCKY,No Data,26,0,2,6,0,0,-1
Levy,Nonmetropolitan Counties,FLORIDA,No Data,20,0,8,5,0,2,-1
Lewis,Nonmetropolitan Counties,TENNESSEE,No Data,27,0,1,6,0,0,-1
Lewis and Clark,Nonmetropolitan Counties,MONTANA,No Data,17,0,11,4,0,2,-1
Liberty,Nonmetropolitan Counties,FLORIDA,No Data,27,0,1,6,0,0,-1
Licking,Metropolitan Counties,OHIO,2957,24,3,1,6,0,0,3
Linn,Metropolitan Counties,IOWA,No Data,26,1,1,6,0,2,-1
Little River,Nonmetropolitan Counties,ARKANSAS,541,26,1,1,6,0,0,2
Livingston,Metropolitan Counties,LOUISIANA,5129,27,0,1,6,0,0,3
Logan,Nonmetropolitan Counties,ARKANSAS,No Data,27,0,1,6,0,0,-1
Long,Metropolitan Counties,Georgia,No Data,14,5,9,3,1,2,-1
Lonoke,Metropolitan Counties,ARKANSAS,4244,27,0,1,6,0,0,3
Loudoun,Metropolitan Counties,VIRGINIA,No Data,16,0,12,4,0,3,-1
Love,Nonmetropolitan Counties,OKLAHOMA,No Data,27,0,1,6,0,0,-1
Loving,Nonmetropolitan Counties,TEXAS,No Data,27,0,1,6,0,0,-1
Lowndes,Metropolitan Counties,ALABAMA,No Data,25,2,1,6,0,0,-1
Lucas,Nonmetropolitan Counties,IOWA,No Data,27,0,1,6,0,0,-1
Luce,Nonmetropolitan Counties,MICHIGAN,No Data,26,0,2,6,0,0,-1
Luna,Nonmetropolitan Counties,NEW MEXICO,No Data,3,1,24,0,0,6,-1
Lycoming,Metropolitan Counties,Pennsylvania,No Data,17,6,5,4,1,1,-1
Lyon,Nonmetropolitan Counties,IOWA,No Data,26,1,1,6,0,1,-1
Mackinac,Nonmetropolitan Counties,MICHIGAN,No Data,27,0,1,6,0,0,-1
Macomb,Metropolitan Counties,MICHIGAN,18402,25,0,3,6,0,0,4
Macon,Metropolitan Counties,ILLINOIS,No Data,27,0,1,6,0,0,-1
Macoupin,Metropolitan Counties,ILLINOIS,No Data,27,0,1,6,0,0,-1
Magoffin,Nonmetropolitan Counties,KENTUCKY,No Data,27,0,1,6,0,0,-1
Mahaska,Nonmetropolitan Counties,IOWA,No Data,19,8,1,4,2,0,-1
Mahnomen,Nonmetropolitan Counties,Minnesota,No Data,9,5,14,2,1,3,-1
Mahoning,Metropolitan Counties,Ohio,No Data,0,3,25,0,0,6,-1
Major,Nonmetropolitan Counties,OKLAHOMA,No Data,27,0,1,6,0,0,-1
Malheur,Nonmetropolitan Counties,OREGON,No Data,4,0,24,1,0,6,-1
Manatee,Metropolitan Counties,FLORIDA,No Data,17,0,11,4,0,2,-1
Manitowoc,Nonmetropolitan Counties,WISCONSIN,33288,27,0,1,6,0,0,4
Marathon,Metropolitan Counties,WISCONSIN,No Data,27,0,1,6,0,0,-1
Marengo,Nonmetropolitan Counties,ALABAMA,2511,25,2,1,6,0,0,3
Maries,Nonmetropolitan Counties,MISSOURI,No Data,27,0,1,6,0,0,-1
Marin,Metropolitan Counties,CALIFORNIA,No Data,24,0,4,6,0,1,-1
Mariposa,Nonmetropolitan Counties,CALIFORNIA,No Data,26,0,2,6,0,0,-1
Marlboro,Nonmetropolitan Counties,SOUTH CAROLINA,No Data,25,0,3,6,0,0,-1
Marshall,Nonmetropolitan Counties,KENTUCKY,24749,27,0,1,6,0,0,4
Martin,Metropolitan Counties,FLORIDA,11285,27,0,1,6,0,0,4
Massac,Nonmetropolitan Counties,ILLINOIS,No Data,27,0,1,6,0,0,-1
Matagorda,Nonmetropolitan Counties,TEXAS,No Data,27,0,1,6,0,0,-1
Mathews,Metropolitan Counties,VIRGINIA,No Data,24,0,4,6,0,1,-1
Maury,Nonmetropolitan Counties,TENNESSEE,No Data,25,0,3,6,0,0,-1
Maverick,Nonmetropolitan Counties,TEXAS,No Data,26,1,1,6,0,0,-1
Mayes,Nonmetropolitan Counties,OKLAHOMA,No Data,24,3,1,6,0,0,-1
McClain,Metropolitan Counties,OKLAHOMA,No Data,25,0,3,6,0,0,-1
McCone,Nonmetropolitan Counties,MONTANA,No Data,26,0,2,6,0,0,-1
McCracken,Nonmetropolitan Counties,KENTUCKY,No Data,21,0,7,5,0,1,-1
McCreary,Nonmetropolitan Counties,KENTUCKY,No Data,26,0,2,6,0,0,-1
McCulloch,Nonmetropolitan Counties,TEXAS,No Data,27,0,1,6,0,0,-1
McDonald,Metropolitan Counties,MISSOURI,No Data,27,0,1,6,0,0,-1
McDowell,Nonmetropolitan Counties,NORTH CAROLINA,No Data,27,0,1,6,0,0,-1
McDuffie,Metropolitan Counties,GEORGIA,No Data,26,1,1,6,0,0,-1
McLennan,Metropolitan Counties,TEXAS,No Data,27,0,1,6,0,0,-1
McLeod,Nonmetropolitan Counties,Minnesota,No Data,2,5,21,0,1,5,-1
McMinn,Nonmetropolitan Counties,TENNESSEE,No Data,27,0,1,6,0,0,-1
McMullen,Nonmetropolitan Counties,TEXAS,No Data,27,0,1,6,0,0,-1
McNairy,Nonmetropolitan Counties,TENNESSEE,No Data,27,0,1,6,0,0,-1
Meagher,Nonmetropolitan Counties,MONTANA,No Data,27,0,1,6,0,0,-1
Mecklenburg,Nonmetropolitan Counties,VIRGINIA,No Data,27,0,1,6,0,0,-1
Mecosta,Nonmetropolitan Counties,MICHIGAN,No Data,23,0,5,5,0,1,-1
Mellette,Nonmetropolitan Counties,SOUTH DAKOTA,No Data,24,0,4,6,0,1,-1
Menard,Nonmetropolitan Counties,TEXAS,No Data,27,0,1,6,0,0,-1
Mendocino,Nonmetropolitan Counties,CALIFORNIA,No Data,20,0,8,5,0,2,-1
Menifee,Nonmetropolitan Counties,KENTUCKY,45933,27,0,1,6,0,0,4
Menominee,Nonmetropolitan Counties,MICHIGAN,No Data,27,0,1,6,0,0,-1
Mercer,Metropolitan Counties,ILLINOIS,No Data,22,5,1,5,1,0,-1
Meriwether,Metropolitan Counties,GEORGIA,No Data,24,3,1,6,0,0,-1
Merrick,Metropolitan Counties,Nebraska,No Data,9,2,17,2,0,4,-1
Metcalfe,Nonmetropolitan Counties,KENTUCKY,No Data,27,0,1,6,0,0,-1
Miami-Dade,Metropolitan Counties,FLORIDA,No Data,19,2,7,4,0,1,-1
Milam,Nonmetropolitan Counties,TEXAS,No Data,27,0,1,6,0,0,-1
Millard,Nonmetropolitan Counties,UTAH,No Data,27,0,1,6,0,0,-1
Mille Lacs,Nonmetropolitan Counties,MINNESOTA,No Data,14,8,6,3,2,1,-1
Miller,Nonmetropolitan Counties,GEORGIA,1427,27,0,1,6,0,0,3
Mills,Metropolitan Counties,IOWA,3854,27,0,1,6,0,0,3
Mineral,Nonmetropolitan Counties,COLORADO,No Data,27,0,1,6,0,0,-1
Mingo,Nonmetropolitan Counties,WEST VIRGINIA,No Data,26,1,1,6,0,1,-1
Minidoka,Nonmetropolitan Counties,IDAHO,No Data,27,0,1,6,0,0,-1
Minnehaha,Metropolitan Counties,SOUTH DAKOTA,No Data,22,0,6,5,0,1,-1
Missaukee,Nonmetropolitan Counties,MICHIGAN,No Data,19,3,6,4,0,1,-1
Mississippi,Nonmetropolitan Counties,ARKANSAS,No Data,27,0,1,6,0,0,-1
Mitchell,Nonmetropolitan Counties,GEORGIA,No Data,27,0,1,6,0,0,-1
Modoc,Nonmetropolitan Counties,CALIFORNIA,No Data,27,0,1,6,0,0,-1
Moffat,Nonmetropolitan Counties,COLORADO,No Data,26,0,2,6,0,0,-1
Mohave,Metropolitan Counties,ARIZONA,No Data,24,1,3,6,0,0,-1
Moniteau,Metropolitan Counties,MISSOURI,No Data,27,0,1,6,0,0,-1
Mono,Nonmetropolitan Counties,CALIFORNIA,No Data,27,0,1,6,0,0,-1
Monona,Nonmetropolitan Counties,IOWA,8288,27,0,1,6,0,0,3
Monongalia,Metropolitan Counties,WEST VIRGINIA,No Data,27,0,1,6,0,0,-1
Montcalm,Nonmetropolitan Counties,MICHIGAN,No Data,21,0,7,5,0,1,-1
Montezuma,Nonmetropolitan Counties,COLORADO,3141,26,1,1,6,0,3,3
Montgomery County Police Department,Metropolitan Counties,MARYLAND,No Data,2,1,25,0,0,6,-1
Montmorency,Nonmetropolitan Counties,MICHIGAN,No Data,27,0,1,6,0,0,-1
Morehouse,Nonmetropolitan Counties,LOUISIANA,916,27,0,1,6,0,0,2
Morgan,Nonmetropolitan Counties,COLORADO,No Data,27,0,1,6,0,0,-1
Morrill,Nonmetropolitan Counties,NEBRASKA,No Data,12,3,13,3,0,3,-1
Motley,Nonmetropolitan Counties,TEXAS,No Data,26,1,1,6,0,1,-1
Mountrail,Nonmetropolitan Counties,NORTH DAKOTA,No Data,25,0,3,6,0,0,-1
Mower,Nonmetropolitan Counties,MINNESOTA,No Data,15,4,9,3,1,2,-1
Muhlenberg,Nonmetropolitan Counties,KENTUCKY,No Data,27,0,1,6,0,0,-1
Muhlenberg County Police Department,Nonmetropolitan Counties,Kentucky,No Data,14,0,14,3,0,0,-1
Multnomah,Metropolitan Counties,Oregon,No Data,3,0,25,0,0,6,-1
Muscogee,Metropolitan Counties,Georgia,No Data,11,8,9,2,2,2,-1
Muskingum,Nonmetropolitan Counties,OHIO,No Data,15,8,5,3,2,1,-1
Musselshell,Nonmetropolitan Counties,MONTANA,No Data,27,0,1,6,0,0,-1
Nance,Nonmetropolitan Counties,NEBRASKA,No Data,15,5,8,3,1,2,-1
Nash,Metropolitan Counties,NORTH CAROLINA,3177,26,1,1,6,0,0,3
Nassau,Metropolitan Counties,NEW YORK,No Data,20,0,8,5,0,2,-1
Natchitoches,Nonmetropolitan Counties,Louisiana,No Data,8,3,17,2,0,4,-1
Natrona,Metropolitan Counties,WYOMING,No Data,27,0,1,6,0,0,-1
Navajo,Nonmetropolitan Counties,ARIZONA,No Data,7,1,20,1,0,5,-1
Navarro,Nonmetropolitan Counties,TEXAS,No Data,27,0,1,6,0,0,-1
Nelson,Metropolitan Counties,KENTUCKY,No Data,27,0,1,6,0,0,-1
Nemaha,Nonmetropolitan Counties,KANSAS,No Data,27,0,1,6,0,0,-1
Neosho,Nonmetropolitan Counties,KANSAS,12218,27,0,1,6,0,0,4
Ness,Nonmetropolitan Counties,KANSAS,No Data,27,0,1,6,0,0,-1
Nevada,Nonmetropolitan Counties,ARKANSAS,8230,27,0,1,6,0,0,3
New Castle County Police Department,Metropolitan Counties,DELAWARE,No Data,13,0,15,3,0,3,-1
New Hanover,Metropolitan Counties,NORTH CAROLINA,No Data,20,0,8,5,0,2,-1
New Kent,Metropolitan Counties,VIRGINIA,No Data,25,0,3,6,0,0,-1
Nez Perce,Metropolitan Counties,IDAHO,No Data,27,0,1,6,0,0,-1
Niagara,Metropolitan Counties,NEW YORK,1580,27,0,1,6,0,0,3
Nicholas,Nonmetropolitan Counties,WEST VIRGINIA,No Data,27,0,1,6,0,0,-1
Nicollet,Metropolitan Counties,MINNESOTA,No Data,21,5,2,5,1,0,-1
Niobrara,Nonmetropolitan Counties,WYOMING,No Data,16,3,9,4,0,2,-1
Noble,Nonmetropolitan Counties,INDIANA,No Data,27,0,1,6,0,0,-1
Nobles,Nonmetropolitan Counties,Minnesota,No Data,18,5,5,4,1,0,-1
Nodaway,Nonmetropolitan Counties,MISSOURI,No Data,26,0,2,6,0,0,-1
Nolan,Nonmetropolitan Counties,TEXAS,No Data,27,0,1,6,0,0,-1
Nottoway,Nonmetropolitan Counties,VIRGINIA,No Data,27,0,1,6,0,0,-1
Nueces,Metropolitan Counties,TEXAS,No Data,26,0,2,6,0,0,-1
Nye,Nonmetropolitan Counties,NEVADA,No Data,17,1,10,4,0,2,-1
O'Brien,Nonmetropolitan Counties,IOWA,No Data,27,0,1,6,0,0,-1
Oceana,Nonmetropolitan Counties,MICHIGAN,1341,24,0,4,6,0,1,3
Ochiltree,Nonmetropolitan Counties,TEXAS,No Data,25,2,1,6,0,0,-1
Oconee,Nonmetropolitan Counties,SOUTH CAROLINA,No Data,27,0,1,6,0,0,-1
Ogemaw,Nonmetropolitan Counties,MICHIGAN,No Data,22,0,6,5,0,1,-1
Ogle,Nonmetropolitan Counties,ILLINOIS,No Data,27,0,1,6,0,0,-1
Ohio,Nonmetropolitan Counties,KENTUCKY,No Data,25,1,2,6,0,0,-1
Okaloosa,Metropolitan Counties,FLORIDA,No Data,16,0,12,4,0,3,-1
Okanogan,Nonmetropolitan Counties,WASHINGTON,No Data,26,0,2,6,0,0,-1
Okfuskee,Nonmetropolitan Counties,OKLAHOMA,No Data,27,0,1,6,0,0,-1
Oklahoma,Metropolitan Counties,OKLAHOMA,No Data,23,0,5,5,0,1,-1
Oktibbeha,Nonmetropolitan Counties,MISSISSIPPI,No Data,6,6,16,1,0,4,-1
Oldham,Metropolitan Counties,KENTUCKY,No Data,27,0,1,6,0,0,-1
Oldham County Police Department,Metropolitan Counties,KENTUCKY,No Data,22,0,6,5,0,1,-1
Oliver,Nonmetropolitan Counties,NORTH DAKOTA,No Data,27,0,1,6,0,0,-1
Olmsted,Metropolitan Counties,MINNESOTA,No Data,15,7,6,3,1,1,-1
Oneida,Nonmetropolitan Counties,IDAHO,3707,27,0,1,6,0,0,3
Onondaga,Metropolitan Counties,NEW YORK,No Data,25,2,1,6,0,0,-1
Onslow,Metropolitan Counties,NORTH CAROLINA,No Data,27,0,1,6,0,0,-1
Ontonagon,Nonmetropolitan Counties,MICHIGAN,No Data,25,1,2,6,0,0,-1
Orange,Metropolitan Counties,CALIFORNIA,4841,27,0,1,6,0,0,3
Orleans,Metropolitan Counties,NEW YORK,No Data,27,0,1,6,0,0,-1
Osborne,Nonmetropolitan Counties,KANSAS,No Data,27,0,1,6,0,0,-1
Osceola,Metropolitan Counties,FLORIDA,909,27,0,1,6,0,0,2
Oscoda,Nonmetropolitan Counties,MICHIGAN,No Data,26,0,2,6,0,0,-1
Otero,Nonmetropolitan Counties,COLORADO,No Data,25,1,2,6,0,0,-1
Otoe,Nonmetropolitan Counties,Nebraska,No Data,11,0,17,2,0,4,-1
Ottawa,Metropolitan Counties,MICHIGAN,4385,27,0,1,6,0,0,3
Otter Tail,Nonmetropolitan Counties,Minnesota,No Data,18,5,5,4,1,0,-1
Ouachita,Nonmetropolitan Counties,ARKANSAS,No Data,18,8,2,4,2,0,-1
Outagamie,Metropolitan Counties,WISCONSIN,No Data,25,0,3,6,0,0,-1
Overton,Nonmetropolitan Counties,TENNESSEE,2532,27,0,1,6,0,0,3
Owen,Nonmetropolitan Counties,KENTUCKY,929,26,0,2,6,0,0,2
Owsley,Nonmetropolitan Counties,Kentucky,No Data,19,0,9,4,0,2,-1
Owyhee,Metropolitan Counties,IDAHO,No Data,27,0,1,6,0,0,-1
Ozaukee,Metropolitan Counties,WISCONSIN,No Data,27,0,1,6,0,0,-1
Page,Nonmetropolitan Counties,VIRGINIA,No Data,27,0,1,6,0,0,-1
Palm Beach,Metropolitan Counties,FLORIDA,8589,20,3,5,5,0,1,3
Palo Pinto,Nonmetropolitan Counties,TEXAS,No Data,27,0,1,6,0,0,-1
Pamlico,Nonmetropolitan Counties,NORTH CAROLINA,No Data,27,0,1,6,0,0,-1
Panola,Nonmetropolitan Counties,MISSISSIPPI,No Data,26,1,1,6,0,0,-1
Park,Metropolitan Counties,COLORADO,No Data,27,0,1,6,0,0,-1
Parke,Nonmetropolitan Counties,INDIANA,No Data,8,0,20,2,0,5,-1
Parmer,Nonmetropolitan Counties,TEXAS,No Data,27,0,1,6,0,0,-1
Pasco,Metropolitan Counties,FLORIDA,71077,25,0,3,6,0,0,4
Pasquotank,Nonmetropolitan Counties,NORTH CAROLINA,No Data,25,0,3,6,0,0,-1
Patrick,Nonmetropolitan Counties,VIRGINIA,No Data,27,0,1,6,0,0,-1
Paulding,Metropolitan Counties,GEORGIA,3530,24,3,1,6,0,0,3
Peach,Nonmetropolitan Counties,GEORGIA,No Data,26,1,1,6,0,0,-1
Pembina,Nonmetropolitan Counties,NORTH DAKOTA,No Data,27,0,1,6,0,0,-1
Pemiscot,Nonmetropolitan Counties,MISSOURI,No Data,26,1,1,6,0,1,-1
Pend Oreille,Nonmetropolitan Counties,WASHINGTON,No Data,21,0,7,5,0,1,-1
Pender,Metropolitan Counties,NORTH CAROLINA,No Data,27,0,1,6,0,0,-1
Pendleton,Metropolitan Counties,KENTUCKY,16927,26,0,2,6,0,0,4
Penobscot,Metropolitan Counties,MAINE,No Data,27,0,1,6,0,0,-1
Perquimans,Nonmetropolitan Counties,NORTH CAROLINA,No Data,27,0,1,6,0,0,-1
Perry,Metropolitan Counties,ARKANSAS,4739,25,2,1,6,0,0,3
Perry County Police Department,Nonmetropolitan Counties,Kentucky,No Data,20,0,8,5,0,2,-1
Pershing,Nonmetropolitan Counties,NEVADA,No Data,15,0,13,3,0,3,-1
Person,Metropolitan Counties,NORTH CAROLINA,No Data,26,0,2,6,0,0,-1
Petroleum,Nonmetropolitan Counties,Montana,No Data,2,2,24,0,0,6,-1
Pettis,Nonmetropolitan Counties,MISSOURI,No Data,27,0,1,6,0,0,-1
Phelps,Nonmetropolitan Counties,MISSOURI,No Data,27,0,1,6,0,0,-1
Phillips,Nonmetropolitan Counties,MONTANA,1371,27,0,1,6,0,0,3
Piatt,Metropolitan Counties,ILLINOIS,No Data,27,0,1,6,0,0,-1
Pickaway,Metropolitan Counties,OHIO,No Data,25,0,3,6,0,0,-1
Pickens,Metropolitan Counties,SOUTH CAROLINA,3153,27,0,1,6,0,0,3
Pickett,Nonmetropolitan Counties,TENNESSEE,No Data,27,0,1,6,0,0,-1
Pierce,Metropolitan Counties,WASHINGTON,No Data,27,0,1,6,0,0,-1
Pike,Nonmetropolitan Counties,ALABAMA,No Data,21,6,1,5,1,0,-1
Pima,Metropolitan Counties,ARIZONA,2502,18,7,3,4,1,0,3
Pinal,Metropolitan Counties,ARIZONA,No Data,11,3,14,2,0,3,-1
Pine,Nonmetropolitan Counties,Minnesota,No Data,7,0,21,1,0,5,-1
Pinellas,Metropolitan Counties,FLORIDA,No Data,16,5,7,4,1,1,-1
Pipestone,Nonmetropolitan Counties,Minnesota,No Data,11,4,13,2,1,3,-1
Piscataquis,Nonmetropolitan Counties,MAINE,No Data,27,0,1,6,0,0,-1
Pitkin,Nonmetropolitan Counties,COLORADO,No Data,25,0,3,6,0,0,-1
Pitt,Metropolitan Counties,NORTH CAROLINA,No Data,15,0,13,3,0,3,-1
Pittsylvania,Metropolitan Counties,VIRGINIA,No Data,21,0,7,5,0,1,-1
Pittsylvania ,Nonmetropolitan Counties,Virginia,No Data,4,0,24,1,0,6,-1
Piute,Nonmetropolitan Counties,Utah,No Data,14,1,13,3,0,3,-1
Placer,Metropolitan Counties,CALIFORNIA,No Data,25,0,3,6,0,0,-1
Plaquemines,Metropolitan Counties,LOUISIANA,No Data,23,0,5,5,0,1,-1
Platte,Metropolitan Counties,MISSOURI,No Data,27,0,1,6,0,0,-1
Pleasants,Metropolitan Counties,West Virginia,No Data,21,2,5,5,0,1,-1
Plumas,Nonmetropolitan Counties,CALIFORNIA,No Data,27,0,1,6,0,0,-1
Poinsett,Metropolitan Counties,ARKANSAS,No Data,27,0,1,6,0,0,-1
Pointe Coupee,Metropolitan Counties,Louisiana,No Data,7,0,21,1,0,5,-1
Polk,Metropolitan Counties,FLORIDA,No Data,27,0,1,6,0,0,-1
Polk County Police Department,Nonmetropolitan Counties,GEORGIA,No Data,24,3,1,6,0,0,-1
Pondera,Nonmetropolitan Counties,MONTANA,No Data,27,0,1,6,0,0,-1
Pontotoc,Nonmetropolitan Counties,MISSISSIPPI,No Data,23,0,5,5,0,1,-1
Pope,Nonmetropolitan Counties,ARKANSAS,No Data,23,4,1,5,1,0,-1
Posey,Metropolitan Counties,Indiana,No Data,4,0,24,1,0,6,-1
Pottawatomie,Metropolitan Counties,KANSAS,No Data,27,0,1,6,0,0,-1
Pottawattamie,Metropolitan Counties,IOWA,No Data,27,0,1,6,0,0,-1
Potter,Nonmetropolitan Counties,SOUTH DAKOTA,No Data,27,0,1,6,0,0,-1
Powder River,Nonmetropolitan Counties,Montana,No Data,7,0,21,1,0,5,-1
Power,Metropolitan Counties,IDAHO,No Data,27,0,1,6,0,0,-1
Poweshiek,Nonmetropolitan Counties,IOWA,No Data,21,2,5,5,0,1,-1
Powhatan,Metropolitan Counties,VIRGINIA,No Data,24,0,4,6,0,1,-1
Prairie,Nonmetropolitan Counties,ARKANSAS,No Data,27,0,1,6,0,0,-1
Preble,Metropolitan Counties,OHIO,No Data,25,0,3,6,0,0,-1
Prentiss,Nonmetropolitan Counties,MISSISSIPPI,No Data,1,3,24,0,0,6,-1
Presque Isle,Nonmetropolitan Counties,MICHIGAN,9050,26,0,2,6,0,0,3
Prince Edward,Nonmetropolitan Counties,VIRGINIA,No Data,26,0,2,6,0,0,-1
Prince George County Police Department,Metropolitan Counties,VIRGINIA,No Data,21,0,7,5,0,1,-1
Prince George's,Metropolitan Counties,MARYLAND,No Data,27,0,1,6,0,0,-1
Prince George's County Police Department,Metropolitan Counties,MARYLAND,No Data,22,0,6,5,0,1,-1
Prince William County Police Department,Metropolitan Counties,VIRGINIA,No Data,25,0,3,6,0,0,-1
Prowers,Nonmetropolitan Counties,COLORADO,No Data,27,0,1,6,0,0,-1
Pulaski,Metropolitan Counties,ARKANSAS,3552,27,0,1,6,0,0,3
Pushmataha,Nonmetropolitan Counties,OKLAHOMA,No Data,23,0,5,5,0,1,-1
Putnam,Nonmetropolitan Counties,OHIO,No Data,27,0,1,6,0,0,-1
Quay,Nonmetropolitan Counties,NEW MEXICO,No Data,9,3,16,2,0,4,-1
Queen Anne's,Metropolitan Counties,MARYLAND,No Data,27,0,1,6,0,0,-1
Rabun,Nonmetropolitan Counties,GEORGIA,No Data,26,1,1,6,0,0,-1
Racine,Metropolitan Counties,WISCONSIN,82059,27,0,1,6,0,0,4
Rains,Nonmetropolitan Counties,TEXAS,No Data,27,0,1,6,0,0,-1
Ralls,Nonmetropolitan Counties,MISSOURI,1890,27,0,1,6,0,0,3
Randall,Metropolitan Counties,TEXAS,No Data,25,0,3,6,0,0,-1
Randolph,Nonmetropolitan Counties,ALABAMA,No Data,27,0,1,6,0,0,-1
Ransom,Nonmetropolitan Counties,NORTH DAKOTA,No Data,27,0,1,6,0,0,-1
Rapides,Metropolitan Counties,LOUISIANA,No Data,23,0,5,5,0,1,-1
Rappahannock,Nonmetropolitan Counties,VIRGINIA,No Data,27,0,1,6,0,0,-1
Ravalli,Nonmetropolitan Counties,MONTANA,No Data,23,0,5,5,0,1,-1
Rawlins,Nonmetropolitan Counties,KANSAS,9004,27,0,1,6,0,0,3
Ray,Metropolitan Counties,MISSOURI,761,27,0,1,6,0,0,2
Reagan,Nonmetropolitan Counties,TEXAS,No Data,27,0,1,6,0,0,-1
Real,Nonmetropolitan Counties,TEXAS,No Data,27,0,1,6,0,0,-1
Red River,Nonmetropolitan Counties,TEXAS,No Data,27,0,1,6,0,0,-1
Red Willow,Nonmetropolitan Counties,NEBRASKA,No Data,23,0,5,5,0,1,-1
Redwood,Nonmetropolitan Counties,MINNESOTA,No Data,23,4,1,5,1,0,-1
Reeves,Nonmetropolitan Counties,TEXAS,No Data,27,0,1,6,0,0,-1
Reno,Nonmetropolitan Counties,KANSAS,3302,26,0,2,6,0,0,3
Rensselaer,Metropolitan Counties,NEW YORK,No Data,26,0,2,6,0,0,-1
Renville,Nonmetropolitan Counties,NORTH DAKOTA,No Data,27,0,1,6,0,0,-1
Republic,Nonmetropolitan Counties,KANSAS,16219,27,0,1,6,0,0,4
Rhea,Nonmetropolitan Counties,TENNESSEE,No Data,26,0,2,6,0,0,-1
Rice,Nonmetropolitan Counties,KANSAS,No Data,27,0,1,6,0,0,-1
Rich,Nonmetropolitan Counties,UTAH,No Data,24,3,1,6,0,0,-1
Richardson,Nonmetropolitan Counties,NEBRASKA,113216,26,0,2,6,0,0,5
Richland,Metropolitan Counties,SOUTH CAROLINA,No Data,27,0,1,6,0,0,-1
Riley County Police Department,Metropolitan Counties,KANSAS,No Data,19,0,9,4,0,2,-1
Rio Arriba,Nonmetropolitan Counties,NEW MEXICO,No Data,5,3,20,1,0,5,-1
Rio Blanco,Nonmetropolitan Counties,COLORADO,No Data,27,0,1,6,0,0,-1
Rio Grande,Nonmetropolitan Counties,COLORADO,839,27,0,1,6,0,0,2
Ripley,Nonmetropolitan Counties,MISSOURI,3255,27,0,1,6,0,0,3
Ritchie,Nonmetropolitan Counties,WEST VIRGINIA,No Data,27,0,1,6,0,0,-1
Roane,Nonmetropolitan Counties,TENNESSEE,No Data,27,0,1,6,0,0,-1
Roanoke County Police Department,Metropolitan Counties,VIRGINIA,No Data,22,0,6,5,0,1,-1
Roberts,Nonmetropolitan Counties,SOUTH DAKOTA,No Data,27,0,1,6,0,0,-1
Robertson,Metropolitan Counties,TENNESSEE,No Data,27,0,1,6,0,0,-1
Robeson,Nonmetropolitan Counties,NORTH CAROLINA,No Data,27,0,1,6,0,0,-1
Rock,Nonmetropolitan Counties,MINNESOTA,No Data,27,0,1,6,0,0,-1
Rockbridge,Nonmetropolitan Counties,VIRGINIA,No Data,26,0,2,6,0,0,-1
Rockcastle,Nonmetropolitan Counties,KENTUCKY,No Data,27,0,1,6,0,0,-1
Rockdale,Metropolitan Counties,GEORGIA,5619,27,0,1,6,0,0,3
Rockingham,Metropolitan Counties,VIRGINIA,No Data,27,0,1,6,0,0,-1
Roger Mills,Nonmetropolitan Counties,OKLAHOMA,No Data,26,0,2,6,0,0,-1
Rolette,Nonmetropolitan Counties,NORTH DAKOTA,No Data,26,0,2,6,0,0,-1
Rooks,Nonmetropolitan Counties,KANSAS,No Data,27,0,1,6,0,0,-1
Roosevelt,Nonmetropolitan Counties,MONTANA,6189,27,0,1,6,0,0,3
Roscommon,Nonmetropolitan Counties,MICHIGAN,No Data,27,0,1,6,0,0,-1
Ross,Nonmetropolitan Counties,OHIO,2492,27,0,1,6,0,0,3
Routt,Nonmetropolitan Counties,COLORADO,No Data,27,0,1,6,0,0,-1
Rowan,Nonmetropolitan Counties,KENTUCKY,No Data,27,0,1,6,0,0,-1
Runnels,Nonmetropolitan Counties,TEXAS,No Data,27,0,1,6,0,0,-1
Rush,Nonmetropolitan Counties,INDIANA,No Data,26,0,2,6,0,0,-1
Rutherford,Nonmetropolitan Counties,NORTH CAROLINA,1101,27,0,1,6,0,0,3
Sabine,Nonmetropolitan Counties,LOUISIANA,No Data,27,0,1,6,0,0,-1
Sac,Nonmetropolitan Counties,IOWA,No Data,26,1,1,6,0,0,-1
Sagadahoc,Metropolitan Counties,MAINE,No Data,19,0,9,4,0,2,-1
Saguache,Nonmetropolitan Counties,COLORADO,No Data,27,0,1,6,0,0,-1
Saline,Nonmetropolitan Counties,ILLINOIS,No Data,27,0,1,6,0,0,-1
Salt Lake County Unified Police Department,Metropolitan Counties,UTAH,No Data,15,0,13,3,0,3,-1
Sampson,Nonmetropolitan Counties,NORTH CAROLINA,No Data,27,0,1,6,0,0,-1
San Benito,Metropolitan Counties,CALIFORNIA,24535,26,1,1,6,0,0,4
San Joaquin,Metropolitan Counties,CALIFORNIA,No Data,24,0,4,6,0,1,-1
San Juan,Metropolitan Counties,NEW MEXICO,35394,27,0,1,6,0,0,4
San Miguel,Nonmetropolitan Counties,COLORADO,No Data,27,0,1,6,0,0,-1
San Patricio,Metropolitan Counties,TEXAS,No Data,27,0,1,6,0,0,-1
Sanborn,Nonmetropolitan Counties,SOUTH DAKOTA,No Data,5,2,21,1,0,5,-1
Sanders,Nonmetropolitan Counties,MONTANA,No Data,27,0,1,6,0,0,-1
Sangamon,Metropolitan Counties,ILLINOIS,No Data,22,0,6,5,0,1,-1
Sanilac,Nonmetropolitan Counties,MICHIGAN,No Data,26,0,2,6,0,0,-1
Sanpete,Nonmetropolitan Counties,Utah,No Data,14,5,9,3,1,2,-1
Santa Clara,Metropolitan Counties,CALIFORNIA,128179,27,0,1,6,0,0,5
Sargent,Nonmetropolitan Counties,NORTH DAKOTA,No Data,26,0,2,6,0,0,-1
Sarpy,Metropolitan Counties,NEBRASKA,No Data,27,0,1,6,0,0,-1
Sauk,Nonmetropolitan Counties,WISCONSIN,No Data,26,0,2,6,0,0,-1
Saunders,Metropolitan Counties,Nebraska,No Data,11,0,17,2,0,4,-1
Schleicher,Nonmetropolitan Counties,TEXAS,No Data,27,0,1,6,0,0,-1
Schley,Nonmetropolitan Counties,GEORGIA,No Data,25,2,1,6,0,0,-1
Schoharie,Metropolitan Counties,NEW YORK,No Data,25,1,2,6,0,0,-1
Schuyler,Nonmetropolitan Counties,ILLINOIS,No Data,26,1,1,6,0,0,-1
Schuylkill,Nonmetropolitan Counties,Pennsylvania,No Data,22,1,5,5,0,1,-1
Scioto,Nonmetropolitan Counties,OHIO,No Data,22,0,6,5,0,1,-1
Scotland,Nonmetropolitan Counties,MISSOURI,816,27,0,1,6,0,0,2
Scott,Nonmetropolitan Counties,ARKANSAS,No Data,27,0,1,6,0,0,-1
Scotts Bluff,Nonmetropolitan Counties,NEBRASKA,No Data,27,0,1,6,0,0,-1
Scurry,Nonmetropolitan Counties,TEXAS,No Data,27,0,1,6,0,0,-1
Sebastian,Metropolitan Counties,ARKANSAS,22889,25,0,3,6,0,0,4
Sedgwick,Metropolitan Counties,KANSAS,1702,27,0,1,6,0,0,3
Sequatchie,Metropolitan Counties,TENNESSEE,No Data,27,0,1,6,0,0,-1
Sequoyah,Metropolitan Counties,OKLAHOMA,No Data,27,0,1,6,0,0,-1
Sevier,Nonmetropolitan Counties,ARKANSAS,No Data,27,0,1,6,0,0,-1
Seward,Nonmetropolitan Counties,KANSAS,473,26,1,1,6,0,2,2
Shackelford,Nonmetropolitan Counties,TEXAS,No Data,27,0,1,6,0,0,-1
Shannon,Nonmetropolitan Counties,MISSOURI,No Data,27,0,1,6,0,0,-1
Sharkey,Nonmetropolitan Counties,MISSISSIPPI,No Data,3,1,24,0,0,6,-1
Shasta,Metropolitan Counties,CALIFORNIA,No Data,20,0,8,5,0,2,-1
Shelby,Metropolitan Counties,KENTUCKY,No Data,27,0,1,6,0,0,-1
Sherburne,Metropolitan Counties,Minnesota,No Data,20,3,5,5,0,1,-1
Shiawassee,Nonmetropolitan Counties,MICHIGAN,No Data,27,0,1,6,0,0,-1
Shoshone,Nonmetropolitan Counties,IDAHO,1488,26,0,2,6,0,0,3
Sierra,Nonmetropolitan Counties,CALIFORNIA,No Data,27,0,1,6,0,0,-1
Silver Bow,Nonmetropolitan Counties,MONTANA,No Data,24,0,4,6,0,1,-1
Simpson,Nonmetropolitan Counties,KENTUCKY,No Data,24,2,2,6,0,5,-1
Sioux,Nonmetropolitan Counties,IOWA,No Data,26,1,1,6,0,0,-1
Siskiyou,Nonmetropolitan Counties,CALIFORNIA,No Data,27,0,1,6,0,0,-1
Skagit,Metropolitan Counties,WASHINGTON,No Data,21,0,7,5,0,1,-1
Skamania,Metropolitan Counties,WASHINGTON,No Data,26,0,2,6,0,0,-1
Slope,Nonmetropolitan Counties,NORTH DAKOTA,No Data,26,0,2,6,0,0,-1
Smith,Nonmetropolitan Counties,KANSAS,No Data,26,1,1,6,0,2,-1
Smyth,Nonmetropolitan Counties,VIRGINIA,No Data,27,0,1,6,0,0,-1
Solano,Metropolitan Counties,CALIFORNIA,No Data,25,0,3,6,0,0,-1
Somervell,Nonmetropolitan Counties,TEXAS,No Data,27,0,1,6,0,0,-1
Spalding,Metropolitan Counties,GEORGIA,No Data,26,1,1,6,0,0,-1
Spink,Nonmetropolitan Counties,SOUTH DAKOTA,No Data,27,0,1,6,0,0,-1
Spotsylvania,Metropolitan Counties,VIRGINIA,No Data,18,0,10,4,0,2,-1
St. Bernard,Metropolitan Counties,LOUISIANA,4371,18,9,1,4,2,0,3
St. Charles County Police Department,Metropolitan Counties,Missouri,No Data,7,0,21,1,0,5,-1
St. Croix,Metropolitan Counties,WISCONSIN,No Data,27,0,1,6,0,0,-1
St. Francis,Nonmetropolitan Counties,ARKANSAS,9580,27,0,1,6,0,0,3
St. Francois,Nonmetropolitan Counties,MISSOURI,No Data,27,0,1,6,0,0,-1
St. James,Nonmetropolitan Counties,LOUISIANA,4130,26,1,1,6,0,5,3
St. John The Baptist,Metropolitan Counties,LOUISIANA,No Data,4,0,24,1,0,6,-1
St. John the Baptist,Metropolitan Counties,Louisiana,No Data,5,0,23,1,0,5,-1
St. Johns,Metropolitan Counties,FLORIDA,7916,27,0,1,6,0,0,3
St. Joseph,Nonmetropolitan Counties,MICHIGAN,791,27,0,1,6,0,0,2
St. Landry,Nonmetropolitan Counties,LOUISIANA,No Data,14,6,8,3,1,2,-1
St. Lawrence,Nonmetropolitan Counties,NEW YORK,No Data,21,1,6,5,0,1,-1
St. Louis County Police Department,Metropolitan Counties,MISSOURI,No Data,9,0,19,2,0,4,-1
St. Lucie,Metropolitan Counties,FLORIDA,No Data,20,2,6,5,0,1,-1
St. Martin,Metropolitan Counties,LOUISIANA,No Data,9,10,9,2,2,1,-1
St. Mary's,Nonmetropolitan Counties,MARYLAND,No Data,19,0,9,4,0,2,-1
St. Mary's ,Metropolitan Counties,Maryland,No Data,8,0,20,2,0,5,-1
St. Tammany,Metropolitan Counties,LOUISIANA,No Data,22,4,2,5,1,0,-1
Stanislaus,Metropolitan Counties,CALIFORNIA,No Data,21,0,7,5,0,1,-1
Stanly,Nonmetropolitan Counties,NORTH CAROLINA,No Data,27,0,1,6,0,0,-1
Stark,Metropolitan Counties,OHIO,No Data,27,0,1,6,0,0,-1
Starr,Nonmetropolitan Counties,TEXAS,No Data,27,0,1,6,0,0,-1
Ste. Genevieve,Nonmetropolitan Counties,MISSOURI,4316,27,0,1,6,0,0,3
Stearns,Metropolitan Counties,MINNESOTA,No Data,20,7,1,5,1,0,-1
Stephens,Nonmetropolitan Counties,GEORGIA,No Data,27,0,1,6,0,0,-1
Stephenson,Nonmetropolitan Counties,ILLINOIS,No Data,27,0,1,6,0,0,-1
Steuben,Nonmetropolitan Counties,INDIANA,No Data,26,1,1,6,0,5,-1
Stevens,Nonmetropolitan Counties,WASHINGTON,No Data,24,3,1,6,0,0,-1
Stewart,Metropolitan Counties,TENNESSEE,No Data,27,0,1,6,0,0,-1
Stillwater,Nonmetropolitan Counties,MONTANA,49637,27,0,1,6,0,0,4
Stoddard,Nonmetropolitan Counties,MISSOURI,No Data,27,0,1,6,0,0,-1
Stokes,Metropolitan Counties,NORTH CAROLINA,No Data,27,0,1,6,0,0,-1
Stone,Nonmetropolitan Counties,ARKANSAS,No Data,27,0,1,6,0,0,-1
Storey,Metropolitan Counties,NEVADA,No Data,14,1,13,3,0,3,-1
Story,Metropolitan Counties,IOWA,No Data,27,0,1,6,0,0,-1
Stutsman,Nonmetropolitan Counties,NORTH DAKOTA,No Data,27,0,1,6,0,0,-1
Sublette,Nonmetropolitan Counties,WYOMING,No Data,26,0,2,6,0,0,-1
Suffolk County Police Department,Metropolitan Counties,NEW YORK,No Data,0,0,28,0,0,7,-1
Sullivan,Nonmetropolitan Counties,NEW YORK,No Data,26,1,1,6,0,6,-1
Sully,Nonmetropolitan Counties,SOUTH DAKOTA,No Data,27,0,1,6,0,0,-1
Summers,Nonmetropolitan Counties,WEST VIRGINIA,No Data,22,5,1,5,1,0,-1
Summit,Nonmetropolitan Counties,COLORADO,4828,27,0,1,6,0,0,3
Sumner,Metropolitan Counties,TENNESSEE,9753,27,0,1,6,0,0,3
Sunflower,Nonmetropolitan Counties,MISSISSIPPI,No Data,5,3,20,1,0,5,-1
Surry,Nonmetropolitan Counties,NORTH CAROLINA,No Data,27,0,1,6,0,0,-1
Sussex,Metropolitan Counties,VIRGINIA,No Data,26,0,2,6,0,0,-1
Sutter,Metropolitan Counties,CALIFORNIA,No Data,26,0,2,6,0,0,-1
Suwannee,Nonmetropolitan Counties,FLORIDA,No Data,20,0,8,5,0,2,-1
Swain,Nonmetropolitan Counties,NORTH CAROLINA,No Data,26,0,2,6,0,0,-1
Sweet Grass,Nonmetropolitan Counties,MONTANA,No Data,23,0,5,5,0,1,-1
Swift,Nonmetropolitan Counties,MINNESOTA,No Data,21,6,1,5,1,0,-1
Swisher,Nonmetropolitan Counties,TEXAS,No Data,27,0,1,6,0,0,-1
Switzerland,Nonmetropolitan Counties,Indiana,No Data,4,0,24,1,0,6,-1
Talbot,Nonmetropolitan Counties,GEORGIA,No Data,27,0,1,6,0,0,-1
Taliaferro,Nonmetropolitan Counties,GEORGIA,No Data,18,9,1,4,2,0,-1
Tallapoosa,Nonmetropolitan Counties,ALABAMA,3170,20,3,5,5,0,1,3
Tama,Nonmetropolitan Counties,IOWA,No Data,27,0,1,6,0,0,-1
Taney,Nonmetropolitan Counties,MISSOURI,No Data,26,0,2,6,0,0,-1
Tangipahoa,Metropolitan Counties,Louisiana,No Data,4,3,21,1,0,5,-1
Tattnall,Nonmetropolitan Counties,GEORGIA,No Data,21,6,1,5,1,0,-1
Tehama,Nonmetropolitan Counties,CALIFORNIA,No Data,27,0,1,6,0,0,-1
Telfair,Nonmetropolitan Counties,GEORGIA,No Data,9,3,16,2,0,4,-1
Teller,Metropolitan Counties,COLORADO,No Data,25,0,3,6,0,0,-1
Tensas,Nonmetropolitan Counties,LOUISIANA,No Data,20,3,5,5,0,1,-1
Terrebonne,Metropolitan Counties,Louisiana,No Data,11,12,5,2,3,1,-1
Terry,Nonmetropolitan Counties,TEXAS,No Data,27,0,1,6,0,0,-1
Teton,Nonmetropolitan Counties,IDAHO,No Data,23,4,1,5,1,0,-1
Texas,Nonmetropolitan Counties,MISSOURI,No Data,27,0,1,6,0,0,-1
Thomas,Nonmetropolitan Counties,GEORGIA,No Data,27,0,1,6,0,0,-1
Throckmorton,Nonmetropolitan Counties,TEXAS,No Data,27,0,1,6,0,0,-1
Thurston,Metropolitan Counties,WASHINGTON,No Data,17,0,11,4,0,2,-1
Tift,Nonmetropolitan Counties,GEORGIA,No Data,24,3,1,6,0,0,-1
Tillamook,Nonmetropolitan Counties,OREGON,4333,27,0,1,6,0,0,3
Tillman,Nonmetropolitan Counties,OKLAHOMA,No Data,25,0,3,6,0,0,-1
Tioga,Metropolitan Counties,NEW YORK,874,27,0,1,6,0,0,2
Tippah,Nonmetropolitan Counties,MISSISSIPPI,No Data,17,3,8,4,0,2,-1
Tippecanoe,Metropolitan Counties,INDIANA,No Data,11,5,12,2,1,3,-1
Titus,Nonmetropolitan Counties,TEXAS,No Data,27,0,1,6,0,0,-1
Todd,Nonmetropolitan Counties,KENTUCKY,No Data,26,1,1,6,0,0,-1
Tom Green,Metropolitan Counties,TEXAS,No Data,27,0,1,6,0,0,-1
Tompkins,Metropolitan Counties,NEW YORK,No Data,23,0,5,5,0,1,-1
Toole,Nonmetropolitan Counties,MONTANA,No Data,27,0,1,6,0,0,-1
Toombs,Nonmetropolitan Counties,GEORGIA,No Data,16,4,8,4,1,2,-1
Towner,Nonmetropolitan Counties,NORTH DAKOTA,No Data,26,1,1,6,0,0,-1
Towns,Nonmetropolitan Counties,GEORGIA,No Data,4,0,24,1,0,6,-1
Traill,Nonmetropolitan Counties,NORTH DAKOTA,No Data,27,0,1,6,0,0,-1
Transylvania,Nonmetropolitan Counties,NORTH CAROLINA,No Data,25,0,3,6,0,0,-1
Traverse,Nonmetropolitan Counties,Minnesota,No Data,14,1,13,3,0,3,-1
Travis,Metropolitan Counties,TEXAS,No Data,15,2,11,3,0,2,-1
Treasure,Nonmetropolitan Counties,Montana,No Data,7,0,21,1,0,5,-1
Trego,Nonmetropolitan Counties,KANSAS,No Data,24,3,1,6,0,0,-1
Treutlen,Nonmetropolitan Counties,GEORGIA,No Data,26,1,1,6,0,0,-1
Trigg,Metropolitan Counties,KENTUCKY,No Data,26,0,2,6,0,0,-1
Trimble,Metropolitan Counties,KENTUCKY,620,27,0,1,6,0,0,2
Troup,Nonmetropolitan Counties,GEORGIA,1986,25,2,1,6,0,0,3
Tucker,Nonmetropolitan Counties,West Virginia,No Data,7,3,18,1,0,4,-1
Tunica,Metropolitan Counties,MISSISSIPPI,No Data,10,6,12,2,1,3,-1
Tuolumne,Nonmetropolitan Counties,CALIFORNIA,No Data,22,0,6,5,0,1,-1
Turner,Nonmetropolitan Counties,GEORGIA,No Data,27,0,1,6,0,0,-1
Tuscaloosa,Metropolitan Counties,ALABAMA,99925,14,1,13,3,0,3,4
Tuscarawas,Nonmetropolitan Counties,OHIO,No Data,26,1,1,6,0,3,-1
Tuscola,Nonmetropolitan Counties,MICHIGAN,4437,26,1,1,6,0,0,3
Twiggs,Metropolitan Counties,GEORGIA,No Data,26,1,1,6,0,0,-1
Tyrrell,Nonmetropolitan Counties,NORTH CAROLINA,No Data,27,0,1,6,0,0,-1
Uinta,Nonmetropolitan Counties,WYOMING,No Data,27,0,1,6,0,0,-1
Uintah,Nonmetropolitan Counties,UTAH,No Data,22,0,6,5,0,1,-1
Ulster,Metropolitan Counties,NEW YORK,No Data,24,2,2,6,0,1,-1
Umatilla,Nonmetropolitan Counties,OREGON,7026,25,2,1,6,0,0,3
Unicoi,Metropolitan Counties,TENNESSEE,No Data,27,0,1,6,0,0,-1
Union,Nonmetropolitan Counties,OREGON,No Data,27,0,1,6,0,0,-1
Upshur,Metropolitan Counties,TEXAS,No Data,27,0,1,6,0,0,-1
Upson,Nonmetropolitan Counties,GEORGIA,No Data,25,2,1,6,0,0,-1
Utah,Metropolitan Counties,UTAH,No Data,24,0,4,6,0,1,-1
Val Verde,Nonmetropolitan Counties,TEXAS,No Data,27,0,1,6,0,0,-1
Van Buren,Metropolitan Counties,MICHIGAN,839,26,1,1,6,0,0,2
Van Zandt,Nonmetropolitan Counties,TEXAS,No Data,27,0,1,6,0,0,-1
Vanderburgh,Metropolitan Counties,Indiana,No Data,4,0,24,1,0,6,-1
Vermilion,Metropolitan Counties,ILLINOIS,10404,26,1,1,6,0,0,4
Vermillion,Metropolitan Counties,INDIANA,10774,25,0,3,6,0,0,4
Vigo,Metropolitan Counties,Indiana,No Data,4,0,24,1,0,6,-1
Vilas,Nonmetropolitan Counties,WISCONSIN,No Data,26,0,2,6,0,0,-1
Volusia,Metropolitan Counties,FLORIDA,No Data,12,1,15,3,0,3,-1
Wabash,Nonmetropolitan Counties,ILLINOIS,10677,19,8,1,4,2,0,4
Wabaunsee,Metropolitan Counties,KANSAS,No Data,26,0,2,6,0,0,-1
Wadena,Nonmetropolitan Counties,Minnesota,No Data,16,7,5,4,1,1,-1
Wahkiakum,Nonmetropolitan Counties,WASHINGTON,No Data,27,0,1,6,0,0,-1
Wake,Metropolitan Counties,NORTH CAROLINA,No Data,27,0,1,6,0,0,-1
Wakulla,Metropolitan Counties,FLORIDA,No Data,19,0,9,4,0,2,-1
Walker,Metropolitan Counties,GEORGIA,No Data,27,0,1,6,0,0,-1
Wallace,Nonmetropolitan Counties,KANSAS,3979,27,0,1,6,0,0,3
Wallowa,Nonmetropolitan Counties,OREGON,No Data,4,0,24,1,0,6,-1
Walthall,Nonmetropolitan Counties,Mississippi,No Data,1,3,24,0,0,6,-1
Walton,Nonmetropolitan Counties,FLORIDA,240,16,11,1,4,2,0,2
Walworth,Nonmetropolitan Counties,SOUTH DAKOTA,No Data,27,0,1,6,0,0,-1
Wapello,Nonmetropolitan Counties,IOWA,No Data,27,0,1,6,0,0,-1
Ware,Nonmetropolitan Counties,GEORGIA,9891,27,0,1,6,0,0,3
Warren,Metropolitan Counties,KENTUCKY,No Data,27,0,1,6,0,0,-1
Warrick,Metropolitan Counties,INDIANA,No Data,22,2,4,5,0,1,-1
Wasatch,Nonmetropolitan Counties,UTAH,No Data,27,0,1,6,0,0,-1
Wasco,Nonmetropolitan Counties,OREGON,No Data,13,1,14,3,0,3,-1
Washakie,Nonmetropolitan Counties,WYOMING,No Data,27,0,1,6,0,0,-1
Washita,Nonmetropolitan Counties,OKLAHOMA,No Data,27,0,1,6,0,0,-1
Washoe,Metropolitan Counties,NEVADA,No Data,14,1,13,3,0,3,-1
Washtenaw,Metropolitan Counties,MICHIGAN,No Data,8,0,20,2,0,5,-1
Watauga,Nonmetropolitan Counties,NORTH CAROLINA,24725,27,0,1,6,0,0,4
Watonwan,Nonmetropolitan Counties,Minnesota,No Data,14,1,13,3,0,3,-1
Waushara,Nonmetropolitan Counties,WISCONSIN,No Data,27,0,1,6,0,0,-1
Weakley,Nonmetropolitan Counties,TENNESSEE,No Data,27,0,1,6,0,0,-1
Weber,Metropolitan Counties,UTAH,No Data,27,0,1,6,0,0,-1
Weld,Metropolitan Counties,COLORADO,No Data,23,0,5,5,0,1,-1
Wells,Metropolitan Counties,INDIANA,No Data,27,0,1,6,0,0,-1
West Baton Rouge,Metropolitan Counties,LOUISIANA,No Data,23,4,1,5,1,0,-1
West Carroll,Nonmetropolitan Counties,Louisiana,No Data,4,0,24,1,0,6,-1
West Feliciana,Metropolitan Counties,LOUISIANA,No Data,23,0,5,5,0,1,-1
Westchester Public Safety,Metropolitan Counties,NEW YORK,No Data,22,0,6,5,0,1,-1
Wetzel,Nonmetropolitan Counties,WEST VIRGINIA,No Data,27,0,1,6,0,0,-1
Wexford,Nonmetropolitan Counties,MICHIGAN,No Data,26,0,2,6,0,0,-1
Whatcom,Metropolitan Counties,WASHINGTON,No Data,17,1,10,4,0,2,-1
Wheeler,Nonmetropolitan Counties,GEORGIA,No Data,27,0,1,6,0,0,-1
White,Nonmetropolitan Counties,ARKANSAS,No Data,27,0,1,6,0,0,-1
White Pine,Nonmetropolitan Counties,NEVADA,2250,27,0,1,6,0,0,3
Whiteside,Nonmetropolitan Counties,ILLINOIS,No Data,27,0,1,6,0,0,-1
Whitfield,Metropolitan Counties,GEORGIA,No Data,20,7,1,5,1,0,-1
Whitley,Nonmetropolitan Counties,Kentucky,No Data,23,0,5,5,0,1,-1
Wibaux,Nonmetropolitan Counties,MONTANA,No Data,27,0,1,6,0,0,-1
Wicomico,Metropolitan Counties,MARYLAND,No Data,25,0,3,6,0,0,-1
Wilbarger,Nonmetropolitan Counties,TEXAS,No Data,27,0,1,6,0,0,-1
Wilcox,Nonmetropolitan Counties,ALABAMA,No Data,19,4,5,4,1,1,-1
Wilkes,Nonmetropolitan Counties,GEORGIA,No Data,27,0,1,6,0,0,-1
Wilkin,Nonmetropolitan Counties,MINNESOTA,No Data,16,3,9,4,0,2,-1
Wilkinson,Nonmetropolitan Counties,GEORGIA,No Data,25,2,1,6,0,0,-1
Will,Metropolitan Counties,ILLINOIS,No Data,19,3,6,4,0,1,-1
Willacy,Nonmetropolitan Counties,TEXAS,No Data,27,0,1,6,0,0,-1
Williamson,Nonmetropolitan Counties,ILLINOIS,2968,27,0,1,6,0,0,3
Winkler,Nonmetropolitan Counties,TEXAS,No Data,27,0,1,6,0,0,-1
Winneshiek,Nonmetropolitan Counties,IOWA,No Data,27,0,1,6,0,0,-1
Winston,Nonmetropolitan Counties,ALABAMA,5396,23,4,1,5,1,0,3
Wirt,Metropolitan Counties,WEST VIRGINIA,No Data,26,1,1,6,0,0,-1
Wise,Metropolitan Counties,TEXAS,No Data,27,0,1,6,0,0,-1
Wolfe,Nonmetropolitan Counties,KENTUCKY,No Data,23,2,3,5,0,0,-1
Wood,Metropolitan Counties,OHIO,No Data,27,0,1,6,0,0,-1
Woodford,Metropolitan Counties,ILLINOIS,No Data,27,0,1,6,0,0,-1
Woods,Nonmetropolitan Counties,OKLAHOMA,No Data,27,0,1,6,0,0,-1
Woodson,Nonmetropolitan Counties,KANSAS,No Data,26,0,2,6,0,0,-1
Worth,Metropolitan Counties,GEORGIA,No Data,27,0,1,6,0,0,-1
Wright,Nonmetropolitan Counties,IOWA,No Data,27,0,1,6,0,0,-1
Wyandot,Nonmetropolitan Counties,OHIO,No Data,26,1,1,6,0,1,-1
Wyandotte,Metropolitan Counties,KANSAS,333,23,3,2,5,0,0,2
Wythe,Nonmetropolitan Counties,VIRGINIA,No Data,27,0,1,6,0,0,-1
Yadkin,Metropolitan Counties,NORTH CAROLINA,No Data,26,0,2,6,0,0,-1
Yamhill,Metropolitan Counties,OREGON,1027,27,0,1,6,0,0,3
Yancey,Nonmetropolitan Counties,NORTH CAROLINA,No Data,27,0,1,6,0,0,-1
Yates,Nonmetropolitan Counties,NEW YORK,No Data,25,2,1,6,0,0,-1
Yavapai,Metropolitan Counties,ARIZONA,No Data,21,2,5,5,0,1,-1
Yell,Nonmetropolitan Counties,ARKANSAS,No Data,27,0,1,6,0,0,-1
Yellow Medicine,Nonmetropolitan Counties,Minnesota,No Data,18,5,5,4,1,0,-1
Yellowstone,Metropolitan Counties,MONTANA,No Data,22,0,6,5,0,1,-1
Yolo,Metropolitan Counties,CALIFORNIA,No Data,26,0,2,6,0,0,-1
Young,Nonmetropolitan Counties,TEXAS,No Data,23,3,2,5,0,0,-1
Yuba,Metropolitan Counties,CALIFORNIA,No Data,21,0,7,5,0,1,-1
Zapata,Nonmetropolitan Counties,TEXAS,No Data,27,0,1,6,0,0,-1
Zavala,Nonmetropolitan Counties,TEXAS,No Data,18,2,8,4,0,2,-1
Ziebach,Nonmetropolitan Counties,SOUTH DAKOTA,No Data,27,0,1,6,0,0,-1